Track,Album,Album Disc Number,Album Label,Album Track Number,Dates,District/Neighborhood,Holiday/Special Event,Land,Loop,Loop Notes,Loop Total Length,Loop Track Length,Track Artist,Track No.,Track Notes
"California, Here I Come",The Best Of The Decca Years [1992],,,,,,,Sunshine Plaza,Sunshine Plaza [REF],,,00:02:25.523 ,Al Jolson,2,
California Sun,Forrest Gump (The Soundtrack) [1994],,,,,,,Sunshine Plaza,Sunshine Plaza [REF],,,00:02:21.290 ,The Rivieras,3,Same origin album was used in Pop Century (WDW)
California Dreamin’,The Best Of The Mamas & The Papas (20th Century Masters) [1999],,,,,,,Sunshine Plaza,Sunshine Plaza [REF],"This loop played in Sunshine Plaza from opening day (Feb 8, 2001) until its closure on August 29, 2011. The loop played in stereophonic sound, with one channel playing from the inner ring of speakers around the central hub, and the other channel playing from the outer ring of speakers across the parade route. It is rumored to have played in the Magic Key holder exclusive Magic Key Terrace at DCA (see https://mousebits.com/smf/index.php?topic=10744.msg98404#msg98404 (2022)). This tracklist has been verified by SSrustworthy against a reference recording by pixelated. Originally posted 03/2002 by Progressland on Magic Music, see https://community.magicmusic.net/threads/disneyland-music-loops.17/post-168 (2002). Also see http://web.archive.org/web/20041129022754/http://disneymusicloops.tripod.com/dlr/dlr-sp-sp.html and https://mousebits.com/smf/index.php?topic=4204.msg29209#msg29209 (2024).",~00:45:38.946,00:02:35.667 ,The Mamas and The Papas,1,
The Little Old Lady (From Pasadena),The Best Of Jan And Dean [1990],,,,,,,Sunshine Plaza,Sunshine Plaza [REF],,,00:02:34.688 ,Jan & Dean,5,Same origin album was used with Pizza Oom Mow Mow
San Francisco (Be Sure to Wear Flowers in Your Hair),Forrest Gump (The Soundtrack) [1994],,,,,,,Sunshine Plaza,Sunshine Plaza [REF],,,00:02:50.863 ,Scott McKenzie,8,Early fade out
Avalon,Unforgettable: With Love [1991],,,,,,,Sunshine Plaza,Sunshine Plaza [REF],,,00:01:49.759 ,Natalie Cole,4,
Surf City,,,,,,,,Sunshine Plaza,Sunshine Plaza [REF],,,00:02:25.332 ,Jan & Dean,7,
San Fernando Valley,,,,,,,,Sunshine Plaza,Sunshine Plaza [REF],,,00:03:10.680 ,Bing Crosby,6,Fade in; slight overlap with previous track
Surfin' USA,Endless Summer,,,,,,,Sunshine Plaza,Sunshine Plaza [REF],,,00:02:22.811 ,The Beach Boys,15,Early fade out
California Girls,Endless Summer,,,,,,,Sunshine Plaza,Sunshine Plaza [REF],,,00:02:30.292 ,The Beach Boys,12,Early fade out; Same origin album was used with Pizza Oom Mow Mow
Route 66,Unforgettable: With Love [1991],,,,,,,Sunshine Plaza,Sunshine Plaza [REF],,,00:02:54.714 ,Natalie Cole,10,
San Francisco Bay Blues,A Song Will Rise,,,,,,,Sunshine Plaza,Sunshine Plaza [REF],,,00:02:56.224 ,"Peter, Paul and Mary",16,
I Love L.A.,Guilty: 30 Years Of Randy Newman [1998],,,,,,,Sunshine Plaza,Sunshine Plaza [REF],,,00:02:59.078 ,Randy Newman,13,
Do You Know the Way to San Jose,AM Gold 1968 [1994],,,,,,,Sunshine Plaza,Sunshine Plaza [REF],,,00:02:49.102 ,Dionne Warwick,11,
"Great Movie Ride, 'Hooray for Hollywood’",Walt Disney World Forever,,,,,,,Sunshine Plaza,Sunshine Plaza [REF],,,00:01:30.871 ,,9,Edited to start at “Hooray for Hollywood” vocals
Hollywood Nights,Greatest Hits [1994],,,,,,,Sunshine Plaza,Sunshine Plaza [REF],,,00:04:52.912 ,Bob Seger & The Silver Bullet Band,14,
26 Miles (Santa Catalina),The Capitol Collector's Series [1989],,,,,,,Sunshine Plaza,Sunshine Plaza [REF],,,00:02:29.128 ,The Four Preps,17,
Part of Your World,The Little Mermaid,,,,"February 8, 2001 → January 1, 2011",,,Hollywood Pictures Backlot,Animation Building Lobby v.1,"This loop played alongside Disney animated film clips and drawings in the Animation Building lobby. The first iteration debuted with park opening and updated in 2011. These songs are not played in their entirety; they are short, edited clips, maybe a minute or so long. See Magic Music, https://community.magicmusic.net/threads/dca-animation-building.2416/. Also see MouseBits, https://mousebits.com/smf/index.php?topic=8876.msg84834#msg84834.",~00:30:00,,,1,
Battle with the Forces of Evil,Sleeping Beauty,,,,"February 8, 2001 → January 1, 2011",,,Hollywood Pictures Backlot,Animation Building Lobby v.1,,,,,20,
Suite from Mulan,Mulan,,,,"February 8, 2001 → January 1, 2011",,,Hollywood Pictures Backlot,Animation Building Lobby v.1,,,,,11,
A Dream is a Wish Your Heart Makes,Cinderella,,,,"February 8, 2001 → January 1, 2011",,,Hollywood Pictures Backlot,Animation Building Lobby v.1,,,,,10,
A Bug’s Life Suite,A Bug's Life,,,,"February 8, 2001 → January 1, 2011",,,Hollywood Pictures Backlot,Animation Building Lobby v.1,,,,,14,
A Whole New World,Aladdin,,,,"February 8, 2001 → January 1, 2011",,,Hollywood Pictures Backlot,Animation Building Lobby v.1,,,,,24,
The Sorcerer's Apprentice,Fantasia 2000,,,,"February 8, 2001 → January 1, 2011",,,Hollywood Pictures Backlot,Animation Building Lobby v.1,,,,,3,
Go the Distance (Reprise),Hercules,,,,"February 8, 2001 → January 1, 2011",,,Hollywood Pictures Backlot,Animation Building Lobby v.1,,,,,12,
This Land/King of Pride Rock Medley,The Lion King,,,,"February 8, 2001 → January 1, 2011",,,Hollywood Pictures Backlot,Animation Building Lobby v.1,,,,,21,Not same as OST
Second Star to the Right,Peter Pan,,,,"February 8, 2001 → January 1, 2011",,,Hollywood Pictures Backlot,Animation Building Lobby v.1,,,,,25,
The Bells of Notre Dame (Reprise),The Hunchback Of Notre Dame,,,,"February 8, 2001 → January 1, 2011",,,Hollywood Pictures Backlot,Animation Building Lobby v.1,,,,,15,Missing part of the vocals
Little April Shower,Bambi,,,,"February 8, 2001 → January 1, 2011",,,Hollywood Pictures Backlot,Animation Building Lobby v.1,,,,,4,
Belle,Beauty and the Beast,,,,"February 8, 2001 → January 1, 2011",,,Hollywood Pictures Backlot,Animation Building Lobby v.1,,,,,2,
Once Upon a Dream,Sleeping Beauty,,,,"February 8, 2001 → January 1, 2011",,,Hollywood Pictures Backlot,Animation Building Lobby v.1,,,,,23,
Colors of the Wind,Pocahontas,,,,"February 8, 2001 → January 1, 2011",,,Hollywood Pictures Backlot,Animation Building Lobby v.1,,,,,22,
Perfect World,The Emperor's New Groove,,,,"February 8, 2001 → January 1, 2011",,,Hollywood Pictures Backlot,Animation Building Lobby v.1,,,,,18,
When You Wish Upon a Star,Pinocchio,,,,"February 8, 2001 → January 1, 2011",,,Hollywood Pictures Backlot,Animation Building Lobby v.1,,,,,26,
I've Been Tricked,Walt Disney's Snow White And The Seven Dwarfs,,,,"February 8, 2001 → January 1, 2011",,,Hollywood Pictures Backlot,Animation Building Lobby v.1,,,,,6,
Hi-Diddle-Dee-Dee,Pinocchio,,,,"February 8, 2001 → January 1, 2011",,,Hollywood Pictures Backlot,Animation Building Lobby v.1,,,,,16,
Two Worlds - Finale,Tarzan,,,,"February 8, 2001 → January 1, 2011",,,Hollywood Pictures Backlot,Animation Building Lobby v.1,,,,,13,Not same as OST (from point in movie with Tarzan and Jane in jungle garb 'surfing' the branches); missing part of the vocals
Arabian Nights (Instrumental Version),Aladdin,,,,"February 8, 2001 → January 1, 2011",,,Hollywood Pictures Backlot,Animation Building Lobby v.1,,,,,5,Not same as OST
Buster's Here,Toy Story 2,,,,"February 8, 2001 → January 1, 2011",,,Hollywood Pictures Backlot,Animation Building Lobby v.1,,,,,9,
Morning Paper (score) / He’s A Tramp (unreleased vocal),Lady and the Tramp,,,,"February 8, 2001 → January 1, 2011",,,Hollywood Pictures Backlot,Animation Building Lobby v.1,,,,,19,Not same as OST
The Bear Necessities,Jungle Book,,,,"February 8, 2001 → January 1, 2011",,,Hollywood Pictures Backlot,Animation Building Lobby v.1,,,,,8,
The Crystal Chamber,Atlantis: The Lost Empire,,,,"February 8, 2001 → January 1, 2011",,,Hollywood Pictures Backlot,Animation Building Lobby v.1,,,,,7,
The Mad Tea Party (Score),Walt Disney's Alice In Wonderland,,,,"February 8, 2001 → January 1, 2011",,,Hollywood Pictures Backlot,Animation Building Lobby v.1,,,,,17,
Main Title,The Wizard of Oz: Original Motion Picture Soundtrack,,,,"February 8, 2001 → June 1, 2004",,,Hollywood Pictures Backlot,Hollywood Pictures Backlot v.1,,,, Herbert Stothaer,23,Edited to include 00:06.630--01:32.783. There is either a 5 second gap or a few more seconds of track are included at the end.
"Great Movie Ride, 'Hooray for Hollywood’",Walt Disney World Forever,,,,"February 8, 2001 → June 1, 2004",,,Hollywood Pictures Backlot,Hollywood Pictures Backlot v.1,"This loop played along Hollywood Boulevard of Hollywood Pictures Backlot from the park’s 2001 opening until June 2004 (https://disneymusicloops.tripod.com/dlr/dlr-hpb-hpb.html). The track list was first posted separately on https://web.archive.org/web/20040906140631/http://disneymusicloops.tripod.com/dlr/dlr-hpb-hpb.html and by user tongoroa on the https://community.magicmusic.net/threads/disneyland-music-loops.17/post-219. A https://forums.mousebits.com/threads/hollywood-pictures-backlot-1-0.7108/ was created in 2012 by wedroy1923 and thx99, with some https://forums.mousebits.com/threads/hollywood-pictures-backlot-loop.5991/ in 2010. SSrustworthy created the most comprehensive tracklist in 2024, see MouseBits, https://forums.mousebits.com/threads/hollywood-pictures-backlot-1-0.7108/post-100128https://forums.mousebits.com/threads/hollywood-pictures-backlot-1-0.7108/post-100128.",~57:30 (creating an approximate reconstruction),, ,1,"Unverified version, but Timekeeper asserts that this is the WDW Forever track, edited 1:21-end (to remove orchestra tuning, conductor and director line and various audio bits, as the track starts from the chorus line)"
"""Take Her to Sea, Mr. Murdoch”","Music from the Motion Picture ""Titanic”",,,,"February 8, 2001 → June 1, 2004",,,Hollywood Pictures Backlot,Hollywood Pictures Backlot v.1,,,, James Horner,2,Next track begins at 4:20.859 of album track
Happiness Hotel ver. A, Unreleased,,,,"February 8, 2001 → November 7, 2014",,,Hollywood Pictures Backlot,Muppet Vision 3D Lobby,,,,,4,
Main Title (Singin' In The Rain) [Alternate Version],Singin' In The Rain (Original Motion Picture Soundtrack),,,,"February 8, 2001 → June 1, 2004",,,Hollywood Pictures Backlot,Hollywood Pictures Backlot v.1,,,, MGM Studio Orchestra,12,Next track starts at 02:05.796 in album track
Main Title (From Star Trek: Voyager),Frontiers,,,,"February 8, 2001 → June 1, 2004",,,Hollywood Pictures Backlot,Hollywood Pictures Backlot v.1,,,,"Jerry Goldsmith, The Royal Scottish National Orchestra",17,Next track starts at 02:05.538 in album track
Steppin’ Out With a Star, Unreleased,,,,"February 8, 2001 → November 7, 2014",,,Hollywood Pictures Backlot,Muppet Vision 3D Lobby,"This loop played in the queue area for Muppet Vision 3D from 2001 until 2014. This playlist is based on a 2012 live recording by pixelated and compiled by wedroy1923. All tracks are custom orchestrations. See Magic Music, https://community.magicmusic.net/threads/disneyland-music-loops.17/page-2#post-168 (2002) and Disney Parks Music Compendium, https://disney-parks-music-compendium.blogspot.com/2022/11/muppetvision-3d-bgm.html.",~00:57:39,,,1,
Right Where We Belong, Unreleased,,,,"February 8, 2001 → November 7, 2014",,,Hollywood Pictures Backlot,Muppet Vision 3D Lobby,,,,,3,
Prologue (Album Version),Hook (Original Motion Picture Soundtrack),,,,"February 8, 2001 → June 1, 2004",,,Hollywood Pictures Backlot,Hollywood Pictures Backlot v.1,,,, John Williams,3,
Movin’ Right Along, Unreleased,,,,"February 8, 2001 → November 7, 2014",,,Hollywood Pictures Backlot,Muppet Vision 3D Lobby,,,,,2,
Theme from Mission: Impossible,Theme From Mission: Impossible,,,,"February 8, 2001 → June 1, 2004",,,Hollywood Pictures Backlot,Hollywood Pictures Backlot v.1,,,," Adam Clayton, Larry Mullen",10,Starts at 00:01.114 in album track
I'm Gonna Always Love You, Unreleased,,,,"February 8, 2001 → November 7, 2014",,,Hollywood Pictures Backlot,Muppet Vision 3D Lobby,,,,,8,
"Hey, a Movie!", Unreleased,,,,"February 8, 2001 → November 7, 2014",,,Hollywood Pictures Backlot,Muppet Vision 3D Lobby,,,,,6,
Together Again, Unreleased,,,,"February 8, 2001 → November 7, 2014",,,Hollywood Pictures Backlot,Muppet Vision 3D Lobby,,,,,5,
Axel F,Beverly Hills Cop: Music From the Motion Picture,,,,"February 8, 2001 → June 1, 2004",,,Hollywood Pictures Backlot,Hollywood Pictures Backlot v.1,,,,Harold Faltermeyer,7,
"Theme From ""Home Improvement"" (Iron John's Rock)",,,,,"February 8, 2001 → June 1, 2004",,,Hollywood Pictures Backlot,Hollywood Pictures Backlot v.1,,,,Dan Foliart,4,"The Disney Music Loops listing says that it is an extended version, but I haven't managed to track one down if it exists. The one clip that I have aligns with the regular version."
Medley of TV Adventure Themes,Bond & Beyond,,,,"February 8, 2001 → June 1, 2004",,,Hollywood Pictures Backlot,Hollywood Pictures Backlot v.1,,,,"Erich Kunzel, Cincinnati Pops Orchestra",9,Edited to include start--01:49.552 to isolate the Dragnet and Peter Gunn themes.
The Rainbow Connection, Unreleased,,,,"February 8, 2001 → November 7, 2014",,,Hollywood Pictures Backlot,Muppet Vision 3D Lobby,,,,,7,
Gone With The Wind (Tara's Theme),Aisle Seat,,,,"February 8, 2001 → June 1, 2004",,,Hollywood Pictures Backlot,Hollywood Pictures Backlot v.1,,,,John Williams and The Boston Pops,22,Next track starts at 04:37.046 in album track
Overture (from That's Entertainment!),That's Entertainment (The Ultimate Anthology of M-G-M Musicals),,,,"February 8, 2001 → June 1, 2004",,,Hollywood Pictures Backlot,Hollywood Pictures Backlot v.1,,,, MGM Studio Orchestra,21,Medley: That's Entertainment! / The Trolley Song / Somewhere Over the Rainbow / ?? / Singin' In the Rain / ??
Theme from The Pink Panther,The Pink Panther (Original Motion Picture Soundtrack),,,,"February 8, 2001 → June 1, 2004",,,Hollywood Pictures Backlot,Hollywood Pictures Backlot v.1,,,, Henry Mancini,11,
The James Bond Theme,The Ultimate John Barry,,,,"February 8, 2001 → June 1, 2004",,,Hollywood Pictures Backlot,Hollywood Pictures Backlot v.1,,,, John Barry Orchestra,8,"Edited to remove one guitar repetition of theme, unknown edit point but could be start--01:19, 01:32--end"
Theme from Superman (Concert Version),Superman: The Movie Original Motion Picture Soundtrack,,,,"February 8, 2001 → June 1, 2004",,,Hollywood Pictures Backlot,Hollywood Pictures Backlot v.1,,,, John Williams,18,"Next track starts at 04:20.653 in album track. Also, every copy of the track I've seen has a small blip at 00:23 in the left channel"
You've Got a Friend in Me [Score] (Instrumental),Toy Story 2 Cast and Crew Wrap Party Special Edition,,,,"February 8, 2001 → June 1, 2004",,,Hollywood Pictures Backlot,Hollywood Pictures Backlot v.1,,,,Randy Newman,15,
Main Title (Extended Version),Soundtrack From Thirtysomething,,,,"February 8, 2001 → June 1, 2004",,,Hollywood Pictures Backlot,Hollywood Pictures Backlot v.1,,,,"W.G. Snuffy Walden, Stewart Levin",5,
Steppin’ Out With a Star, Unreleased,,,,"February 8, 2001 → November 7, 2014",,,Hollywood Pictures Backlot,Muppet Vision 3D Lobby,,,,,13,
The Muppet Show Theme, Unreleased,,,,"February 8, 2001 → November 7, 2014",,,Hollywood Pictures Backlot,Muppet Vision 3D Lobby,,,,,12,
It's Not Easy Being Green, Unreleased,,,,"February 8, 2001 → November 7, 2014",,,Hollywood Pictures Backlot,Muppet Vision 3D Lobby,,,,,19,
I'm Always Gonna Love You, Unreleased,,,,"February 8, 2001 → November 7, 2014",,,Hollywood Pictures Backlot,Muppet Vision 3D Lobby,,,,,20,
Happiness Hotel ver. B, Unreleased,,,,"February 8, 2001 → November 7, 2014",,,Hollywood Pictures Backlot,Muppet Vision 3D Lobby,,,,,18,
Together Again, Unreleased,,,,"February 8, 2001 → November 7, 2014",,,Hollywood Pictures Backlot,Muppet Vision 3D Lobby,,,,,17,
It's Not Easy Being Green, Unreleased,,,,"February 8, 2001 → November 7, 2014",,,Hollywood Pictures Backlot,Muppet Vision 3D Lobby,,,,,10,
I Hope that Something Better Comes Along, Unreleased,,,,"February 8, 2001 → November 7, 2014",,,Hollywood Pictures Backlot,Muppet Vision 3D Lobby,,,,,14,
Mahna Mahna, Unreleased,,,,"February 8, 2001 → November 7, 2014",,,Hollywood Pictures Backlot,Muppet Vision 3D Lobby,,,,,22,
"Hey, a Movie!", Unreleased,,,,"February 8, 2001 → November 7, 2014",,,Hollywood Pictures Backlot,Muppet Vision 3D Lobby,,,,,16,
The Muppet Show Theme, Unreleased,,,,"February 8, 2001 → November 7, 2014",,,Hollywood Pictures Backlot,Muppet Vision 3D Lobby,,,,,21,
The Rainbow Connection, Unreleased,,,,"February 8, 2001 → November 7, 2014",,,Hollywood Pictures Backlot,Muppet Vision 3D Lobby,,,,,15,
Together Again, Unreleased,,,,"February 8, 2001 → November 7, 2014",,,Hollywood Pictures Backlot,Muppet Vision 3D Lobby,,,,,11,
Mahna Mahna, Unreleased,,,,"February 8, 2001 → November 7, 2014",,,Hollywood Pictures Backlot,Muppet Vision 3D Lobby,,,,,9,
Part of Your World,The Little Mermaid,,,,,,,Hollywood Pictures Backlot,Off the Page v.1,,,,,10,
All in the Golden Afternoon,Walt Disney's Alice In Wonderland,,,,,,,Hollywood Pictures Backlot,Off the Page v.1,,,,,19,
Bella Notte,Walt Disney's Lady And The Tramp,,,,,,,Hollywood Pictures Backlot,Off the Page v.1,,,,,20,
I Wanna Be Like You,Jungle Book,,,,,,,Hollywood Pictures Backlot,Off the Page v.1,,,,,16,
I've Got No Strings,Pinocchio,,,,,,,Hollywood Pictures Backlot,Off the Page v.1,,,,,6,
Hakuna Matata,The Lion King,,,,,,,Hollywood Pictures Backlot,Off the Page v.1,,,,,21,
I Just Can't Wait to Be King,The Lion King,,,,,,,Hollywood Pictures Backlot,Off the Page v.1,,,,,12,
Trashin' the Camp,Tarzan,,,,,,,Hollywood Pictures Backlot,Off the Page v.1,,,,,9,
Friend Like Me,Aladdin,,,,,,,Hollywood Pictures Backlot,Off the Page v.1,,,,,14,
A Guy Like You,The Hunchback Of Notre Dame,,,,,,,Hollywood Pictures Backlot,Off the Page v.1,,,,,3,
When She Loved Me,Toy Story 2,,,,,,,Hollywood Pictures Backlot,Off the Page v.1,,,,,15,
Bibbidi Bobbidi Boo,Cinderella,,,,,,,Hollywood Pictures Backlot,Off the Page v.1,,,,,18,
I Wonder,Sleeping Beauty,,,,,,,Hollywood Pictures Backlot,Off the Page v.1,,,,,2,
Following the Leader,Peter Pan,,,,,,,Hollywood Pictures Backlot,Off the Page v.1,,,,,5,
The Silly Song,Walt Disney's Snow White And The Seven Dwarfs,,,,,,,Hollywood Pictures Backlot,Off the Page v.1,,,,,8,
Beauty and the Beast,Beauty and the Beast,,,,,,,Hollywood Pictures Backlot,Off the Page v.1,,,,,17,
Under the Sea,The Little Mermaid,,,,,,,Hollywood Pictures Backlot,Off the Page v.1,"This loop played in DCA’s Off the Page, dates unknown but at least in 2004. It has since been updated with a few replacement tracks (v.2). Tracklist compiled by X-S Tech on Magic Music, Re: https://community.magicmusic.net/threads/new-playlist-dcas-off-the-page.1460/#post-9830 (2004). X-S Tech noted that a few of the tracks in the loop were edited, but they are not specified. A modern (2024) recording indicates that the tracks are largely limited to their vocal portions, such that intro or outro instrumental portions on their OST releases are trimmed but there are otherwise no intra-track edits.",Unknown,,,1,
Why Should I Worry,Oliver And Company,,,,,,,Hollywood Pictures Backlot,Off the Page v.1,,,,,11,
I'll Make a Man Out of You,Mulan,,,,,,,Hollywood Pictures Backlot,Off the Page v.1,,,,,4,
Just Around the Riverbend,Pocahontas,,,,,,,Hollywood Pictures Backlot,Off the Page v.1,,,,,7,
Hi-Diddle-Dee-Dee (An Actor's Life for Me),Pinocchio,,,,,,,Hollywood Pictures Backlot,Off the Page v.1,,,,,13,
Charles Giteaux,Song of the Hills: Instrumental Impressions Of Appalachian Classics,,Shanachie,,,Bountiful Valley Farm,,Golden State,Bountiful Valley Farm,,,,"Norman Blake, Nancy Blake",9,
Green Acres Theme,Thundering Banjos of Bluegrass,,CMH Records,,,Bountiful Valley Farm,,Golden State,Bountiful Valley Farm,,,,Richard Bailey,4,Available digitally on “Country Fried TV Tunes”; this track is not in the Magic Music track listing
Freight Train,Unknown,,CMH Records,,,Bountiful Valley Farm,,Golden State,Bountiful Valley Farm,,,,,12,Unknown track origin
Bury Me Beneath the Willow,No Hurry,,New Rounder,,,Bountiful Valley Farm,,Golden State,Bountiful Valley Farm,,,,Scott Nygaard,7,
Lonesome Road Blues,Heart of Bluegrass,,CMH Records,,,Bountiful Valley Farm,,Golden State,Bountiful Valley Farm,,,,"Joe Maphis, Merle Travis",21,Available digitally on “The Joe Maphis Flat-Picking Spectacular”
Carroll County Blues,Bluegrass Breakdown: 14 Instrumentals,,Easydisc,,,Bountiful Valley Farm,,Golden State,Bountiful Valley Farm,,,,The Nashville Bluegrass Band,19,
Thank God I'm a Country Boy,The Original Dueling Banjos,,CMH Records,,,Bountiful Valley Farm,,Golden State,Bountiful Valley Farm,,,,The Nashville Superpickers,20,
Black Mountain Rag,Unknown,,Flying Fish,,,Bountiful Valley Farm,,Golden State,Bountiful Valley Farm,,,,,6,Unknown track origin
Agile N.,The Essential Leo Kottke Collection,,Capitol,,,Bountiful Valley Farm,,Golden State,Bountiful Valley Farm,,,,Leo Kottke,8,
Under The Double Eagle,Whiskey Before Breakfast,,Rounder,,,Bountiful Valley Farm,,Golden State,Bountiful Valley Farm,,,,Norman Blake,3,
This Land Is Your Land (Instrumental),This Land is Your Land: An All-American Children’s Folk Classic,,Rounder,,,Bountiful Valley Farm,,Golden State,Bountiful Valley Farm,"The Bountiful Valley Farm / Bountiful Valley Farmers Market loop played throughout the Bountiful Valley Farm district with park opening in 2001, particularly near the Caterpillar and agricultural displays, Sam Andreas Shakes and the Bountiful Valley Farmers Market quick-service location. After the opening of “a bug’s land”, it could only be heard near the Bountiful Valley Farmers Market until it went quiet by 2007/2008. The last traces of the Bountiful Valley Farm district disappeared in 2010 with the construction of Cars Land. See Magic Music user Progressland’s post https://community.magicmusic.net/threads/disneyland-music-loops.17/post-146 (Magic Music, 2002), and https://web.archive.org/web/20070404003849/http://disneymusicloops.tripod.com/dlr/dlr-abl-fm.html. Also MouseBits, https://mousebits.com/smf/index.php?topic=9001.msg85969#msg85969 and https://mousebits.com/smf/index.php?topic=7316.msg98847#msg98847.",Unknown,,"Woody Guthrie, Arlo Guthrie",1,
The Talking,Moving Pictures,,Rounder,,,Bountiful Valley Farm,,Golden State,Bountiful Valley Farm,,,,Russ Barenberg,16,
Magic Foot,Moving Pictures,,Rounder,,,Bountiful Valley Farm,,Golden State,Bountiful Valley Farm,,,,Russ Barenberg,23,
Buckaroo,The Essential Leo Kottke Collection,,Capitol,,,Bountiful Valley Farm,,Golden State,Bountiful Valley Farm,,,,Leo Kottke,2,
"Land, 'Listen to the Land' #4",Walt Disney World Forever,,,,,Bountiful Valley Farm,,Golden State,Bountiful Valley Farm,,,,,18,
Man of Constant Sorrow,Song of the Hills: Instrumental Impressions Of Appalachian Classics,,Shanachie,,,Bountiful Valley Farm,,Golden State,Bountiful Valley Farm,,,,Eric Weissberg,5,
Air Proofing,The Essential Leo Kottke Collection,,Capitol,,,Bountiful Valley Farm,,Golden State,Bountiful Valley Farm,,,,Leo Kottke,10,
Fisher's Hornpipe,Bluegrass Breakdown: 14 Instrumentals,,Easydisc,,,Bountiful Valley Farm,,Golden State,Bountiful Valley Farm,,,,Wyatt Rice,15,
Red Apple Rag,No Hurry,,New Rounder,,,Bountiful Valley Farm,,Golden State,Bountiful Valley Farm,,,,Scott Nygaard,11,
Goodbye Liza Jane,Bluegrass Breakdown: 14 Instrumentals,,Easydisc,,,Bountiful Valley Farm,,Golden State,Bountiful Valley Farm,,,,Bill Evans,17,
Fiddler's Dram/Whiskey Before Breakfast,Whiskey Before Breakfast,,Rounder,,,Bountiful Valley Farm,,Golden State,Bountiful Valley Farm,,,,Norman Blake,14,
"Land, 'Turkey in the Straw'",Walt Disney World Forever,,,,,Bountiful Valley Farm,,Golden State,Bountiful Valley Farm,,,,,13,
Footprints in the Snow,Song of the Hills: Instrumental Impressions Of Appalachian Classics,,Shanachie,,,Bountiful Valley Farm,,Golden State,Bountiful Valley Farm,,,,"Bill Keith, Tony Trischka, Eric Weissberg, Kenny Kosek, Stacy Phillips, Molly Mason",22,
Main Title,The Last Starfighter: Original Motion Picture Soundtrack,,,,"February 8, 2001 → August 1, 2011",Condor Flats,,Golden State,Condor Flats v.1,"This loop played in Condor Flats from February 8, 2001 until August 2011. It is the first of two Condor Flats loops. Tracklist compiled by 772pilot based on his reference recording. There are several edits among the tracks. See MouseBits, https://mousebits.com/smf/index.php?topic=5119.msg38127#msg38127 (2010) and Magic Music, https://community.magicmusic.net/playlists/condor-flats.23/ (2011).",00:44:36.613,1:44.751,Craig Safan,1,Edited to include start - 1:45.086
The Guns of Navarone,"Cinema Gala, Vol. 1: World War 2 Films",,,,"February 8, 2001 → August 1, 2011",Condor Flats,,Golden State,Condor Flats v.1,,,3:08.769,"London Festival Orchestra, Stanley Black",13,Edited to include 0:02.513 - end
Midway March,I Love a Parade,,,,"February 8, 2001 → August 1, 2011",Condor Flats,,Golden State,Condor Flats v.1,,,4:06.951,John Williams/Boston Pops,2,
"The Blue Max Suite - Overture ",Goldsmith Conducts Goldsmith,,,,"February 8, 2001 → August 1, 2011",Condor Flats,,Golden State,Condor Flats v.1,,,2:15.761,The City of Prague Philharmonic & Jerry Goldsmith,9,Edited to include 0:01.190-end
633 Squadron,"Cinema Gala, Vol. 1: World War 2 Films",,,,"February 8, 2001 → August 1, 2011",Condor Flats,,Golden State,Condor Flats v.1,,,3:10.843,"London Festival Orchestra, Stanley Black",7,Edited to include 0:01.913-end
The Parachutes,Air Force One: Original Motion Picture Soundtrack,,,,"February 8, 2001 → August 1, 2011",Condor Flats,,Golden State,Condor Flats v.1,,,2:13.967,Jerry Goldsmith,3,Abrupt transition into next track at 1:47.536 of source track.
Music from “Space Camp”,The Ultimate Movie Music Collection,,,,"February 8, 2001 → August 1, 2011",Condor Flats,,Golden State,Condor Flats v.1,,,3:44.211,Cincinnati Pops Orchestra & Erich Kunzel,10,Edited to include start - 3:44.344
"The Planets, Op. 32: IV. Jupiter, the Bringer of Jollity",Holst: the Planets,,,,"February 8, 2001 → August 1, 2011",Condor Flats,,Golden State,Condor Flats v.1,,,7:05.546,Berliner Philharmoniker & Herbert von Karajan,11,Edited to include start - 2:39.127; 2:58.236 - End
"Welcome Aboard, Sir",Air Force One: Original Motion Picture Soundtrack,,,,"February 8, 2001 → August 1, 2011",Condor Flats,,Golden State,Condor Flats v.1,,,1:01.518,Jerry Goldsmith,4,Quick fade in at 0:40.197 of source track.
Liberty Fanfare,American Jubilee,,,,"February 8, 2001 → August 1, 2011",Condor Flats,,Golden State,Condor Flats v.1,,,4:15.576,Cincinnati Pops Orchestra & Erich Kunzel,6,Edited to include 0:01.984 - end
Big Victory March; Alex Returns,The Last Starfighter: Original Motion Picture Soundtrack,,,,"February 8, 2001 → August 1, 2011",Condor Flats,,Golden State,Condor Flats v.1,,,1:51.069,Craig Safan,8,Edited to include start - 1:51.410
Pops on the March,I Love a Parade,,,,"February 8, 2001 → August 1, 2011",Condor Flats,,Golden State,Condor Flats v.1,,,4:49.810,John Williams/Boston Pops,5,
"Yeager's Triumph (From ""The Right Stuff"")",The Right Stuff / North And South (Original Motion Picture Scores),,,,"February 8, 2001 → August 1, 2011",Condor Flats,,Golden State,Condor Flats v.1,,,5:07.835,Bill Conti,12,
Once in August,Living The Northern Summer,,Real Music,11,,Golden Vine Winery,,Golden State,The Vineyard Room [REF],"This loop played in ‘The Vineyard Room’ restaurant from 2001-2008.  It was heard to be playing in the Alfresco Lounge, upstairs and downstairs restrooms in June 2012 (MouseBits, https://mousebits.com/smf/index.php?topic=6855.msg57321#msg57321) and still plays to this day in the bathrooms of the Golden Vine Winery (2026). Tracklist first posted by Magic Music user Progressland and verified by pixelated based on a circulating WDI source track. See Magic Music, https://community.magicmusic.net/threads/disneyland-music-loops.17/post-146 (2002) and Magic Music, https://mousebits.com/smf/index.php?topic=3594.msg36579#msg36579 (2010). Also noted in the Disney Parks Music Compendium, https://disney-parks-music-compendium.blogspot.com/2022/11/the-vineyard-room-bgm.html (2023).",00:52:58.502,5:43.177,Jim Chappell,1,The album track is around 0.026 secs. faster than the loop track.
Night Slip,Sanctuary: 20 Years of Windham Hill,1,Windham Hill Records,2,,Golden Vine Winery,,Golden State,The Vineyard Room [REF],,,2:10.329,William Ackerman,2,
Heartsounds,Return To The Heart,,"Narada Productions, Inc.",5,,Golden Vine Winery,,Golden State,The Vineyard Room [REF],,,7:00.650,David Lanz,9,The album track is around 0.07 secs. faster than the loop track
Aerial Boundaries,Sanctuary: 20 Years of Windham Hill,1,Windham Hill Records,4,,Golden Vine Winery,,Golden State,The Vineyard Room [REF],,,4:38.734,Michael Hedges,6,
Rosalie,Swamp Dog Blues,,Strictly Country Records,11,,Golden Vine Winery,,Golden State,The Vineyard Room [REF],,,4:06.972,Mike Dowling,14,
Rocket to the Moon,Sanctuary: 20 Years of Windham Hill,1,Windham Hill Records,1,,Golden Vine Winery,,Golden State,The Vineyard Room [REF],,,2:26.777,Jim Brickman,5,note: The album track is around 0.026 secs. faster than the loop track
Children’s Dance,Sanctuary: 20 Years of Windham Hill,1,Windham Hill Records,7,,Golden Vine Winery,,Golden State,The Vineyard Room [REF],,,2:35.939,Alex de Grassi,8,
Never Look Back,Midnight On The Boulevard,,BrainChild Records,5,,Golden Vine Winery,,Golden State,The Vineyard Room [REF],,,4:15.036,Kilauea,3,
Suite in D minor: Bourrée (Robert de Visée),"Segovia: The American Decca Recordings, Vol 1, CD 3 (An Andrés Segovia Concert)",3,Deutsche Grammophon,4,,Golden Vine Winery,,Golden State,The Vineyard Room [REF],,,0:41.781,Andrés Segovia,10,
Estudio Sin Luz,The Art of Segovia,2,Deutsche Grammophon,22,,Golden Vine Winery,,Golden State,The Vineyard Room [REF],,,2:40.301,Andrés Segovia,4,
Joy,December: Piano Solos (20th Anniversary Edition),,Windham Hill Records,3,,Golden Vine Winery,,Golden State,The Vineyard Room [REF],,,3:03.921,George Winston,13,note: The album track is around 0.1 secs. faster than the loop track.
Hope Reprise,A Gift Of Hope,,ULG/Countdown Records,4,,Golden Vine Winery,,Golden State,The Vineyard Room [REF],,,3:18.436,Keiko Matsui,7,The album track is around 0.031 secs. faster than the loop track
Sonatine in A: Allegretto (Federico Moreno Torroba),"Segovia: The American Decca Recordings Vol. 1, CD 2 (An Andrés Segovia Recital)",2,Deutsche Grammophon,10,,Golden Vine Winery,,Golden State,The Vineyard Room [REF],,,3:36 (estimated),Andrés Segovia,15,The album track is around 0.23 secs. faster than the loop track.
"Corre, Rio, Corre",Return To The Heart,,"Narada Productions, Inc.",7,,Golden Vine Winery,,Golden State,The Vineyard Room [REF],,,3:08.804,David Lanz,11,
Ante Meridien,Chip Davis' Day Parts: Sunday Morning Coffee II,,American Gramaphone,10,,Golden Vine Winery,,Golden State,The Vineyard Room [REF],,,3:31.279,Doug Smith,12,note: The album track is around 0.029 secs. faster than the loop track.
Rattle and Burn,Vertigo,,Narada,,"February 8, 2001",Pacific Wharf,,"Golden State, Pacific Wharf",Pacific Wharf,,,00:03:45.798,Jesse Cook,6,
Baby Elephants,Cafe Ole,,Domo Records,,"February 8, 2001",Pacific Wharf,,"Golden State, Pacific Wharf",Pacific Wharf,,,00:03:39.162,Luis Villegas,5,
Don Quixote,Cafe Ole,,Domo Records,,"February 8, 2001",Pacific Wharf,,"Golden State, Pacific Wharf",Pacific Wharf,"This loop played throughout the Pacific Wharf from 2001 until its retheming in 2023. Playlist originally posted by Progressland on https://community.magicmusic.net/threads/disneyland-music-loops.17/ discussion board (2002) and later verified by pixelated and SSrustworthy. Also see MouseBits, https://mousebits.com/smf/index.php?topic=6243.msg99278#msg99278 (2022) and https://mousebits.com/smf/index.php?topic=5454.msg41258#msg41258 (2010). When calculating track lengths, tracks were assumed to start when the spectrogram any frequency is visible on the source track and end at the start of the next track.",01:08:54.662,00:03:04.784,Luis Villegas,1,Preceded by 1.045 seconds of silence. Track assumed to start at beginning when calculating loop length (not at the start of spectrogram frequency like the others).
Nasca Lines,A World Instrumental Collection,,Putumayo,,"February 8, 2001",Pacific Wharf,,"Golden State, Pacific Wharf",Pacific Wharf,,,00:05:35.789,Brian Hughes,16,
At Play,World Song (1992),,,,"February 8, 2001",Pacific Wharf,,"Golden State, Pacific Wharf",Pacific Wharf,,,00:01:13.503,Jim Lang,13,"This track is a piece of unreleased score from the short film “World Song” shown at the 1992 World Expo in Sevilla, Spain. The film’s score was composed by Jim Lang."
Whirl-Y-Reel 1,"Sound Magic, Vol. 1",,Real World,,"February 8, 2001",Pacific Wharf,,"Golden State, Pacific Wharf",Pacific Wharf,,,00:07:19.845,Afro Celt Sound System,3,
Köke Torɢan Degel ~ Goyar Sedgil,Mongolian Instrumental Music,,World Music Library,,"February 8, 2001",Pacific Wharf,,"Golden State, Pacific Wharf",Pacific Wharf,,,00:02:53.622,"Doljin Enhtaivan, Togtooliin Chagdarjav, Dashnym Enhtuya, Tsegmid Gerelmaa, Gurddrj Gantuya",14,
Puerto Rican Gypsy,A World Instrumental Collection,,Putumayo,,"February 8, 2001",Pacific Wharf,,"Golden State, Pacific Wharf",Pacific Wharf,,,00:05:50.153,"Banda Criolla, Jose Gonzalez",12,
Egüle-n Boru,Mongolian Instrumental Music,,World Music Library,,"February 8, 2001",Pacific Wharf,,"Golden State, Pacific Wharf",Pacific Wharf,,,00:02:09.110,"Togtooliin Chagdarjav, Dashnym Enhtuya, Gurddrj Gantuya",9,
Mercuriana,Duende,,Narada,,"February 8, 2001",Pacific Wharf,,"Golden State, Pacific Wharf",Pacific Wharf,,,00:04:27.873,Jose Luis Encinas,8,
Rosa Rose,Seduction,,Narada,,"February 8, 2001",Pacific Wharf,,"Golden State, Pacific Wharf",Pacific Wharf,,,00:04:14.119,Oscar Lopez,4,
Spanish Eyes,La Esperanza,,Higher Octave,,"February 8, 2001",Pacific Wharf,,"Golden State, Pacific Wharf",Pacific Wharf,,,00:04:12.122,Carlos Villalobos,7,
Tigris Palace,Gypsy Fusion,,Baja Records,,"February 8, 2001",Pacific Wharf,,"Golden State, Pacific Wharf",Pacific Wharf,,,00:04:22.666,NovaMenco,11,
Streetbeat,A World Instrumental Collection,,Putumayo,,"February 8, 2001",Pacific Wharf,,"Golden State, Pacific Wharf",Pacific Wharf,,,00:03:41.465,David Hewitt,17,
Loco Por Ti,Seduction,,Narada,,"February 8, 2001",Pacific Wharf,,"Golden State, Pacific Wharf",Pacific Wharf,,,00:05:05.506,Oscar Lopez,2,
S.O.B.,Cafe Ole,,Domo Records,,"February 8, 2001",Pacific Wharf,,"Golden State, Pacific Wharf",Pacific Wharf,,,00:03:59.643,Luis Villegas,15,
Olinda Road,Islands,,Putumayo,,"February 8, 2001",Pacific Wharf,,"Golden State, Pacific Wharf",Pacific Wharf,,,00:03:18.113,Hapa,10,
Stealing,Mudlark,,Capitol,,"February 8, 2001 → April 1, 2011",Grizzly Peak Recreation Area,,Golden State,Redwood Creek Challenge Trail v.1,"This loop played at the Redwood Creek Challenge Trail. The loop originated with the park but was replaced with a shorter version sometime prior to April 2011; see MouseBits, https://mousebits.com/smf/index.php?topic=6290.msg50082#msg50082. Tracklist originally posted by Magic Music user Progressland. See Magic Music, https://community.magicmusic.net/threads/dca-grizzly-peak-music-tracks.497/post-3108 (2002) and https://community.magicmusic.net/threads/disneyland-music-loops.17/post-147 (2002). ","Unknown (https://disney-parks-music-compendium.blogspot.com/2022/11/redwood-creek-challenge-trail-bgm-2001.html states ~01:00:43, not sure where that came from)",,Leo Kottke,1,
Silver Bell - Cheyenne,Return of the Repressed: The John Fahey Anthology,,Rhino,,"February 8, 2001 → April 1, 2011",Grizzly Peak Recreation Area,,Golden State,Redwood Creek Challenge Trail v.1,,,,John Fahey,4,
"Tight Arrangements, Loose Fingers, And A Warm Place To Practise",Guitarist Composer Sampler,,Kicking Mule,,"February 8, 2001 → April 1, 2011",Grizzly Peak Recreation Area,,Golden State,Redwood Creek Challenge Trail v.1,,,,Dale Miller,17,
Festival Waltz,Whispering Stones,,Maggie's Music,,"February 8, 2001 → April 1, 2011",Grizzly Peak Recreation Area,,Golden State,Redwood Creek Challenge Trail v.1,,,,Al Petteway,21,
Falls,The Waters and the Wild,,Maggie's Music,,"February 8, 2001 → April 1, 2011",Grizzly Peak Recreation Area,,Golden State,Redwood Creek Challenge Trail v.1,,,,Al Petteway,6,
Blackberry Picking OR Day After Pay Day,Guitarist Composer Sampler OR The Raven,,Kicking Mule,,"February 8, 2001 → April 1, 2011",Grizzly Peak Recreation Area,,Golden State,Redwood Creek Challenge Trail v.1,,,,Bob Hadley,16,Guitar Composer Sampler is no longer in print. This track was re-released as “Day After Pay Day” on the later album “The Raven”
River,The Waters and the Wild,,Maggie's Music,,"February 8, 2001 → April 1, 2011",Grizzly Peak Recreation Area,,Golden State,Redwood Creek Challenge Trail v.1,,,,Al Petteway,14,
The Sophisticate,Guitarist Composer Sampler,,Kicking Mule,,"February 8, 2001 → April 1, 2011",Grizzly Peak Recreation Area,,Golden State,Redwood Creek Challenge Trail v.1,,,,Dale Miller,8,
Tell Her to Come Back Home,Return of the Repressed: The John Fahey Anthology,,Rhino,,"February 8, 2001 → April 1, 2011",Grizzly Peak Recreation Area,,Golden State,Redwood Creek Challenge Trail v.1,,,,John Fahey,15,
Goat Island,The Hermit,,Castle Music,,"February 8, 2001 → April 1, 2011",Grizzly Peak Recreation Area,,Golden State,Redwood Creek Challenge Trail v.1,,,,John Renbourne,5,
I'm Gonna Do All I Can For My Lord,Return of the Repressed: The John Fahey Anthology,,Rhino,,"February 8, 2001 → April 1, 2011",Grizzly Peak Recreation Area,,Golden State,Redwood Creek Challenge Trail v.1,,,,John Fahey,10,
Little Martha,"Guitar Fingerstyle, Vol. 1",,Narada,,"February 8, 2001 → April 1, 2011",Grizzly Peak Recreation Area,,Golden State,Redwood Creek Challenge Trail v.1,,,,Tim Farrell,19,
Whistlin' Rufus,Jammed If I Do,,Sugarhill,,"February 8, 2001 → April 1, 2011",Grizzly Peak Recreation Area,,Golden State,Redwood Creek Challenge Trail v.1,,,,Dan Crary,3,
Sunflower River Blues,Return of the Repressed: The John Fahey Anthology,,Rhino,,"February 8, 2001 → April 1, 2011",Grizzly Peak Recreation Area,,Golden State,Redwood Creek Challenge Trail v.1,,,,John Fahey,20,
Uncle Herman's Hornpipe,Jammed If I Do,,Sugarhill,,"February 8, 2001 → April 1, 2011",Grizzly Peak Recreation Area,,Golden State,Redwood Creek Challenge Trail v.1,,,,Dan Crary,13,
Bicycle Tune,The Hermit,,Castle Music,,"February 8, 2001 → April 1, 2011",Grizzly Peak Recreation Area,,Golden State,Redwood Creek Challenge Trail v.1,,,,"John Renbourne ",18,
Dogue Creek,The Waters and the Wild,,Maggie's Music,,"February 8, 2001 → April 1, 2011",Grizzly Peak Recreation Area,,Golden State,Redwood Creek Challenge Trail v.1,,,,Al Petteway,9,
Faro's Rag,The Hermit,,Castle Music,,"February 8, 2001 → April 1, 2011",Grizzly Peak Recreation Area,,Golden State,Redwood Creek Challenge Trail v.1,,,,John Renbourne,2,
Big Bug Shuffle,Skip Hop & Wobble (Sugarhill),,,,"February 8, 2001",Grizzly Peak Recreation Area,,"Golden State, Grizzly Peak",Rushin' River Outfitters,"This loop plays inside of Rushin’ River Outfitters. It originated with the park opening in 2001, and is still audible as of 2026. It can be best heard in the morning when the store is quiet. Tracklist originally compiled by Progressland on Magic Music, and verified by SSrustworthy using her source recording. See Magic Music, https://community.magicmusic.net/threads/disneyland-music-loops.17/post-147. Also see MouseBits, https://mousebits.com/smf/index.php?topic=9818.msg92380#msg92380 (2018) and https://forums.mousebits.com/threads/rushin-river-outfitters-bgm.11032/#post-100021 (2024).",01:12:28.912,00:03:39.540,"Douglas, Barenberg, and Meyer",1,
John's Tune,The Hermit,,Castle Music,,"February 8, 2001 → April 1, 2011",Grizzly Peak Recreation Area,,Golden State,Redwood Creek Challenge Trail v.1,,,,John Renbourne,12,
Daisy Goes a Dancing,"Guitar Fingerstyle, Vol. 1",,Narada,,"February 8, 2001 → April 1, 2011",Grizzly Peak Recreation Area,,Golden State,Redwood Creek Challenge Trail v.1,,,,Pat Kirtley,7,
Zaccheus,Fingerstyle Guitar,,Step One Records),,"February 8, 2001 → April 1, 2011",Grizzly Peak Recreation Area,,Golden State,Redwood Creek Challenge Trail v.1,,,,Doyle Dykes,11,
Battle in the Valley of Elah,H.E.A.T. (Step One Records),,,,"February 8, 2001",Grizzly Peak Recreation Area,,"Golden State, Grizzly Peak",Rushin' River Outfitters,,,00:03:40.092,Doyle Dykes,5,
Opportunity,"Sounds of Wood and Steel, Vol. 2 (Sbme Special Mkts)",,,,"February 8, 2001",Grizzly Peak Recreation Area,,"Golden State, Grizzly Peak",Rushin' River Outfitters,,,00:03:42.925,T.J. Baden,3,
Through the Gates,Moving Pictures (Rounder Select),,,,"February 8, 2001",Grizzly Peak Recreation Area,,"Golden State, Grizzly Peak",Rushin' River Outfitters,,,00:04:21.685,Russ Barenberg,13,
Caleb's Report,Fingerstyle Guitar (Step One Records),,,,"February 8, 2001",Grizzly Peak Recreation Area,,"Golden State, Grizzly Peak",Rushin' River Outfitters,,,00:03:06.097,Doyle Dykes,15,
Open Arms,Moving Pictures (Rounder Select),,,,"February 8, 2001",Grizzly Peak Recreation Area,,"Golden State, Grizzly Peak",Rushin' River Outfitters,,,00:03:22.681,Russ Barenberg,4,
Doerita Forever,Fingerstyle Guitar (Step One Records),,,,"February 8, 2001",Grizzly Peak Recreation Area,,"Golden State, Grizzly Peak",Rushin' River Outfitters,,,00:02:29.935,Doyle Dykes,19,
The Claw,Sounds of Wood and Steel (Windham HIll),,,,"February 8, 2001",Grizzly Peak Recreation Area,,"Golden State, Grizzly Peak",Rushin' River Outfitters,,,00:01:56.273,Clint Black,7,
Our Time,Moving Pictures (Rounder Select),,,,"February 8, 2001",Grizzly Peak Recreation Area,,"Golden State, Grizzly Peak",Rushin' River Outfitters,,,00:04:32.799,Russ Barenberg,6,
Year Down in New Orleans,"Sounds of Wood and Steel, Vol. 2 (Sbme Special Mkts)",,,,"February 8, 2001",Grizzly Peak Recreation Area,,"Golden State, Grizzly Peak",Rushin' River Outfitters,,,00:01:57.626,Nanci Griffith,9,
Here on Earth,Skip Hop & Wobble (Sugarhill),,,,"February 8, 2001",Grizzly Peak Recreation Area,,"Golden State, Grizzly Peak",Rushin' River Outfitters,,,00:02:29.834,"Douglas, Berenberg, and Meyer",16,
This Land is Your Land,This Land Is Your Land (Rounder),,,,"February 8, 2001",Grizzly Peak Recreation Area,,"Golden State, Grizzly Peak",Rushin' River Outfitters,,,00:03:42.481,Woody Guthrie and Arlo Guthrie,10,
Celtic Cowboy,H.E.A.T. (Step One Records),,,,"February 8, 2001",Grizzly Peak Recreation Area,,"Golden State, Grizzly Peak",Rushin' River Outfitters,,,00:03:22.552,Doyle Dykes,21,
Rusticity,"Sounds of Wood and Steel, Vol. 2 (Sbme Special Mkts)",,,,"February 8, 2001",Grizzly Peak Recreation Area,,"Golden State, Grizzly Peak",Rushin' River Outfitters,,,00:03:50.670,Dan Crary,17,
Jazz in the Box,Fingerstyle Guitar (Step One Records),,,,"February 8, 2001",Grizzly Peak Recreation Area,,"Golden State, Grizzly Peak",Rushin' River Outfitters,,,00:03:26.916,Doyle Dykes,8,
Something That We Do,"Sounds of Wood and Steel, Vol. 2 (Sbme Special Mkts)",,,,"February 8, 2001",Grizzly Peak Recreation Area,,"Golden State, Grizzly Peak",Rushin' River Outfitters,,,00:02:44.245,Clint Black,2,
"""Bubba"" Gad",H.E.A.T. (Step One Records),,,,"February 8, 2001",Grizzly Peak Recreation Area,,"Golden State, Grizzly Peak",Rushin' River Outfitters,,,00:04:21.139,Doyle Dykes,12,
Big Sciota,Skip Hop & Wobble (Sugarhill),,,,"February 8, 2001",Grizzly Peak Recreation Area,,"Golden State, Grizzly Peak",Rushin' River Outfitters,,,00:03:22.788,"Douglas, Barenberg and Meyer",18,
The First Ride,"Guitar Fingerstyle, Vol. 1 (Narada)",,,,"February 8, 2001",Grizzly Peak Recreation Area,,"Golden State, Grizzly Peak",Rushin' River Outfitters,,,00:03:32.080,Don Ross,20,
Over the Pass,Guitarist: Composer Sampler (Kicking Mule),,,,"February 8, 2001",Grizzly Peak Recreation Area,,"Golden State, Grizzly Peak",Rushin' River Outfitters,,,00:04:31.087,Chris Proctor,11,Commercially available albums produce different track speed
Taylor Willobee,"Sounds of Wood and Steel, Vol. 2 (Sbme Special Mkts)",,,,"February 8, 2001",Grizzly Peak Recreation Area,,"Golden State, Grizzly Peak",Rushin' River Outfitters,,,00:04:15.377,Rodney Crowell,14,
Girls of Many Nations in DC/Soft Rebellion/Reprise of The Distinguished Gentleman & Finale,The Distinguished Gentleman (1992 Film),,,,"February 8, 2001",Condor Flats,,"Golden State, Grizzly Peak","Soarin' Around the World Queue, Soarin' Over California Queue","This loop is audible inside the Soarin’ hangar prior to the entering the preshow area. It has played from 2001 and is still present as of 2026. Tracklist compiled by Progressland, thx99, and Dr. Know based on a reference recording of unknown authorship and date. See Magic Music, https://community.magicmusic.net/threads/disneyland-music-loops.17/post-147 (2002) and https://community.magicmusic.net/playlists/soarin-over-california-queue.13/ (2011). ",00:25:58,1:39/1:21/2:24,Randy Edelman,1,
Evening Tide,Battle of the Atlantic Suite,,,,"February 8, 2001",Condor Flats,,"Golden State, Grizzly Peak","Soarin' Around the World Queue, Soarin' Over California Queue",,,~2:19,Dave Roylance & Bob Galvin,3,Edited
"The Generals Suite (From ""Macarthur & Patton"")",Goldsmith Conducts Goldsmith,,,,"February 8, 2001",Condor Flats,,"Golden State, Grizzly Peak","Soarin' Around the World Queue, Soarin' Over California Queue",,,~5:08,Jerry Goldsmith & Philharmonia Orchestra,9,Edited
"Overture (From ""The Blue Max"")",Goldsmith Conducts Goldsmith,,,,"February 8, 2001",Condor Flats,,"Golden State, Grizzly Peak","Soarin' Around the World Queue, Soarin' Over California Queue",,,~1:48,Jerry Goldsmith & Philharmonia Orchestra,8,Edited
The Premiere of The Big Boss,Dragon: The Bruce Lee Story - Original Motion Picture Soundtrack,,,,"February 8, 2001",Condor Flats,,"Golden State, Grizzly Peak","Soarin' Around the World Queue, Soarin' Over California Queue",,,1:44,Randy Edelman,6,
Main Titles,The American President: Original Score From The Motion Picture,,,,"February 8, 2001",Condor Flats,,"Golden State, Grizzly Peak","Soarin' Around the World Queue, Soarin' Over California Queue",,,2:26,Marc Shaiman,2,
You're On,Dave: Original Soundtrack Album,,,,"February 8, 2001",Condor Flats,,"Golden State, Grizzly Peak","Soarin' Around the World Queue, Soarin' Over California Queue",,,~1:42,James Newton Howard,4,Edited
Victory at Ed Parker's,Dragon: The Bruce Lee Story - Original Motion Picture Soundtrack,,,,"February 8, 2001",Condor Flats,,"Golden State, Grizzly Peak","Soarin' Around the World Queue, Soarin' Over California Queue",,,~0:53,Randy Edelman,5,Edited
End Titles,The American President: Original Score From The Motion Picture,,,,"February 8, 2001",Condor Flats,,"Golden State, Grizzly Peak","Soarin' Around the World Queue, Soarin' Over California Queue",,,~4:53,Marc Shaiman,7,Edited
Jet Airliner,,,,,,Condor Flats,,Golden State,Taste Pilots' Grill,,,,Steve Miller Band,13,
Leaving on a Jet Plane,,,,,,Condor Flats,,Golden State,Taste Pilots' Grill,,,,John Denver,7,Longest gap appears before this track
Airplane,,,,,,Condor Flats,,Golden State,Taste Pilots' Grill,,,,The Beach Boys,10,
"Fly, Robin, Fly",,,,,,Condor Flats,,Golden State,Taste Pilots' Grill,,,,Silver Convention,6,
Straighten Up and Fly Right,,,,,,Condor Flats,,Golden State,Taste Pilots' Grill,,,,Andrews Sisters,12,
Free Bird (Demo Version),Lynard Skynard [1991],,,,,Condor Flats,,Golden State,Taste Pilots' Grill,,,,Lynard Skynard,16,
Rocket Man,,,,,,Condor Flats,,Golden State,Taste Pilots' Grill,,,,Elton John,3,
Airplane Song,,,,,,Condor Flats,,Golden State,Taste Pilots' Grill,,,,Royal Guardsmen,21,
Fly Like An Eagle,,,,,,Condor Flats,,Golden State,Taste Pilots' Grill,"This loop played inside of the Taste Pilot’s Grill at Condor Flats from 2001 until its closure in 2015. Apparently the loop used to be around a half-hour and was extended by mid-2002, but the specific tracks added are not known. See Magic Music, https://community.magicmusic.net/threads/sunshine-plaza.444/post-2981. This loop has several long silent inter-track gaps. See Magic Music, https://community.magicmusic.net/threads/disneyland-music-loops.17/post-147 (2002) and https://web.archive.org/web/20040906140631/http://disneymusicloops.tripod.com/dlr/dlr-gs-tpg.html. Also see MouseBits for correct track order, https://forums.mousebits.com/threads/dca-taste-pilots-grill-loop.6450/#post-51874 (2011). ",01:09:57.497,,Steve Miller Band,1,"This is the “radio edit” version (track time ~3:04). Noted as first track based on source loop in limited circulation, alongside original tracklist on Magic Music forums."
Space Cowboy,,,,,,Condor Flats,,Golden State,Taste Pilots' Grill,,,,Steve Miller Band,17,
"Also sprach Zarathustra, Op. 30",Pops Out Of This World [1982],,,,,Condor Flats,,Golden State,Taste Pilots' Grill,,,,"Boston Pops Orchestra, John Williams",14,
Destination Moon,,,,,,Condor Flats,,Golden State,Taste Pilots' Grill,,,,Dinah Washington,2,
Comin' in on a Wing and a Prayer,,,,,,Condor Flats,,Golden State,Taste Pilots' Grill,,,,The Song Spinners,19,Has notable record pops in source track
Airplane,,,,,,Condor Flats,,Golden State,Taste Pilots' Grill,,,,Indigo Girls,18,
Airline Amy,,,,,,Condor Flats,,Golden State,Taste Pilots' Grill,,,,Weird Al Yankovich,11,
The Flight of the Bumblebee from Tsar Saltan,Greatest Hits: Rimsky-Korsakov [1995],,,,,Condor Flats,,Golden State,Taste Pilots' Grill,,,,"London Symphony Orchestra, Harry Rabinowitz",4,
Airplane Blues,Bullfrog Blues [1995],,,,,Condor Flats,,Golden State,Taste Pilots' Grill,,,,Lightnin' Wells,5,Out of print
Space Oddity,,,,,,Condor Flats,,Golden State,Taste Pilots' Grill,,,,David Bowie,20,
September Song,,,,,,,,Paradise Pier,Avalon Cove,,,,,10,
Stardust,,,,,,,,Paradise Pier,Avalon Cove,,,,,3,
Moonglow,,,,,,,,Paradise Pier,Avalon Cove,,,,,6,
A String of Pearls,,,,,,,,Paradise Pier,Avalon Cove,,,,,14,
I Concentrate on You,,,,,,,,Paradise Pier,Avalon Cove,,,,,13,
Lil Darlin',,,,,,,,Paradise Pier,Avalon Cove,,,,,5,
Girl Talk,,,,,,,,Paradise Pier,Avalon Cove,,,,,17,
How Deep is the Ocean,,,,,,,,Paradise Pier,Avalon Cove,,,,,9,
Yesterdays,,,,,,,,Paradise Pier,Avalon Cove,,,,,8,
Avalon,,,,,,,,Paradise Pier,Avalon Cove,"This loop played at “Wolfgang Puck’s Avalon Cove” restaurant, later renamed to “Avalon Cove”. The loop was audible from February 2001 through ca. 2005. Tracklist posted by Progressland (sans artists) on the Magic Music forum; see https://community.magicmusic.net/threads/disneyland-music-loops.17/post-146 (2002). No reference recording or additional information about this loop has been made available, so actual tracks are not known.",~00:54:51,,,1,
Let's Dance,,,,,,,,Paradise Pier,Avalon Cove,,,,,2,
Frenesi,,,,,,,,Paradise Pier,Avalon Cove,,,,,4,
Tuxedo Junction,,,,,,,,Paradise Pier,Avalon Cove,,,,,16,
Moonlight Serenade,,,,,,,,Paradise Pier,Avalon Cove,,,,,12,
Our Love is Here to Stay,,,,,,,,Paradise Pier,Avalon Cove,,,,,11,
I Get a Kick Out of You,,,,,,,,Paradise Pier,Avalon Cove,,,,,15,
I'm Getting Sentimental Over You,,,,,,,,Paradise Pier,Avalon Cove,,,,,7,
Let's Go Trippin',Surfin' Hits,,,,"February 8, 2001 → September 6, 2010",,,Paradise Pier,Pizza Oom Mow Mow,,,00:02:06.108,Dick Dale,23,
Catch a Wave,,,,,"February 8, 2001 → September 6, 2010",,,Paradise Pier,Pizza Oom Mow Mow,,,00:04:05.679,The Beach Boys,2,
Margaritaville,,,,,"February 8, 2001 → September 6, 2010",,,Paradise Pier,Pizza Oom Mow Mow,,,00:01:49.494,Jimmy Buffett,8,
Walk - Don't Run,,,,,"February 8, 2001 → September 6, 2010",,,Paradise Pier,Pizza Oom Mow Mow,,,00:01:56.901,The Ventures,3,
Hawaii 5-0 Theme,,,,,"February 8, 2001 → September 6, 2010",,,Paradise Pier,Pizza Oom Mow Mow,,,00:02:01.499,The Ventures,14,
Out of Limits,The Marketts - Their Very Best,,,,"February 8, 2001 → September 6, 2010",,,Paradise Pier,Pizza Oom Mow Mow,,,00:02:01.905,The Marketts,27,
Surf City,,,,,"February 8, 2001 → September 6, 2010",,,Paradise Pier,Pizza Oom Mow Mow,,,00:02:32.044,Jan & Dean,4,
Surfin' Safari,,,,,"February 8, 2001 → September 6, 2010",,,Paradise Pier,Pizza Oom Mow Mow,,,00:03:35.574,The Beach Boys,11,
Little Old Lady from Pasadena,"Golden Hits: Volumes 1, 2, & 3",,,,"February 8, 2001 → September 6, 2010",,,Paradise Pier,Pizza Oom Mow Mow,,,00:02:02.369,Jan & Dean,26,
Good Vibrations,,,,,"February 8, 2001 → September 6, 2010",,,Paradise Pier,Pizza Oom Mow Mow,,,00:02:24.777,The Beach Boys,30,
Surfin' USA,,,,,"February 8, 2001 → September 6, 2010",,,Paradise Pier,Pizza Oom Mow Mow,,,00:02:13.294,The Beach Boys,13,
Surfer Joe,Surfin' Hits,,,,"February 8, 2001 → September 6, 2010",,,Paradise Pier,Pizza Oom Mow Mow,,,00:02:03.542,The Surfaris,17,
I Get Around,,,,,"February 8, 2001 → September 6, 2010",,,Paradise Pier,Pizza Oom Mow Mow,,,00:02:31.731,The Beach Boys,20,
Wipe Out,Cowabunga! The Surf Box (Rhino Records),,,,"February 8, 2001 → September 6, 2010",,,Paradise Pier,Pizza Oom Mow Mow,,,00:02:21.549,The Surfaris,10,
Surfer’s Stomp,Surfin' Hits,,,,"February 8, 2001 → September 6, 2010",,,Paradise Pier,Pizza Oom Mow Mow,,,00:02:03.820,The Marketts,21,
Vacation,,,,,"February 8, 2001 → September 6, 2010",,,Paradise Pier,Pizza Oom Mow Mow,,,00:02:22.512,The Go-Go's,28,
Tequila,Tequila: The Very Best of the Champs,,,,"February 8, 2001 → September 6, 2010",,,Paradise Pier,Pizza Oom Mow Mow,,,00:02:11.042,The Champs,29,
Ride the Wild Surf,,,,,"February 8, 2001 → September 6, 2010",,,Paradise Pier,Pizza Oom Mow Mow,,,00:02:21.700,The Beach Boys,7,
Sidewalk Surfin',"Golden Hits: Volumes 1, 2, & 3",,,,"February 8, 2001 → September 6, 2010",,,Paradise Pier,Pizza Oom Mow Mow,,,00:03:34.506,Jan & Dean,24,
Surfin' Bird,Surfin' Bird / Bird Dance Beat,,,,"February 8, 2001 → September 6, 2010",,,Paradise Pier,Pizza Oom Mow Mow,,,00:01:58.944,The Trashmen,19,
Fun Fun Fun,,,,,"February 8, 2001 → September 6, 2010",,,Paradise Pier,Pizza Oom Mow Mow,,,00:02:54.858,The Beach Boys,9,
Endless Summer Theme,,,,,"February 8, 2001 → September 6, 2010",,,Paradise Pier,Pizza Oom Mow Mow,,,00:02:18.275,The Sandals,18,not OST album
Papa Oom Mow Mow,Papa-Oom-Mow-Mow / The Bird's The Word,,,,"February 8, 2001 → September 6, 2010",,,Paradise Pier,Pizza Oom Mow Mow,"This loop played inside the Pizza Oom Mow Mow restaurant from February 2001 until its closing on September 6, 2010. Tracklist first posted by Progressland and verified by pixelated using his reference recording. See Magic Music, https://community.magicmusic.net/threads/disneyland-music-loops.17/post-146 (2002) and MouseBits, https://mousebits.com/smf/index.php?topic=6801.msg56674#msg56674 (2011).",01:11:48.765,00:02:14.862,The Rivingtons,1,
Surfin',,,,,"February 8, 2001 → September 6, 2010",,,Paradise Pier,Pizza Oom Mow Mow,,,00:02:54.161,The Beach Boys,22,
California Girls,,,,,"February 8, 2001 → September 6, 2010",,,Paradise Pier,Pizza Oom Mow Mow,,,00:01:47.903,The Beach Boys,15,
California Sun,,,,,"February 8, 2001 → September 6, 2010",,,Paradise Pier,Pizza Oom Mow Mow,,,00:02:10.740,The Rivieras,16,
Misirlou,Surfin' Hits,,,,"February 8, 2001 → September 6, 2010",,,Paradise Pier,Pizza Oom Mow Mow,,,00:02:00.778,Dick Dale,5,
Penetration,Surfin' Hits,,,,"February 8, 2001 → September 6, 2010",,,Paradise Pier,Pizza Oom Mow Mow,,,00:02:12.818,The Pyramids,25,
Pipeline,Surfin' Hits,,,,"February 8, 2001 → September 6, 2010",,,Paradise Pier,Pizza Oom Mow Mow,,,00:02:41.738,The Chantays,12,
Surfer Girl,,,,,"February 8, 2001 → September 6, 2010",,,Paradise Pier,Pizza Oom Mow Mow,,,00:02:13.712,The Beach Boys,6,
Wouldn't It Be Nice,Unreleased,,,,,,,Paradise Pier,"King Triton's Carousel of the Sea v.1, Paradise Pier, Paradise Pier Boardwalk v.1",,,,,6,
All Summer Long,Unreleased,,,,,,,Paradise Pier,"King Triton's Carousel of the Sea v.1, Paradise Pier, Paradise Pier Boardwalk v.1",,,,,4,
Dancin' in the Street,Unreleased,,,,,,,Paradise Pier,"King Triton's Carousel of the Sea v.1, Paradise Pier, Paradise Pier Boardwalk v.1",,,,,20,
California Girls,Unreleased,,,,,,,Paradise Pier,"King Triton's Carousel of the Sea v.1, Paradise Pier, Paradise Pier Boardwalk v.1",,,,,12,
Surfin' USA,Unreleased,,,,,,,Paradise Pier,"King Triton's Carousel of the Sea v.1, Paradise Pier, Paradise Pier Boardwalk v.1",,,,,15,
Surfer Girl,Unreleased,,,,,,,Paradise Pier,"King Triton's Carousel of the Sea v.1, Paradise Pier, Paradise Pier Boardwalk v.1",,,,,11,
California Dreamin',Unreleased,,,,,,,Paradise Pier,"King Triton's Carousel of the Sea v.1, Paradise Pier, Paradise Pier Boardwalk v.1",,,,,13,
Hang On Sloopy,Unreleased,,,,,,,Paradise Pier,"King Triton's Carousel of the Sea v.1, Paradise Pier, Paradise Pier Boardwalk v.1",,,,,5,
Monday Monday,Unreleased,,,,,,,Paradise Pier,"King Triton's Carousel of the Sea v.1, Paradise Pier, Paradise Pier Boardwalk v.1",,,,,17,
You're So Good to Me,Unreleased,,,,,,,Paradise Pier,"King Triton's Carousel of the Sea v.1, Paradise Pier, Paradise Pier Boardwalk v.1",,,,,22,
I Left My Heart In San Francisco,Unreleased,,,,,,,Paradise Pier,"King Triton's Carousel of the Sea v.1, Paradise Pier, Paradise Pier Boardwalk v.1",,,,,7,
I Love LA,Unreleased,,,,,,,Paradise Pier,"King Triton's Carousel of the Sea v.1, Paradise Pier, Paradise Pier Boardwalk v.1",,,,,3,
Good Vibrations,Unreleased,,,,,,,Paradise Pier,"King Triton's Carousel of the Sea v.1, Paradise Pier, Paradise Pier Boardwalk v.1",,,,,14,
California Girls,Unreleased,,,,,,,Paradise Pier,"King Triton's Carousel of the Sea v.1, Paradise Pier, Paradise Pier Boardwalk v.1","This loop played across Paradise Pier at large from opening in 2001 until summer 2010. It was composed of 23 rearrangements of popular tunes on a Mortier 97 key organ (confirmed by DLR) by George Wilkins and Tish Eastman (see https://www.facebook.com/people/Tish-Eastman-Composer/100072076290269/). Paradise Pier had five 'zones' of Area Music and all of them were synchronized. The 'zones' were: Boardwalk, Carousel, Stinger, Jelly ('under the sea' sounding: clari, rolling warm bells, steel drums), and Zephyr ('space' sounding: tubular bells, organ, theremin, glockenspiel). Playlist first compiled by tongoroa and posted 03/2002 on the Magic Music forum. See https://community.magicmusic.net/threads/disneyland-music-loops.17/post-219 (2002) and https://mousebits.com/smf/index.php?topic=3986.msg29164#msg29164 (2009) and https://mousebits.com/smf/index.php?topic=3954.msg28597#msg28597. Also note that the currently circulating “source” audio is incomplete: https://forums.mousebits.com/threads/paradise-pier-area-music-multiple-versions.3015/#post-23601https://forums.mousebits.com/threads/paradise-pier-area-music-multiple-versions.3015/#post-23601.",~01:01:31,,,1,
Itsy-Bitsy Teeny Weenie Yellow Polka-Dot Bikini,Unreleased,,,,,,,Paradise Pier,"King Triton's Carousel of the Sea v.1, Paradise Pier, Paradise Pier Boardwalk v.1",,,,,9,
Happy Together,Unreleased,,,,,,,Paradise Pier,"King Triton's Carousel of the Sea v.1, Paradise Pier, Paradise Pier Boardwalk v.1",,,,,19,
Fun Fun Fun,Unreleased,,,,,,,Paradise Pier,"King Triton's Carousel of the Sea v.1, Paradise Pier, Paradise Pier Boardwalk v.1",,,,,10,
I Get Around,Unreleased,,,,,,,Paradise Pier,"King Triton's Carousel of the Sea v.1, Paradise Pier, Paradise Pier Boardwalk v.1",,,,,16,
Surf City,Unreleased,,,,,,,Paradise Pier,"King Triton's Carousel of the Sea v.1, Paradise Pier, Paradise Pier Boardwalk v.1",,,,,21,
Age of Aquarius,Unreleased,,,,,,,Paradise Pier,"King Triton's Carousel of the Sea v.1, Paradise Pier, Paradise Pier Boardwalk v.1",,,,,8,
California Sun,Unreleased,,,,,,,Paradise Pier,"King Triton's Carousel of the Sea v.1, Paradise Pier, Paradise Pier Boardwalk v.1",,,,,2,
Little Old Lady from Pasadena,Unreleased,,,,,,,Paradise Pier,"King Triton's Carousel of the Sea v.1, Paradise Pier, Paradise Pier Boardwalk v.1",,,,,18,
"San Francisco (Be Sure to Wear
  Some Flowers in Your Hair)",Unreleased,,,,,,,Paradise Pier,"King Triton's Carousel of the Sea v.1, Paradise Pier, Paradise Pier Boardwalk v.1",,,,,23,
Cruella de Vil,"Disney’s Orchestra Collection, Vol. 2",,,,"June 1, 2004 → May 1, 2012",,,Hollywood Pictures Backlot,Hollywood Pictures Backlot v.2,"The second area loop to play in the Hollywood Pictures Backlot.  It played from June/July 2004 until mid-May 2012 when HPB was renamed to Hollywood Land. The full loop had “pages” from an unseen Hollywood Pictures Operator interspersed every few tracks and consisted of two sub-repetitions of the musical loop, with 15 unique HPO pages before the full loop repeated. A short period of time in 2012 had the music loop audible sans interruptions from pages. Tracklist compiled by wedroy1923 and SSrustworthy based on recordings from pixelated. Most tracks overlap slightly, with fades as noted. See Magic Music, https://community.magicmusic.net/threads/new-loop-at-dcas-hollywood-pictures-backlot.1574/#post-10552 and MouseBits https://mousebits.com/smf/index.php?topic=5991.msg55736#msg55736 (2011).",1:54:20.782 until the 15 pages repeat; 55:20.953 for music sans pages (2012),00:01:56.152,Neverland Orchestra,1,
Hi-Diddle-Dee-Dee,"Disney’s Orchestra Collection, Vol. 2",,,,"June 1, 2004 → May 1, 2012",,,Hollywood Pictures Backlot,Hollywood Pictures Backlot v.2,,,00:02:15.324,Neverland Orchestra,20,
Following the Leader,"Disney’s Orchestra Collection, Vol. 3",,,,"June 1, 2004 → May 1, 2012",,,Hollywood Pictures Backlot,Hollywood Pictures Backlot v.2,,,00:02:48.912,Neverland Orchestra,15,
Whistle While You Work,"Disney’s Orchestra Collection, Vol. 2 ",,,,"June 1, 2004 → May 1, 2012",,,Hollywood Pictures Backlot,Hollywood Pictures Backlot v.2,,,00:02:28.926,Neverland Orchestra,22,
Supercalifragilisticexpialidocious,"Disney’s Orchestra Collection, Vol. 3",,,,"June 1, 2004 → May 1, 2012",,,Hollywood Pictures Backlot,Hollywood Pictures Backlot v.2,,,00:02:12.061,Neverland Orchestra,4,
The Hydra Battle (Score),Hercules OST,,,,"June 1, 2004 → May 1, 2012",,,Hollywood Pictures Backlot,Hollywood Pictures Backlot v.2,,,00:00:48.816,Alan Menken,3,"Edited to include 2:35.393 - 3:24.252 (at which point, fade out as next track begins)"
Zip-a-Dee-Doo-Dah,"Disney’s Orchestra Collection, Vol. 1",,,,"June 1, 2004 → May 1, 2012",,,Hollywood Pictures Backlot,Hollywood Pictures Backlot v.2,,,00:02:22.661,Neverland Orchestra,18,
Transformation #1 (Final),The Music Behind the Magic,,,,"June 1, 2004 → May 1, 2012",,,Hollywood Pictures Backlot,Hollywood Pictures Backlot v.2,,,00:01:32.186,Alan Menken,6,
Crime Spree,Dick Tracy Original Score,,,,"June 1, 2004 → May 1, 2012",,,Hollywood Pictures Backlot,Hollywood Pictures Backlot v.2,,,00:01:51.962,Danny Elfman,14,
Rocketeer to the Rescue / End Title (Score),The Rocketeer OST,,,,"June 1, 2004 → May 1, 2012",,,Hollywood Pictures Backlot,Hollywood Pictures Backlot v.2,,,00:01:51.579,James Horner,23,Edited 2:00.699 - 3:52.349 (slight fade in and fade out)
Monsters Inc.,Monsters Inc. OST,,,,"June 1, 2004 → May 1, 2012",,,Hollywood Pictures Backlot,Hollywood Pictures Backlot v.2,,,00:02:03.657,Randy Newman,19,
Casey Junior,"Disney’s Orchestra Collection, Vol. 3 ",,,,"June 1, 2004 → May 1, 2012",,,Hollywood Pictures Backlot,Hollywood Pictures Backlot v.2,,,00:02:23.281,Neverland Orchestra,24,"Very minor edit at 1:14.384 to remove silent gap, so track is edited to include start-1:14.384 and 1:14.769-2:24.978. Fade out begins a few seconds early at 2:22.564"
Into the Sunlight,The Hunchback Of Notre Dame OST,,,,"June 1, 2004 → May 1, 2012",,,Hollywood Pictures Backlot,Hollywood Pictures Backlot v.2,,,00:02:08.932,Alan Menken,21,
Heigh-Ho,Disney’s Orchestra Collection Vol. 1,,,,"June 1, 2004 → May 1, 2012",,,Hollywood Pictures Backlot,Hollywood Pictures Backlot v.2,,,00:03:51.900,Neverland Orchestra,12,
You've Got a Friend in Me (Score) [Instrumental],Toy Story 2 Cast & Crew Edition,,,,"June 1, 2004 → May 1, 2012",,,Hollywood Pictures Backlot,Hollywood Pictures Backlot v.2,,,00:02:53.720,Tom Scott,11,
Main Title,Dick Tracy Original Score,,,,"June 1, 2004 → May 1, 2012",,,Hollywood Pictures Backlot,Hollywood Pictures Backlot v.2,,,00:03:31.373, Danny Elfman,25,Slight fade out on last note
Main Title,Return to Neverland OST,,,,"June 1, 2004 → May 1, 2012",,,Hollywood Pictures Backlot,Hollywood Pictures Backlot v.2,,,00:02:02.823,Joel McNeely,5,Next track begins at 2:03.593 of source track
Main Titles,The Little Mermaid OST,,,,"June 1, 2004 → May 1, 2012",,,Hollywood Pictures Backlot,Hollywood Pictures Backlot v.2,,,00:01:27.090,Alan Menken,13,
The Big Olive (Score),Hercules OST,,,,"June 1, 2004 → May 1, 2012",,,Hollywood Pictures Backlot,Hollywood Pictures Backlot v.2,,,00:01:00.493,Alan Menken,16,Edited to include 00:00 - 1:01.342; slight fade in at start
Under the Sea,"Disney’s Orchestra Collection, Vol. 3",,,,"June 1, 2004 → May 1, 2012",,,Hollywood Pictures Backlot,Hollywood Pictures Backlot v.2,,,00:03:11.922,Neverland Orchestra,8,
End Title (Score),Who Framed Roger Rabbit? OST,,,,"June 1, 2004 → May 1, 2012",,,Hollywood Pictures Backlot,Hollywood Pictures Backlot v.2,,,00:01:43.644,Alan Silvestri,9,Next track begins at 1:43.956 of source track (fade out)
Carrying the Banner (Finale),Newsies OST,,,,"June 1, 2004 → May 1, 2012",,,Hollywood Pictures Backlot,Hollywood Pictures Backlot v.2,,,00:02:46.043,Alan Menken,2,Starts on last note of Cruella De Vil for seamless transition. Edited to include start - 2:46.546 (crossfade at that time into next track)
Will and Elizabeth (Score),Pirates of the Caribbean: The Curse of the Black Pearl OST,,,,"June 1, 2004 → May 1, 2012",,,Hollywood Pictures Backlot,Hollywood Pictures Backlot v.2,,,00:02:06.065,Klaus Badelt,17,
Finale (Album Version),Funny Girl Original Soundtrack Recording,,,,"February 8, 2001 → June 1, 2004",,,Hollywood Pictures Backlot,Hollywood Pictures Backlot v.1,,,,Jule Styne,14,Next track starts at 02:16.083 in album track
Exit Music (I Could Have Danced All Night),My Fair Lady [Original Soundtrack],,,,"February 8, 2001 → June 1, 2004",,,Hollywood Pictures Backlot,Hollywood Pictures Backlot v.1,,,,Andres Previn,13,Next track starts at 01:12.157 in album track
Suite from The Parent Trap,The Parent Trap (1998),,,,"February 8, 2001 → June 1, 2004",,,Hollywood Pictures Backlot,Hollywood Pictures Backlot v.1,,,,Alan Silvestri,16,Edited to include 00:00--01:46.313 with slight fade on drum; next track starts after a 1:46.313 second gap.
The Flying Circus,The Rocketeer,,,,"February 8, 2001 → June 1, 2004",,,Hollywood Pictures Backlot,Hollywood Pictures Backlot v.1,,,,James Horner,19,Edited to start at 03:03.886 with unknown track end.
Prelude,Ben-Hur (Original Film Soundtrack),,,,"February 8, 2001 → June 1, 2004",,,Hollywood Pictures Backlot,Hollywood Pictures Backlot v.1,,,,Miklós Rózsa,24,This is the ~03:25 version
Epilogue (Score),Dinosaur OST,,,,"June 1, 2004 → May 1, 2012",,,Hollywood Pictures Backlot,Hollywood Pictures Backlot v.2,,,00:00:49.489,James Newton Howard,10,Edited to include 1:36.757 - end
Bach Goes To Town,"Swing, Swing, Swing [1987]",,,,,,,Hollywood Pictures Backlot,Hollywood and Dine,,,,Benny Goodman,12,
Major Tom (Coming Home),,,,,,Condor Flats,,Golden State,Taste Pilots' Grill,,,,Peter Schilling,8,
Come Fly With Me,,,,,,Condor Flats,,Golden State,Taste Pilots' Grill,,,,Frank Sinatra,9,
Eight Miles High,,,,,,Condor Flats,,Golden State,Taste Pilots' Grill,,,,Leo Kottke,15,
In The Mood,In the Digital Mood [1983],,,,,,,Hollywood Pictures Backlot,Hollywood and Dine,,,,Glenn Miller Orchestra,13,
Little Brown Jug,In the Digital Mood [1983],,,,,,,Hollywood Pictures Backlot,Hollywood and Dine,,,,Glenn Miller Orchestra,14,
Tuxedo Junction,In the Digital Mood [1983],,,7,,,,Hollywood Pictures Backlot,Hollywood and Dine,,,,Glenn Miller Orchestra,15,album track is around 1.74 secs. longer than the recording
I'm Gettin' Sentimental Over You,Radio Days (Selections From The Original Soundtrack Of The Motion Picture) [1987],,,,,,,Hollywood Pictures Backlot,Hollywood and Dine,,,,Tommy Dorsey,17,
Handful Of Keys,"Swing, Swing, Swing [1987]",,,,,,,Hollywood Pictures Backlot,Hollywood and Dine,,,,Benny Goodman,16,
Opus No. 1,Radio Days (Selections From The Original Soundtrack Of The Motion Picture) [1987],,,,,,,Hollywood Pictures Backlot,Hollywood and Dine,,,,Tommy Dorsey,19,
Who?,"Swing, Swing, Swing [1987]",,,,,,,Hollywood Pictures Backlot,Hollywood and Dine,,,,Benny Goodman & His Orchestra,3,
The American Patrol,In the Digital Mood [1983],,,3,,,,Hollywood Pictures Backlot,Hollywood and Dine,,,,Glenn Miller Orchestra,4,
Take The 'A' Train,Radio Days (Selections From The Original Soundtrack Of The Motion Picture) [1987],,,,,,,Hollywood Pictures Backlot,Hollywood and Dine,,,,Duke Ellington & His Orchestra,18,
Chloe (Song of the Swamp),"Swing, Swing, Swing [1987]",,,,,,,Hollywood Pictures Backlot,Hollywood and Dine,,,,Benny Goodman & His Orchestra,2,
A String Of Pearls,In the Digital Mood [1983],,,,,,,Hollywood Pictures Backlot,Hollywood and Dine,,,,Glenn Miller Orchestra,5,
Body And Soul,Radio Days (Selections From The Original Soundtrack Of The Motion Picture) [1987],,,,,,,Hollywood Pictures Backlot,Hollywood and Dine,,,,Benny Goodman,9,
April In Paris,Bird (Original Motion Picture Soundtrack) [1988],,,,,,,Hollywood Pictures Backlot,Hollywood and Dine,,,,Charlie Parker,10,
Frenesi,Radio Days (Selections From The Original Soundtrack Of The Motion Picture) [1987],,,,,,,Hollywood Pictures Backlot,Hollywood and Dine,,,,Artie Shaw,8,
Yardbird Shuffle,,,,,,,,Hollywood Pictures Backlot,Hollywood and Dine,,,,Woody Herman,7,
Woodchopper's Ball,,,,,,,,Hollywood Pictures Backlot,Hollywood and Dine,,,,Woody Herman,6,
Make Believe,"Swing, Swing, Swing [1987]",,,,,,,Hollywood Pictures Backlot,Hollywood and Dine,,,,Benny Goodman,11,
Swimming Hole,The Man in the Moon OST,,Warner Bros / Wea,5,,Golden Vine Winery,,Golden State,Golden Vine Winery [REF],,,1:21.268,James Newton Howard,2,
Trade Winds,Once In A Blue Universe,,Higher Octave Music,7,,Golden Vine Winery,,Golden State,Golden Vine Winery [REF],,,4:50.818,Craig Chaquico,3,The album track is around 0.006 secs. slower than the loop track. 
Concache,Madrid,,GRP Records,8,,Golden Vine Winery,,Golden State,Golden Vine Winery [REF],,,4:28.144,Marc Antoine,4,The album track is around 0.005 secs. slower than the loop track
Turquoise Moon,Four Corners,,Higher Octave Music,3,,Golden Vine Winery,,Golden State,Golden Vine Winery [REF],"This loop originated with park opening, as seen in 2001 home videos (https://youtu.be/UjO75fQvMcw?feature=shared&t=4176 and https://www.youtube.com/watch?v=hfKfpfH94r8) where it could be heard around the district and in the Wine Country Market. As of 2024 it still plays in and around the Golden Vine Winery. Tracklist verified by pixelated based on his 2008 reference recording. See MouseBits, https://mousebits.com/smf/index.php?topic=3594.msg36841#msg36841 (2010).",00:52:25.098,4:15.516,Craig Chaquico,1,The album track is around 0.004 secs. slower than the loop track
Victor Teaches Art,Dying Young OST,,Arista Records,8,,Golden Vine Winery,,Golden State,Golden Vine Winery [REF],,,1:18.080,James Newton Howard,5,
Santa Fe,Nouveau Flamenco,,Higher Octave Music,6,,Golden Vine Winery,,Golden State,Golden Vine Winery [REF],,,4:15.055,Ottmar Liebert,7,
Sweetwater,From The Redwoods To The Rockies,,Windham Hill Jazz,8,,Golden Vine Winery,,Golden State,Golden Vine Winery [REF],,,4:30.209,Freeman & Chaquico,6,The album track is around 0.007 secs. slower than the loop track
Traveling West,Vacation Scenes,,FirstCom Music,11,,Golden Vine Winery,,Golden State,Golden Vine Winery [REF],,,3:23.522,"The Clair Marlo Project, Alexander Ace Baker",12,Also released as “Sunday Sailing” - Liquid Amber (Wildcat) which is out of print. Notes for that track: The loop track starts at 0:01.758 of album track.  The album track is around 0.002 secs. slower than the loop track
Sadhana,Sounds of Wood & Steel: A Windham Hill Collection,,Windham Hill Records,10,,Golden Vine Winery,,Golden State,Golden Vine Winery [REF],,,4:31.824,Steve Stevens,10,The loop track starts at 0:04.396 of album track.  The album track is around 0.006 secs. slower than the loop track.
Acoustic Planet,Acoustic Planet,,Higher Octave Music,9,,Golden Vine Winery,,Golden State,Golden Vine Winery [REF],,,7:33.479,Craig Chaquico,11,The loop track starts at 0:01.390 of album track.  The album track is around 0.010 secs. slower than the loop track.
Gathering Of The Tribes,Acoustic Planet,,Higher Octave Music,4,,Golden Vine Winery,,Golden State,Golden Vine Winery [REF],,,6:50.576,Craig Chaquico,9,The album track is around 0.007 secs. slower than the loop track
Oceans Apart,Once In A Blue Universe,,Higher Octave Music,8,,Golden Vine Winery,,Golden State,Golden Vine Winery [REF],,,5:03.350,Craig Chaquico,8,The album track is around 0.008 secs. slower than the loop track
Tryouts,Rudy,,,6,"February 8, 2001 → April 1, 2010",The Bay Area,,Golden State,The Bay Area [REF],,,4:23.227,Jerry Goldsmith,3,
Waiting,Rudy,,,3,"February 8, 2001 → April 1, 2010",The Bay Area,,Golden State,The Bay Area [REF],,,2:31.153,Jerry Goldsmith,2,
I'm Forrest...Forrest Gump,Forrest Gump – Original Motion Picture Score,,,1,"February 8, 2001 → April 1, 2010",The Bay Area,,Golden State,The Bay Area [REF],"This loop played on the San Francisco Street in the Bay Area district of the Golden State. It played from DCA’s opening through ca. 04/2010. Tracklist compiled by pixelated based on his reference recording. See MouseBits, https://mousebits.com/smf/index.php?topic=3174.msg26513#msg26513 (2009).",00:49:39.420,2:36.281,Alan Silvestri,1,Track 1’s fadeout at the end is cut-off/quickly crossfaded into the following loop track at 2:36.658 of the album track.  The album track plays over 2 milliseconds slower than the recording.
Back On The Field,Rudy,,,4,"February 8, 2001 → April 1, 2010",The Bay Area,,Golden State,The Bay Area [REF],,,2:07,Jerry Goldsmith,4,
Millenium Theme,Millennium: Tribal Wisdom and the Modern World (PBS series),,,18,"February 8, 2001 → April 1, 2010",The Bay Area,,Golden State,The Bay Area [REF],,,3:03,Hans Zimmer,9,
Trip To London,The Accidental Tourist,,,3,"February 8, 2001 → April 1, 2010",The Bay Area,,Golden State,The Bay Area [REF],,,1:52,John Williams,5,
Mountain High,Medicine Man,,,7,"February 8, 2001 → April 1, 2010",The Bay Area,,Golden State,The Bay Area [REF],,,2:32,Jerry Goldsmith,13,edited - album length 2:41
Countrylypso,Cool Runnings,,,10,"February 8, 2001 → April 1, 2010",The Bay Area,,Golden State,The Bay Area [REF],,,2:42,Hans Zimmer,14,
Opening,Tall Tale: The Unbelievable Adventures of Pecos Bill,,,1,"February 8, 2001 → April 1, 2010",The Bay Area,,Golden State,The Bay Area [REF],,,5:03,Randy Edelman,15,
Greenhouse,Green Card,,,5,"February 8, 2001 → April 1, 2010",The Bay Area,,Golden State,The Bay Area [REF],,,3:14,Hans Zimmer,17,
The Cleaner,Toy Story 2,,,14,"February 8, 2001 → April 1, 2010",The Bay Area,,Golden State,The Bay Area [REF],,,1:48,Randy Newman,8,
"Silence ",Green Card,,,9,"February 8, 2001 → April 1, 2010",The Bay Area,,Golden State,The Bay Area [REF],,,4:02,Hans Zimmer,16,"edited - album length 4:37
There is no gap between the ""Green Card"" tracks 16 & 17 so you could lump them together as a single medley track."
The Library,Field of Dreams,,,8,"February 8, 2001 → April 1, 2010",The Bay Area,,Golden State,The Bay Area [REF],,,2:24,James Horner,11,
The Planting,Masada (TV mini-series),,,3,"February 8, 2001 → April 1, 2010",The Bay Area,,Golden State,The Bay Area [REF],,,2:56,Jerry Goldsmith,6,
Leaving Wallbrook/On the Road,Rain Man,,,7,"February 8, 2001 → April 1, 2010",The Bay Area,,Golden State,The Bay Area [REF],,,2:49,Hans Zimmer,7,
End Titles,Dave,,,13,"February 8, 2001 → April 1, 2010",The Bay Area,,Golden State,The Bay Area [REF],,,4:11,James Newton Howard,10,
Philly Rebound,Up Close & Personal,,,14,"February 8, 2001 → April 1, 2010",The Bay Area,,Golden State,The Bay Area [REF],,,1:18,Thomas Newman,12,
Welcome - From “Brother Bear”/Soundtrack Version,"Brother Bear OST, track 3",,,,"October 1, 2003 → June 1, 2011",Grizzly Peak Recreation Area,,Golden State,"Ahwahnee Camp Circle, Magic of Brother Bear","This loop played inside the Redwood Creek Challenge Trail playground area and is a loop of three songs from the Brother Bear soundtrack. It was installed with the Brother Bear overlay addition in October 2003. Tracklist compiled by C33. See MouseBits, https://mousebits.com/smf/index.php?topic=6290.msg50090#msg50090 (2011).",Unknown,,Phil Collins,1,
Look Through My Eyes - From “Brother Bear”/Soundtrack Version,"Brother Bear OST, track 1",,,,"October 1, 2003 → June 1, 2011",Grizzly Peak Recreation Area,,Golden State,"Ahwahnee Camp Circle, Magic of Brother Bear",,,,Phil Collins,2,
On My Way - From “Brother Bear”/Soundtrack Version,"Brother Bear OST, track 6",,,,"October 1, 2003 → June 1, 2011",Grizzly Peak Recreation Area,,Golden State,"Ahwahnee Camp Circle, Magic of Brother Bear",,,,Phil Collins,3,
The High and the Mighty: Suite,The High And The Mighty (A Century of Flight),,,,"August 1, 2011 → January 8, 2015",Condor Flats,,Golden State,Condor Flats v.2,,,00:01:47.149,Dimitri Tiomkin,16,Edited (early end)
Overture (From ‘The Blue Max’),Goldsmith Conducts Goldsmith,,,,"August 1, 2011 → January 8, 2015",Condor Flats,,Golden State,Condor Flats v.2,"This loop replaced the original Condor Flats loop in early August, 2011, and remained until it closed to be rethemed to Grizzly Peak Airfield on January 8, 2015. Compared to the original loop, many of the more dramatic instrumentals were swapped out for music that was more in line with the period of Buena Vista Street. Tracklist compiled by pixelated based on his reference recording. Individual track lengths are measured from the start of that track to the start of the following track, so any gap between tracks is included in that time. See MouseBits, https://mousebits.com/smf/index.php?topic=6621.msg54447#msg54447 (2011).",00:50:06.000,00:02:16.377,Jerry Goldsmith,1,
The Guns of Navarone,"Age of Silver Screen, Vol. 1 - The Adventure",,,,"August 1, 2011 → January 8, 2015",Condor Flats,,Golden State,Condor Flats v.2,,,00:02:50.547,The BBC Band,13,
633 Squadron: Main Theme,The Film Music of Ron Goodwin,,,,"August 1, 2011 → January 8, 2015",Condor Flats,,Golden State,Condor Flats v.2,,,00:02:52.349,"Rumon Gamba, BBC Philharmonic",12,
The Great Waldo Pepper: March,The High And The Mighty (A Century of Flight),,,,"August 1, 2011 → January 8, 2015",Condor Flats,,Golden State,Condor Flats v.2,,,00:02:20.783,Henry Mancini,2,
Valiant,Valiant (Original Motion Picture Soundtrack),,,,"August 1, 2011 → January 8, 2015",Condor Flats,,Golden State,Condor Flats v.2,,,00:01:23.069,George Fenton,4,"Edited (late start, early end)"
Operation Crossbow: Main Theme,The Film Music of Ron Goodwin,,,,"August 1, 2011 → January 8, 2015",Condor Flats,,Golden State,Condor Flats v.2,,,00:02:24.956,"Rumon Gamba, BBC Philharmonic",18,Edited (late start)
I Bid You Farewell/MacArthur March,MacArthur (OST),,,,"August 1, 2011 → January 8, 2015",Condor Flats,,Golden State,Condor Flats v.2,,,00:02:22.229,Jerry Goldsmith,9,Edited from ~1:49.25-end
Those Magnificent Men In Their Flying Machines,The Film Music of Ron Goodwin,,,,"August 1, 2011 → January 8, 2015",Condor Flats,,Golden State,Condor Flats v.2,,,00:01:03.427,"Rumon Gamba, BBC Philharmonic",14,"The loop track is a section of the album track that runs from 1:31.341 to 2:34.896. There is no gap between this track and the following track, just a quick crossfade into the opening flourish of the next track."
Coastal Command Suite: I. Prelude,The Film Music of Ralph Vaughan Williams,,,,"August 1, 2011 → January 8, 2015",Condor Flats,,Golden State,Condor Flats v.2,,,00:01:32.830,"Rumon Gamba, BBC Philharmonic Orchestra",8,
I Was Monty's Double (March),The Film Music of John Addison,,,,"August 1, 2011 → January 8, 2015",Condor Flats,,Golden State,Condor Flats v.2,,,00:02:49.749,"Rumon Gamba, BBC Concert Orchestra",7,
Main Title,The Musketeer (Original Motion Picture Soundtrack),,,,"August 1, 2011 → January 8, 2015",Condor Flats,,Golden State,Condor Flats v.2,,,00:02:09.577,"David Arnold, Nicholas Dodd",17,
The Last Starfighter: Main Title,The High And The Mighty (A Century of Flight),,,,"August 1, 2011 → January 8, 2015",Condor Flats,,Golden State,Condor Flats v.2,,,00:03:10.862,Craig Safan,5,
Swashbuckler: Suite,The Film Music of John Addison,,,3,"August 1, 2011 → January 8, 2015",Condor Flats,,Golden State,Condor Flats v.2,,,00:02:18.853,"Rumon Gamba, BBC Concert Orchestra",15,The loop track starts at 3:22.279 of the album track and runs to the end of that track.
Force Ten From Navarone: Main Theme,The Film Music of Ron Goodwin,,,,"August 1, 2011 → January 8, 2015",Condor Flats,,Golden State,Condor Flats v.2,,,00:03:04.549,"Rumon Gamba, BBC Philharmonic",10,
Strategic Air Command March,A Century of Progress,,,,"August 1, 2011 → January 8, 2015",Condor Flats,,Golden State,Condor Flats v.2,,,00:03:25.445,U.S. Air Force Band of the West,6,
Reach For The Sky,The Film Music of John Addison,,,,"August 1, 2011 → January 8, 2015",Condor Flats,,Golden State,Condor Flats v.2,,,00:04:00.768,"Rumon Gamba, BBC Concert Orchestra",3,
Midway March,I Love a Parade,,,,"August 1, 2011 → January 8, 2015",Condor Flats,,Golden State,Condor Flats v.2,,,00:04:06.838,John Williams/Boston Pops,11,
Robert’s Theme (from ‘Lionheart’),Goldsmith Conducts Goldsmith,,,,"August 1, 2011 → January 8, 2015",Condor Flats,,Golden State,Condor Flats v.2,,,00:04:05.636,Jerry Goldsmith,19,
Belle ,Beauty and the Beast,,,,"January 1, 2011",,,"Hollywood Land, Hollywood Pictures Backlot",Animation Building Lobby v.2,,,,,2,
Part of Your World,The Little Mermaid,,,,"January 1, 2011",,,"Hollywood Land, Hollywood Pictures Backlot",Animation Building Lobby v.2,"This is the second version of the loop that plays in the Animation Building Lobby, and was used from 2011 until 2025. These songs are not played in their entirety; they are short, edited clips, maybe a minute or so long. The Frozen tracks were added during Frozen Fun in 2015 and retained thereafter as part of the regular loop. Tracklist compiled by RocketRodsXPR based on a reference recording. See MouseBits, https://mousebits.com/smf/index.php?topic=8876.msg84834#msg84834 (2015).",00:30:53.906 (with Frozen tracks added),,,1,
The Mad Tea Party (Score),Alice in Wonderland,,,,"January 1, 2011",,,"Hollywood Land, Hollywood Pictures Backlot",Animation Building Lobby v.2,,,,,18,
Hawaiian Roller Coaster Ride ,Lilo and Stitch,,,,"January 1, 2011",,,"Hollywood Land, Hollywood Pictures Backlot",Animation Building Lobby v.2,,,,,14,
Casey Jr. ,Dumbo,,,,"January 1, 2011",,,"Hollywood Land, Hollywood Pictures Backlot",Animation Building Lobby v.2,,,,,23,
When You Wish Upon a Star ,Pinocchio,,,,"January 1, 2011",,,"Hollywood Land, Hollywood Pictures Backlot",Animation Building Lobby v.2,,,,,32,
He's a Tramp ,Lady and the Tramp,,,,"January 1, 2011",,,"Hollywood Land, Hollywood Pictures Backlot",Animation Building Lobby v.2,,,,,21,Vocals (unreleased)
Once Upon a Dream ,Sleeping Beauty,,,,"January 1, 2011",,,"Hollywood Land, Hollywood Pictures Backlot",Animation Building Lobby v.2,,,,,29,
Married Life ,Up,,,,"January 1, 2011",,,"Hollywood Land, Hollywood Pictures Backlot",Animation Building Lobby v.2,,,,,19,
Hi-Diddle-Dee-Dee - An Actor's Life for Me,Pinocchio,,,,"January 1, 2011",,,"Hollywood Land, Hollywood Pictures Backlot",Animation Building Lobby v.2,,,,,17,
End Creditouilles ,Ratatouille,,,,"January 1, 2011",,,"Hollywood Land, Hollywood Pictures Backlot",Animation Building Lobby v.2,,,,,13,
I See the Light  ,Tangled,,,,"January 1, 2011",,,"Hollywood Land, Hollywood Pictures Backlot",Animation Building Lobby v.2,,,,,22,
Morning Paper ,Lady and the Tramp,,,,"January 1, 2011",,,"Hollywood Land, Hollywood Pictures Backlot",Animation Building Lobby v.2,,,,,20,Score
Little April Shower ,Bambi,,,,"January 1, 2011",,,"Hollywood Land, Hollywood Pictures Backlot",Animation Building Lobby v.2,,,,,4,
The Bare Necessities ,The Jungle Book,,,,"January 1, 2011",,,"Hollywood Land, Hollywood Pictures Backlot",Animation Building Lobby v.2,,,,,8,
A Dream Is a Wish Your Heart Makes ,Cinderella,,,,"January 1, 2011",,,"Hollywood Land, Hollywood Pictures Backlot",Animation Building Lobby v.2,,,,,10,
Colors of the Wind ,Pocahontas,,,,"January 1, 2011",,,"Hollywood Land, Hollywood Pictures Backlot",Animation Building Lobby v.2,,,,,28,
Field Trip ,Finding Nemo,,,,"January 1, 2011",,,"Hollywood Land, Hollywood Pictures Backlot",Animation Building Lobby v.2,,,,,5,
"The Scare Floor (Monsters, Inc)","Monsters, Inc.",,,,"January 1, 2011",,,"Hollywood Land, Hollywood Pictures Backlot",Animation Building Lobby v.2,,,,,12,
Suite from Mulan ,Mulan,,,,"January 1, 2011",,,"Hollywood Land, Hollywood Pictures Backlot",Animation Building Lobby v.2,,,,,11,
Sorcerer's Apprentice ,Fantasia,,,,"January 1, 2011",,,"Hollywood Land, Hollywood Pictures Backlot",Animation Building Lobby v.2,,,,,3,
I've Been Tricked ,Snow White and the Seven Dwarfs,,,,"January 1, 2011",,,"Hollywood Land, Hollywood Pictures Backlot",Animation Building Lobby v.2,,,,,6,
A Whole New World ,Aladdin,,,,"January 1, 2011",,,"Hollywood Land, Hollywood Pictures Backlot",Animation Building Lobby v.2,,,,,30,
McQueen & Sally,Cars,,,,"January 1, 2011",,,"Hollywood Land, Hollywood Pictures Backlot",Animation Building Lobby v.2,,,,,27,
The Glory Days ,The Incredibles,,,,"January 1, 2011",,,"Hollywood Land, Hollywood Pictures Backlot",Animation Building Lobby v.2,,,,,7,
King of Pride Rock ,The Lion King,,,,"January 1, 2011",,,"Hollywood Land, Hollywood Pictures Backlot",Animation Building Lobby v.2,,,,,25,
Two Worlds - Finale ,Tarzan,,,,"January 1, 2011",,,"Hollywood Land, Hollywood Pictures Backlot",Animation Building Lobby v.2,,,,,15,Not same as OST (from point in movie with Tarzan and Jane in jungle garb 'surfing' the branches); missing part of the vocals
Baby Mine ,Dumbo,,,,"January 1, 2011",,,"Hollywood Land, Hollywood Pictures Backlot",Animation Building Lobby v.2,,,,,24,
You've Got a Friend ,Toy Story 2,,,,"January 1, 2011",,,"Hollywood Land, Hollywood Pictures Backlot",Animation Building Lobby v.2,,,,,9,
The Second Star to the Right ,Peter Pan,,,,"January 1, 2011",,,"Hollywood Land, Hollywood Pictures Backlot",Animation Building Lobby v.2,,,,,31,
In Summer,Frozen,,,,"January 1, 2011",,,"Hollywood Land, Hollywood Pictures Backlot",Animation Building Lobby v.2,,,,,16,
Let It Go,Frozen,,,,"January 1, 2011",,,"Hollywood Land, Hollywood Pictures Backlot",Animation Building Lobby v.2,,,,,26,
Somewhere Over the Rainbow,Aisle Seat,,Philips (1989),,"February 8, 2001",,,Hollywood Pictures Backlot,Hyperion Theater Queue v.1,"This loop played in the Hyperion Theater outdoor queue, starting in 2001 and was still audible as of 2012. It has since been replaced by the Avengers Campus loop. Tracklist originally posted by Scott on Magic Music, https://community.magicmusic.net/threads/disneyland-music-loops.17/post-334 (2002). Also see MouseBits, https://mousebits.com/smf/index.php?topic=7068.msg59935#msg59935 (2012).",Unknown,,John Williams & the Boston Pops,1,
Damn Yankees Overture,Damn Yankees: An Original Soundtrack Recording [1958],,"RCA, 1989",,"February 8, 2001",,,Hollywood Pictures Backlot,Hyperion Theater Queue v.1,,,,,20,
West Side Story End Credits,West Side Story [Original Soundtrack Recording],,"Sony, 2001",,"February 8, 2001",,,Hollywood Pictures Backlot,Hyperion Theater Queue v.1,,,,,9,
South Pacific Overture,South Pacific [1958 Film Soundtrack],,"RCA, 1958",,"February 8, 2001",,,Hollywood Pictures Backlot,Hyperion Theater Queue v.1,,,,,6,
Oliver! Overture,Oliver! An Original Soundtrack Recording,,"Sony, 1989",,"February 8, 2001",,,Hollywood Pictures Backlot,Hyperion Theater Queue v.1,,,,,10,
The Music Man Main Title,The Music Man [1962 Film Soundtrack],,,,"February 8, 2001",,,Hollywood Pictures Backlot,Hyperion Theater Queue v.1,,,,,2,Edited to include 00:06 - 01:58
Chitty Chitty Bang Bang,Chitty Chitty Bang Bang: Original MGM Motion Picture Soundtrack,,"Rykodisc, 1997",,"February 8, 2001",,,Hollywood Pictures Backlot,Hyperion Theater Queue v.1,,,,,17,
The Sound of Music Overture,The Sound of Music [35th Annivesary Collector's Edition],,"RCA, 2000",,"February 8, 2001",,,Hollywood Pictures Backlot,Hyperion Theater Queue v.1,,,,,18,Edited to include 00.00 - 2.40
Rooftop,Newsies: The Musical,,"Walt Disney Records, 1992",,"February 8, 2001",,,Hollywood Pictures Backlot,Hyperion Theater Queue v.1,,,,,13,
Dr. Doolittle Overture,Dr. Doolittle: Original Motion Picture Soundtrack [1967],,"Phillips, 1997",,"February 8, 2001",,,Hollywood Pictures Backlot,Hyperion Theater Queue v.1,,,,,16,
Crapshooters' Dance,Guys and Dolls [1992 Broadway Revival Cast],,"RCA Victor Broadway, 1992",,"February 8, 2001",,,Hollywood Pictures Backlot,Hyperion Theater Queue v.1,,,,,15,Edited to include 00.06 - End
My Fair Lady Overture,My Fair Lady [1964 Film Soundtrack],,"Sony, 1994",,"February 8, 2001",,,Hollywood Pictures Backlot,Hyperion Theater Queue v.1,,,,,4,
Mary Poppins Overture,Mary Poppins [Original Soundtrack],,"Walt Disney Records, 1997",,"February 8, 2001",,,Hollywood Pictures Backlot,Hyperion Theater Queue v.1,,,,,8,
Victor / Victoria Main Title,Victor / Victoria [1982 Film Soundtrack],,"Rhino, 2002",,"February 8, 2001",,,Hollywood Pictures Backlot,Hyperion Theater Queue v.1,,,,,11,
Oklahoma Overture (LP Version),Oklahoma! [1955 Film Soundtrack],,Angel Records (2001),,"February 8, 2001",,,Hollywood Pictures Backlot,Hyperion Theater Queue v.1,,,,,3,
"New York, New York",Aisle Seat,,"Philips, 1989",,"February 8, 2001",,,Hollywood Pictures Backlot,Hyperion Theater Queue v.1,,,,John Williams & the Boston Pops,7,
The Trolley Song,Aisle Seat,,"Philips, 1989",,"February 8, 2001",,,Hollywood Pictures Backlot,Hyperion Theater Queue v.1,,,,John Williams & the Boston Pops,5,
Fightin' Irish: Strike Action,Newsies: The Musical,,"Walt Disney Records, 1992",,"February 8, 2001",,,Hollywood Pictures Backlot,Hyperion Theater Queue v.1,,,,,12,
Gigi Main Title,Gigi: Original Motion Picture Soundtrack,,"Rhino, 1996",,"February 8, 2001",,,Hollywood Pictures Backlot,Hyperion Theater Queue v.1,,,,,19,
Love is a Many Splendored Thing,Grease [Original 1978 Motion Picture Soundtrack],,"Polydor, 1978",,"February 8, 2001",,,Hollywood Pictures Backlot,Hyperion Theater Queue v.1,,,,,14,
Southern Streamline,Blue Moon Swamp,,,,"February 8, 2001 → January 30, 2012",Grizzly Peak Recreation Area,,Golden State,Grizzly River Run Queue v.1,"This loop played in the Grizzly River Run queue from park opening until ~January 30, 2012, when the attraction closed for refurbishment and placemaking with the land retheming. It is a radio station-style loop featuring announcements and callers between songs. It was most audibly heard in the queue line over the bridge, near the displays with the kayaks on the roof where there was a desk with a radio playing the loop. It also played overhead the attraction exit staircase. A MouseBits torrent is available of live recording samples of the announcements. Tracklist compiled by MouseBits user CAScreaminDude. See MouseBits, https://mousebits.com/smf/index.php?topic=4002.msg27574#msg27574 (2009), https://mousebits.com/smf/index.php?topic=3463.msg30244#msg30244.",00:56:41.023,,John Fogerty,1,
Love Gets Me Every Time,Come On Over,,,,"February 8, 2001 → January 30, 2012",Grizzly Peak Recreation Area,,Golden State,Grizzly River Run Queue v.1,,,,Shania Twain,2,
Twenty-One,Desperado,,,,"February 8, 2001 → January 30, 2012",Grizzly Peak Recreation Area,,Golden State,Grizzly River Run Queue v.1,,,,Eagles,12,
Lucky 4 U (Tonight I’m Just Me),The Whole Shebang,,,,"February 8, 2001 → January 30, 2012",Grizzly Peak Recreation Area,,Golden State,Grizzly River Run Queue v.1,,,,SHeDAISY,8,
Midnight Flyer,On the Border,,,,"February 8, 2001 → January 30, 2012",Grizzly Peak Recreation Area,,Golden State,Grizzly River Run Queue v.1,,,,Eagles,9,
"Heads Carolina, Tails Carolina",Jo Dee Messina,,,,"February 8, 2001 → January 30, 2012",Grizzly Peak Recreation Area,,Golden State,Grizzly River Run Queue v.1,,,,Jo Dee Messina,13,
Nothin’ But the Taillights,Nothin’ But the Taillights,,,,"February 8, 2001 → January 30, 2012",Grizzly Peak Recreation Area,,Golden State,Grizzly River Run Queue v.1,,,,Clint Black,3,
If I Fall You’re Going Down With Me,Fly,,,,"February 8, 2001 → January 30, 2012",Grizzly Peak Recreation Area,,Golden State,Grizzly River Run Queue v.1,,,,Dixie Chicks,5,
Bring It Down to Jelly Roll,Blue Moon Swamp,,,,"February 8, 2001 → January 30, 2012",Grizzly Peak Recreation Area,,Golden State,Grizzly River Run Queue v.1,,,,John Fogerty,7,
Lookin’ Out My Back Door,Cosmo’s Factory,,,,"February 8, 2001 → January 30, 2012",Grizzly Peak Recreation Area,,Golden State,Grizzly River Run Queue v.1,,,,Creedence Clearwater Revival,10,
Proud Mary,Bayou Country,,,,"February 8, 2001 → January 30, 2012",Grizzly Peak Recreation Area,,Golden State,Grizzly River Run Queue v.1,,,,Creedence Clearwater Revival,11,
Prayin’ For Daylight,Rascal Flatts,,,,"February 8, 2001 → January 30, 2012",Grizzly Peak Recreation Area,,Golden State,Grizzly River Run Queue v.1,,,,Rascal Flatts,6,
Deal With It,,,,,"February 8, 2001 → January 30, 2012",Grizzly Peak Recreation Area,,Golden State,Grizzly River Run Queue v.1,,,,"Sonya Isaacs, Michael McDonald",4,"This track is only available on a 1999 promo album by Sonya Isaacs, released under Disney’s Country Label ‘Lyric Street Records’ https://www.discogs.com/release/16542420-Sonya-Isaacs-Sonya-Isaacs"
"""This is KGRR, GRR Radio! Alright, we're back, you're tuned in to KGRR playing the golden sounds of California's gold country..."" - Call in",,,,,"February 8, 2001 → January 30, 2012",Grizzly Peak Recreation Area,,Golden State,Grizzly River Run Queue v.1,,,,"KGRR, GRR Radio! ",2.5,
"""Hello, are you searching for a tasty alternative to animal protein during lunch or dinner..."" - Megan's Vegan Cafe advertisement ""...we have a caller!... Ranger Clark Taguchi"" - Interview with Grizzly Peak's loneliest guy",,,,,"February 8, 2001 → January 30, 2012",Grizzly Peak Recreation Area,,Golden State,Grizzly River Run Queue v.1,,,,"KGRR, GRR Radio! ",8.5,
Some Days You Gotta Dance,Fly,,,,"February 8, 2001 → January 30, 2012",Grizzly Peak Recreation Area,,Golden State,Grizzly River Run Queue v.1,,,,Dixie Chicks,14,
"""Hi, Marge and Ed here from Rushin' River Outfitters..."" - Rushin' River Outfitters advertisement",,,,,"February 8, 2001 → January 30, 2012",Grizzly Peak Recreation Area,,Golden State,Grizzly River Run Queue v.1,,,,"KGRR, GRR Radio! ",12.5,
More with Ranger Clark Taguchi,,,,,"February 8, 2001 → January 30, 2012",Grizzly Peak Recreation Area,,Golden State,Grizzly River Run Queue v.1,,,,"KGRR, GRR Radio! ",10.5,
"“We're back, and Grizzly Peak, we did not get a single call during those songs. Hello, Dwight! Grizzly Peak's population is like three..."" - Interview with Bumper, GRR Rafting Guide",,,,,"February 8, 2001 → January 30, 2012",Grizzly Peak Recreation Area,,Golden State,Grizzly River Run Queue v.1,,,,"KGRR, GRR Radio! ",4.5,
"""Welcome back..."" - Rhoda and Dwight argue about how to pronounce ""Sierra""",,,,,"February 8, 2001 → January 30, 2012",Grizzly Peak Recreation Area,,Golden State,Grizzly River Run Queue v.1,,,,"KGRR, GRR Radio! ",13.5,
"""Okay, we're back, and since nobody seems to be calling in at KGRR, it's time for some community announcements..."" - Community Events Calendar",,,,,"February 8, 2001 → January 30, 2012",Grizzly Peak Recreation Area,,Golden State,Grizzly River Run Queue v.1,,,,"KGRR, GRR Radio! ",6.5,
"Kress (or the Ambiguities) (from ""Cadaveri Eccellenti"")",Movies Music Vol. 3 [partial],,,,,Incredibles Park,,Pixar Pier,Incredibles Park,"This loop plays in the Incredibles Park neighborhood of Pixar Pier, which encompasses the Incredicoaster queue and the nearby courtyard. The loop was introduced with the rebranding of California Screamin’ to Incredicoaster in June 2018. Tracklist compiled by pixelated based on his reference recording. See MouseBits, https://mousebits.com/smf/index.php?topic=9820.msg92623#msg92623.",~01:13:13.07,00:04:43.103,Piero Piccioni,1,
A Night in Tunisia,Splendor in the Brass,,,,,Incredibles Park,,Pixar Pier,Incredibles Park,,,00:01:56.786,Chuck Sagle & His Orchestra,4,
Drivin' Around the Block,Exotica [The Ultimate Collection],,,,,Incredibles Park,,Pixar Pier,Incredibles Park,,,00:02:11.115,Dickie Harrell,17,Alt album: Ultra-Lounge: Space Capades Volume Three
Incredits 2,Incredibles 2 OST,,,,,Incredibles Park,,Pixar Pier,Incredibles Park,,,00:02:36.057,Michael Giacchino,6,
The Cat,Once A Thief And Other Themes,,,,,Incredibles Park,,Pixar Pier,Incredibles Park,,,00:02:35.357,Lalo Schifrin,16,
Unknown C,,,,,,Incredibles Park,,Pixar Pier,Incredibles Park,,,00:01:13.563,,15,
Life's Incredible Again,The Incredibles OST,,,,,Incredibles Park,,Pixar Pier,Incredibles Park,,,00:01:19.501,Michael Giacchino,7,
Mombasa,The Savage And The Sensuous Bongos,,,,,Incredibles Park,,Pixar Pier,Incredibles Park,,,00:02:26.021,Don Ralke,12,
Just One Of Those Things,Oklahoma/Can Can,,,,,Incredibles Park,,Pixar Pier,Incredibles Park,,,00:02:29.140,Nelson Riddle,5,
Unknown A,,,,,,Incredibles Park,,Pixar Pier,Incredibles Park,,,00:03:01.518,,3,
Unknown B,,,,,,Incredibles Park,,Pixar Pier,Incredibles Park,,,00:01:37.270,,10,
A Taste of Honey,Chuck Sagle and Neal Hefti Orchestras. Splendor in the Brass/Jazz Pops,,,,,Incredibles Park,,Pixar Pier,Incredibles Park,,,00:03:20.612,Chuck Sagle,14,
77 Sunset Strip Cha Cha,77 Sunset Strip,,,,,Incredibles Park,,Pixar Pier,Incredibles Park,,,00:02:01.285,Warren Barker and His Orchestra,8,
Make Someone Happy,Footlight Percussion [With Bonus Tracks],,,,,Incredibles Park,,Pixar Pier,Incredibles Park,,,00:02:26.022,Terry Snyder,2,
Bernie's Tune,Chuck Sagle and Neal Hefti Orchestras. Splendor in the Brass/Jazz Pops,,,,,Incredibles Park,,Pixar Pier,Incredibles Park,,,00:02:41.521,Chuck Sagle,13,
The Poor People of Paris (Jean's Song),Ultra Lounge: A Bachelor in Paris,,,,,Incredibles Park,,Pixar Pier,Incredibles Park,,,00:01:50.263,Billy May & Les Baxter,11,
Charade,The Big Kahuna,,,,,Incredibles Park,,Pixar Pier,Incredibles Park,,,00:02:33.028,Si Zentner,9,
The Swingin' Eye,Suddenly It's Swing/The Swingin' Eye,,,,,Incredibles Park,,Pixar Pier,Incredibles Park,,,00:02:47.216,Si Zentner,27,
Something for the Cat,Breakfast At Tiffany's,,,,,Incredibles Park,,Pixar Pier,Incredibles Park,,,00:03:04.359,Henry Mancini,29,
Incredits 2,Incredibles 2 OST,,,,,Incredibles Park,,Pixar Pier,Incredibles Park,,,00:01:04.761,Michael Giacchino,30,
Music To Watch Girls By,World Championship Ballroom Dances,,,,,Incredibles Park,,Pixar Pier,Incredibles Park,,,00:02:06.350,Joe Loss & His Orchestra,19,
Guys And Dolls,Ultra-Lounge: Bottoms Up,,,,,Incredibles Park,,Pixar Pier,Incredibles Park,,,00:01:58.885,Terry Snyder,23,
Unknown D,,,,,,Incredibles Park,,Pixar Pier,Incredibles Park,,,00:01:55.418,,21,
Off To Work,The Incredibles OST,,,,,Incredibles Park,,Pixar Pier,Incredibles Park,,,00:01:51.997,Michael Giacchino,25,
"Theme From ""The Nice Guys”",The Nice Guys (Original Motion Picture Score),,,,,Incredibles Park,,Pixar Pier,Incredibles Park,,,00:01:54.385,John Ottman & David Buckley,28,
Kookie's Caper,77 Sunset Strip,,,,,Incredibles Park,,Pixar Pier,Incredibles Park,,,00:02:03.299,Warren Barker and His Orchestra,20,
The Incredits,The Incredibles OST,,,,,Incredibles Park,,Pixar Pier,Incredibles Park,,,00:07:02.267,Michael Giacchino,18,
Room 26 (Movie Version),Bullitt,,,,,Incredibles Park,,Pixar Pier,Incredibles Park,,,00:02:23.570,Lalo Schifrin,22,
Unknown E,,,,,,Incredibles Park,,Pixar Pier,Incredibles Park,,,00:01:16.431,,26,
Fascinating Rhythm,But You've Never Heard Gershwin with Bongos,,,,,Incredibles Park,,Pixar Pier,Incredibles Park,,,00:02:41.507,Don Ralke & His Orchestra,24,start unclear
Up with End Credits,Up,,,,,Pixar Promenade,,Pixar Pier,Pixar Promenade [REF],"This loop plays alongside the Pixar Promenade neighborhood of Pixar Pier, which starts between the end of the arch and Jessie's Critter Carousel and continues the length of the boardwalk to the Inside Out Headquarters. The loop was introduced in June 2018 with the opening of Pixar Pier. Tracklist compiled by pixelated based on his reference recording. All tracks have been verified with their source tracks. See MouseBits, https://mousebits.com/smf/index.php?topic=9820.msg92792#msg92792 (2018).",00:48:06.246,00:05:15.160,Michael Giacchino,1,edit is from the start to 5:15.445
Gnarly Chop,Finding Dory ,,,,,Pixar Promenade,,Pixar Pier,Pixar Promenade [REF],,, 00:01:33.495,Thomas Newman,24,
Define Dancing,WALL-E ,,,,,Pixar Promenade,,Pixar Pier,Pixar Promenade [REF],,, 00:02:19.626,Thomas Newman,4,
WALL-E,WALL-E,,,,,Pixar Promenade,,Pixar Pier,Pixar Promenade [REF],,, 00:01:25.474,Thomas Newman,13,edited start to 1:25.600
The Turtle Lope,Finding Nemo,,,,,Pixar Promenade,,Pixar Pier,Pixar Promenade [REF],,, 00:01:31.427,Thomas Newman,9,edited 0:28.218 to1:59.646 or end 
Merida's Home,Brave ,,,,,Pixar Promenade,,Pixar Pier,Pixar Promenade [REF],,, 00:01:27.750,Patrick Doyle,21,
End Creditouilles,Ratatouille ,,,,,Pixar Promenade,,Pixar Pier,Pixar Promenade [REF],,, 00:01:33.535,Michael Giacchino,10,edited 2:24.280 to 3:57.816
Dept. Of Family Reunions,Coco,,,,,Pixar Promenade,,Pixar Pier,Pixar Promenade [REF],,, 00:02:42.537,Michael Giacchino,18,
Run With The Herd,The Good Dinosaur,,,,,Pixar Promenade,,Pixar Pier,Pixar Promenade [REF],,,00:00:57.795,"Jeff Danna, Mychael Danna",7,edited 0:14.424 to 1:12.219 
First Day,Finding Nemo ,,,,,Pixar Promenade,,Pixar Pier,Pixar Promenade [REF],,, 00:01:06.987,Thomas Newman,23,
Remy Drives a Linguini,Ratatouille ,,,,,Pixar Promenade,,Pixar Pier,Pixar Promenade [REF],,, 00:02:25.532,Michael Giacchino,15,
Up with Titles,Up ,,,,,Pixar Promenade,,Pixar Pier,Pixar Promenade [REF],,, 00:00:51.095,Michael Giacchino,16,
Fish Who Wander,Finding Dory ,,,,,Pixar Promenade,,Pixar Pier,Pixar Promenade [REF],,, 00:01:17.247,Thomas Newman,8,
A Bug's Life Suite,a bug's life,,,,,Pixar Promenade,,Pixar Pier,Pixar Promenade [REF],,, 00:00:59.617,Randy Newman,20,Edited 4:09.745 to end 
EVE,WALL-E,,,,,Pixar Promenade,,Pixar Pier,Pixar Promenade [REF],,, 00:00:52.288,Thomas Newman,14,edited 0:07.486 to end
Colette Shows Him le Ropes,Ratatouille ,,,,,Pixar Promenade,,Pixar Pier,Pixar Promenade [REF],,, 00:02:54.629,Michael Giacchino,25,
Fate And Destiny,Brave,,,,,Pixar Promenade,,Pixar Pier,Pixar Promenade [REF],,, 00:01:16.981,Patrick Doyle,3,edited start to 1:17.195 
Walk to Work,"Monsters, Inc.",,,,,Pixar Promenade,,Pixar Pier,Pixar Promenade [REF],,, 00:02:27.023,Randy Newman,26,Edited start to 2:27.726 
Fiesta con de la Cruz,Coco ,,,,,Pixar Promenade,,Pixar Pier,Pixar Promenade [REF],,, 00:02:31.065,Michael Giacchino,6,
The Flik Machine,a bug's life ,,,,,Pixar Promenade,,Pixar Pier,Pixar Promenade [REF],,, 00:02:50.343,Randy Newman,12,
Fireflies,The Good Dinosaur,,,,,Pixar Promenade,,Pixar Pier,Pixar Promenade [REF],,, 00:01:00.008,Mychael Danna & Jeff Danna,2,edited 1:03.289 to 2:03.297
Carl Goes Up,Up,,,,,Pixar Promenade,,Pixar Pier,Pixar Promenade [REF],,, 00:02:06.619,Michael Giacchino,17,edited start to 2:07.246
Field Trip,Finding Nemo,,,,,Pixar Promenade,,Pixar Pier,Pixar Promenade [REF],,, 00:00:53.149,Thomas Newman,22,Edited start to 0:53.317 
Sulley and Mike,"Monsters, Inc.",,,,,Pixar Promenade,,Pixar Pier,Pixar Promenade [REF],,, 00:01:04.201,Randy Newman,5,edited 0:48.951 to end
"Monsters, Inc.","Monsters, Inc. ",,,,,Pixar Promenade,,Pixar Pier,Pixar Promenade [REF],,, 00:02:04.836,Randy Newman,11,
The Scare Floor,"Monsters, Inc. ",,,,,Pixar Promenade,,Pixar Pier,Pixar Promenade [REF],,, 00:02:37.805,Randy Newman,19,
 If I Didn't Have You,"Monsters, Inc. ",,,,,,,Pixar Pier,Pixar Pier Entrance Loop,"This is a preliminary tracklist for the Pixar Pier Entrance loop. The loop plays on the ramp/bridge going up to the Lamplight Lounge, around the outside of the lounge & Adorable Snowman Frosted Treats, and up to the end of the billboards. The loop was introduced in June 2018 with the opening of Pixar Pier. Tracklist compiled by pixelated based on his reference recording. See MouseBits, https://mousebits.com/smf/index.php?topic=9820.msg92826#msg92826 (2018).",01:27:01.910, 00:03:36.501,"Billy Crystal, John Goodman",1,Preceded by a 14.62 sec. silent gap.
 Put On Your Sunday Clothes,WALL-E ,,,,,,,Pixar Pier,Pixar Pier Entrance Loop,,, 00:01:11.827,Michael Crawford,19,
 Remember Me (Ernesto de la Cruz),Coco ,,,,,,,Pixar Pier,Pixar Pier Entrance Loop,,, 00:01:43.011,Benjamin Bratt,9,
 The Flik Machine,A Bug's Life ,,,,,,,Pixar Pier,Pixar Pier Entrance Loop,,, 00:02:50.078,Randy Newman,10,
 Field Trip,Finding Nemo ,,,,,,,Pixar Pier,Pixar Pier Entrance Loop,,, 00:00:42.199,Thomas Newman,11,
 Married Life,Up ,,,,,,,Pixar Pier,Pixar Pier Entrance Loop,,, 00:02:49.568,Michael Giacchino,24,
 Le festin,Ratatouille ,,,,,,,Pixar Pier,Pixar Pier Entrance Loop,,, 00:02:21.780,"Michael Giacchino, Camille",22,
 You've Got a Friend In Me,Toy Story ,,,,,,,Pixar Pier,Pixar Pier Entrance Loop,,, 00:02:00.346,Randy Newman,12,
 Strange Things,Toy Story ,,,,,,,Pixar Pier,Pixar Pier Entrance Loop,,, 00:03:11.055,Randy Newman,7,
" Monsters, Inc","Monsters, Inc. ",,,,,,,Pixar Pier,Pixar Pier Entrance Loop,,, 00:02:01.975,Randy Newman,23,
 Fiesta Espectacular,Coco ,,,,,,,Pixar Pier,Pixar Pier Entrance Loop,,, 00:00:52.975,Michael Giacchino,14,
 Up with Titles,Up ,,,,,,,Pixar Pier,Pixar Pier Entrance Loop,,, 00:00:50.681,Michael Giacchino,13,
 Touch the Sky,Brave ,,,,,,,Pixar Pier,Pixar Pier Entrance Loop,,, 00:02:24.484,Julie Fowlis,18,
 Gnarly Chop,Finding Dory ,,,,,,,Pixar Pier,Pixar Pier Entrance Loop,,, ~00:01:25.710,Thomas Newman,17,
 Beyond the Sea,Finding Nemo ,,,,,,,Pixar Pier,Pixar Pier Entrance Loop,,, 00:04:11.660,Robbie Williams,27,
 The World Es Mi Familia,Coco ,,,,,,,Pixar Pier,Pixar Pier Entrance Loop,,, 00:00:38.809,"Anthony Gonzalez, Antonio Sol",21,
 72 Degrees and Sunny,WALL-E ,,,,,,,Pixar Pier,Pixar Pier Entrance Loop,,, 00:03:07.185,Thomas Newman,15,
 First Day,Finding Nemo ,,,,,,,Pixar Pier,Pixar Pier Entrance Loop,,, 00:00:52.505,Thomas Newman,3,
 We Belong Together,Toy Story 3 ,,,,,,,Pixar Pier,Pixar Pier Entrance Loop,,, 00:04:00.067,Randy Newman,26,
Define Dancing,WALL-E ,,,,,,,Pixar Pier,Pixar Pier Entrance Loop,,, 00:02:19.409,Thomas Newman,4,
 Un Poco Loco,Coco ,,,,,,,Pixar Pier,Pixar Pier Entrance Loop,,, 00:01:42.923,"Gael Garc­a Bernal, Anthony Gonzalez",2,
 Ride,Cars 3 OST ,,,,,,,Pixar Pier,Pixar Pier Entrance Loop,,, ~00:03:58.995,"ZZ Ward, Gary Clark Jr.",16,
 Colette Shows Him Le Ropes,Ratatouille ,,,,,,,Pixar Pier,Pixar Pier Entrance Loop,,, 00:02:40.164,Michael Giacchino,25,
 The Joy of Credits,Inside Out ,,,,,,,Pixar Pier,Pixar Pier Entrance Loop,,, 00:02:31.166,Michael Giacchino,6,
 Woody's RoundUp,Toy Story 2 ,,,,,,,Pixar Pier,Pixar Pier Entrance Loop,,, 00:01:49.452,Riders in the Sky,20,
 Real Gone,Cars ,,,,,,,Pixar Pier,Pixar Pier Entrance Loop,,, 00:03:19.926,Sheryl Crow,8,
 Lava,Lava ,,,,,,,Pixar Pier,Pixar Pier Entrance Loop,,, 00:05:31.453,"Kuana Torres Kahele, James Ford Murphy, Napua Greig",5,
 The Spirit of Adventure,Up ,,,,,,,Pixar Pier,Pixar Pier Entrance Loop,,, 00:02:30.410,Michael Giacchino,28,
 McQueen and Sally,Cars ,,,,,,,Pixar Pier,Pixar Pier Entrance Loop,,, 00:01:58.210,Randy Newman,35,
 Run with the Herd,The Good Dinosaur ,,,,,,,Pixar Pier,Pixar Pier Entrance Loop,,, 00:01:16.120,"Jeff Danna, Mychael Danna",36,
 Zu-Zu (Ken's Theme),Toy Story 3 ,,,,,,,Pixar Pier,Pixar Pier Entrance Loop,,, 00:00:30.992,Randy Newman,34,
 The Time of Your Life,A Bug's Life ,,,,,,,Pixar Pier,Pixar Pier Entrance Loop,,, 00:03:14.682,Randy Newman,31,
 Proud Corazón,Coco ,,,,,,,Pixar Pier,Pixar Pier Entrance Loop,,, 00:01:55.342,Anthony Gonzalez,29,
 Unforgettable,Finding Dory ,,,,,,,Pixar Pier,Pixar Pier Entrance Loop,,, 00:03:06.820,Sia,32,
 You've Got a Friend In Me,Toy Story ,,,,,,,Pixar Pier,Pixar Pier Entrance Loop,,, 00:02:00.518,Randy Newman,30,
 Down To Earth,WALL-E,,,,,,,Pixar Pier,Pixar Pier Entrance Loop,,, 00:05:42.876,Peter Gabriel and The Soweto Gospel Choir,33,
I Can't Let You Throw Yourself Away,Toy Story 4,,,,,,,Pixar Pier,Pixar Pier Entrance Loop,,,00:2:00.308,Randy Newman,12,Track switched in for “Friend in Me” sometime between  Pixar Pier opened and Jan 2020
 Stardust,Stardust,,Merry Makers,,"April 1, 2010 → June 1, 2018",,,"Paradise Gardens Park, Paradise Pier",Paradise Park,"This loop replaced the Bay Area loop and could be heard from Paradise Park to the Silly Symphony Swings. It was the first of the DCA 2.0 loops to be installed, and debuted in April 2010. Tracklist compiled by pixelated based on his reference recording. See MouseBits, https://mousebits.com/smf/index.php?topic=5272.msg39982#msg39982 (2010).",1:04:56.397, 4:15.379,Don Neely's Royal Society Jazz Orchestra,1,
 The Nonpareil,"Joplin: The Red Back Book, Elite Syncopations",,EMI/Angel,,"April 1, 2010 → June 1, 2018",,,"Paradise Gardens Park, Paradise Pier",Paradise Park,,, 3:37.863,The Southland Stingers,13,
 Silver Heels,Titanic: Music As Heard On The Fateful Voyage,,CD Baby,20,"April 1, 2010 → June 1, 2018",,,"Paradise Gardens Park, Paradise Pier",Paradise Park,,, 2:52.519,"Ian Whitcomb, The White Star Orchestra",15,Verified with source recording
 The Memphis Blues,On the Boardwalk,,Newport Classics,2,"April 1, 2010 → June 1, 2018",,,"Paradise Gardens Park, Paradise Pier",Paradise Park,,, 3:03.761,The Paragon Ragtime Orchestra,17,Verified with source recording
" Oh, You Beautiful Doll",Titanic: Music As Heard On The Fateful Voyage,,CD Baby,6,"April 1, 2010 → June 1, 2018",,,"Paradise Gardens Park, Paradise Pier",Paradise Park,,, 2:15.863,"Ian Whitcomb, The White Star Orchestra",3,Verified with source recording
 Sun Flower Slow Drag,"Hello, Ma Baby",,Stomp Off,,"April 1, 2010 → June 1, 2018",,,"Paradise Gardens Park, Paradise Pier",Paradise Park,,, 3:35.304,The New Century Ragtime Orchestra,6,
 Fashionette,Down Peacock Alley,,Chandos,,"April 1, 2010 → June 1, 2018",,,"Paradise Gardens Park, Paradise Pier",Paradise Park,,, 4:36.816,The Palm Court Theatre Orchestra,7,
 Tell Her at Twilight,Down Peacock Alley,,Chandos,,"April 1, 2010 → June 1, 2018",,,"Paradise Gardens Park, Paradise Pier",Paradise Park,,, 3:25.976,The Palm Court Theatre Orchestra,4,
 Fragrance,Salon to Swing,,Chandos,,"April 1, 2010 → June 1, 2018",,,"Paradise Gardens Park, Paradise Pier",Paradise Park,,, 4:00.540,The Palm Court Theatre Orchestra,2,
 I Ain't Got Nobody,If I Had You,,Merry Makers,,"April 1, 2010 → June 1, 2018",,,"Paradise Gardens Park, Paradise Pier",Paradise Park,,, 4:39.109,Don Neely's Royal Society Jazz Orchestra,9,
 Wien Bleibt Wien,Orient Express/Wien bleibt Wien,,London ML D-125492,,"April 1, 2010 → June 1, 2018",,,"Paradise Gardens Park, Paradise Pier",Paradise Park,,, 2:05.169,I Salonisti,16,Verified with source recording
 Fiddlesticks Rag,The Picnic Party,,Chandos,,"April 1, 2010 → June 1, 2018",,,"Paradise Gardens Park, Paradise Pier",Paradise Park,,, 2:24.752,The Palm Court Theatre Orchestra,19,
 Pine Apple Rag,The Whistler and His Dog,,Newport Classics,5,"April 1, 2010 → June 1, 2018",,,"Paradise Gardens Park, Paradise Pier",Paradise Park,,, 3:24.106,The Paragon Ragtime Orchestra,8,Verified with source recording
 Georgia on My Mind,If I Had You,,Merry Makers,,"April 1, 2010 → June 1, 2018",,,"Paradise Gardens Park, Paradise Pier",Paradise Park,,, 3:35.860,Don Neely's Royal Society Jazz Orchestra,11,
 Yankyana,Down Peacock Alley,,Chandos,,"April 1, 2010 → June 1, 2018",,,"Paradise Gardens Park, Paradise Pier",Paradise Park,,, 3:55.291,The Palm Court Theatre Orchestra,14,
 Old Chestnuts,The Whistler and His Dog,,Newport Classics,19,"April 1, 2010 → June 1, 2018",,,"Paradise Gardens Park, Paradise Pier",Paradise Park,,, 3:33.345,The Paragon Ragtime Orchestra,10,Verified with source recording
 On The Level You're a Little Devil,On the Boardwalk,,Newport Classics,10,"April 1, 2010 → June 1, 2018",,,"Paradise Gardens Park, Paradise Pier",Paradise Park,,, 3:18.289,The Paragon Ragtime Orchestra,12,Verified with source recording
 La Petite Tonkinoise,Down Peacock Alley,,Chandos,,"April 1, 2010 → June 1, 2018",,,"Paradise Gardens Park, Paradise Pier",Paradise Park,,, 2:34.115,The Palm Court Theatre Orchestra,5,
 The Chrysanthemum,"Joplin: The Red Back Book, Elite Syncopations",,EMI/Angel,,"April 1, 2010 → June 1, 2018",,,"Paradise Gardens Park, Paradise Pier",Paradise Park,,, 3:42.250,New England Conservatory Ragtime Ensemble,18,
 The Candy Man,The Definitive Collection,,Hip-O Records,17,,,Halloween,Sunshine Plaza,"Candy Corn Acres [REF], Sunshine Plaza Halloween [REF]","This loop played during the Halloween season in Sunshine Plaza in 2008 and 2009 (verified, may have been used during other years as well). Verified tracklist compiled by pixelated based on his reference recordings. See MouseBits, https://mousebits.com/smf/index.php?topic=4803.msg35717#msg35717 (2009).",00:29:28.971,,"Sammy Davis, Jr.",1,
 On The Good Ship Lollipop,Animal Crackers in My Soup: The Songs of Shirley Temple,,Music for Little People,6,,,Halloween,Sunshine Plaza,"Candy Corn Acres [REF], Sunshine Plaza Halloween [REF]",,,,Carrie Lyn,8,loop track starts at 0:50.060 of album track
" Sugar, Sugar",Absolutely The Best of The Archies,,Fuel 2000 Records,9,,,Halloween,Sunshine Plaza,"Candy Corn Acres [REF], Sunshine Plaza Halloween [REF]",,,,The Archies,2,
 I Want Candy,Come Get It: The Very Best of Aaron Carter,,Jive Record/Legacy Recordings,5,,,Halloween,Sunshine Plaza,"Candy Corn Acres [REF], Sunshine Plaza Halloween [REF]",,,,Aaron Carter,3,album length 3:14 [listed]
 Candy By The Pound,Ice On Fire,,Island Records,9,,,Halloween,Sunshine Plaza,"Candy Corn Acres [REF], Sunshine Plaza Halloween [REF]",,,,Elton John,11,
 Candy (Sugar Shoppe),It's A Sunshine Day: The Best Of The Brady Bunch,,MCA Records,13,,,Halloween,Sunshine Plaza,"Candy Corn Acres [REF], Sunshine Plaza Halloween [REF]",,,,The Brady Bunch,10,
" Sunshine, Lollipops and Rainbows",The Best of Lesley Gore: 20th Century Masters The Millennium Collection,,Mercury Records,10,,,Halloween,Sunshine Plaza,"Candy Corn Acres [REF], Sunshine Plaza Halloween [REF]",,,,Lesley Gore,7,
 Peppermint Twist,Rock 'N' Roll Dance Party,,The Gold Label,3,,,Halloween,Sunshine Plaza,"Candy Corn Acres [REF], Sunshine Plaza Halloween [REF]",,,,Sha Na Na,9,album length 2:23 [listed]
 Big Rock Candy Mountain,120 Kids Songs,3,Twin Sisters,20,,,Halloween,Sunshine Plaza,"Candy Corn Acres [REF], Sunshine Plaza Halloween [REF]",,,,Various Artists,4,
 Lollipop,The Best of The Chordettes,,Rhino Records/Barnaby Records,12,,,Halloween,Sunshine Plaza,"Candy Corn Acres [REF], Sunshine Plaza Halloween [REF]",,,,The Chordettes,6,album length 2:06 [listed]
 The Lollipop Tree,A Twinkle In Your Eye,,Sony Wonder,1,,,Halloween,Sunshine Plaza,"Candy Corn Acres [REF], Sunshine Plaza Halloween [REF]",,,,Burl Ives,5,album length 2:28 [listed]
"Wonderful World of Color - TV show theme, alternate arrangement with added instrumental section",,,,,,Golden Vine Winery,,Golden State,Blue Sky Cellar v.2 [REF],"This loop was the second version of the Blue Sky Cellar BGM for the World of Color and Silly Symphony Swings exhibit, which opened on 16 July 2009. A preliminary tracklist compiled by pixelated and wedroy1923 based on pixelated’s reference recording. See MouseBits, https://mousebits.com/smf/index.php?topic=5443.msg41182#msg41182 (2010) and https://mousebits.com/smf/index.php?topic=7842.msg69946#msg69946.",1:07:56.076,1:46.048,,1,The loop track starts at 6:12.375 of the album track. The album track is around 0.081 secs. faster than the loop track.
Firebird Suite (1919 Version),"Fantasia 2000, track 8",,,,,Golden Vine Winery,,Golden State,Blue Sky Cellar v.2 [REF],,,2:56.980,James Levine & The Chicago Symphony Orchestra,2,"The loop track starts with the full ""Transformation #1 (Final)"" track and starts crossfading at about 1:32.958 into an edited version of ""Transformation #2 (Final)"". ""Transformation #2 (Final)"" is edited to remove the first 1.5 mins. so it starts at about 1:35.331. The full loop track plays about 0.18 secs. slower than the edited-together album tracks."
Transformation #1 (Final) and Transformation #2 (Final) medley,"The Music Behind the Magic, disc 2 (Beauty and the Beast), tracks 19 & 20",,,,,Golden Vine Winery,,Golden State,Blue Sky Cellar v.2 [REF],,,5:43.799,Alan Menken,3,
Circle of Life,"Disney's Orchestra Collection Volume 3, track 2",,,,,Golden Vine Winery,,Golden State,Blue Sky Cellar v.2 [REF],,,3:55.095,,5,The album track is around 0.140 secs slower than the loop track.
A Whole New World,"Disney's Orchestra Collection Volume 1, track 1",,,,,Golden Vine Winery,,Golden State,Blue Sky Cellar v.2 [REF],,,2:44.709,,6,
Under the Sea (orchestral instrumental),,,,,,Golden Vine Winery,,Golden State,Blue Sky Cellar v.2 [REF],,,3:09.217,,4,
A Bug's Life Suite,"A Bug's Life, track 20",,,,,Golden Vine Winery,,Golden State,Blue Sky Cellar v.2 [REF],,,5:09.235,Randy Newman,11,The album track is around 0.220 secs. faster than the loop track.
"Wonderful World of Color - TV show theme, alternate arrangement with added instrumental section",,,,,,Golden Vine Winery,,Golden State,Blue Sky Cellar v.2 [REF],,,1:45.094,,10,
"Wonderful World of Color - TV show theme, alternate mix",,,,,,Golden Vine Winery,,Golden State,Blue Sky Cellar v.2 [REF],,,1:15.791,,7,
Just Around the Riverbend,"Disney's Orchestra Collection Volume 1, track 12",,,,,Golden Vine Winery,,Golden State,Blue Sky Cellar v.2 [REF],,,2:59.192,,9,The album track is around 0.113 secs faster than the loop track.
A Night On Bald Mountain,,,,,,Golden Vine Winery,,Golden State,Blue Sky Cellar v.2 [REF],,,8:36.403,,8,"This is not from the ""Fantasia"" soundtrack because that track only runs 7:25."
Enchanted Suite,Enchanted OST,,,,,Golden Vine Winery,,Golden State,Blue Sky Cellar v.2 [REF],,,4:29.780,,12,
Pines of Rome,"Fantasia 2000, track 2",,,,,Golden Vine Winery,,Golden State,Blue Sky Cellar v.2 [REF],,,4:37.754,James Levine & The Chicago Symphony Orchestra,13,The loop track stops at 4:38.029 of the album track. The album track is around 0.180 secs. faster than the loop track.
Colors of the Wind,"Beautiful Hollywood, track 8",,,,,Golden Vine Winery,,Golden State,Blue Sky Cellar v.2 [REF],,,3:49.172,"Erich Kunzel, Cincinnati Pops Orchestra",16,
"Wonderful World of Color - TV show theme, alternate mix",,,,,,Golden Vine Winery,,Golden State,Blue Sky Cellar v.2 [REF],,,1:15.988,,15,
Define Dancing,"WALL-E, track 22",,,,,Golden Vine Winery,,Golden State,Blue Sky Cellar v.2 [REF],,,2:19.572,Thomas Newman,14,The loop track is cut-off at around 2:19.726 of the album track by the next track. The album track is around 0.095 secs. faster than the loop track.
Little April Shower,,,,,,Golden Vine Winery,,Golden State,Blue Sky Cellar v.2 [REF],,,3:05.056,"Disney's Orchestra Collection Volume 2, track 13",18,The loop track starts at 0:30.963 of the album track.
Part of Your World,"Disney's Orchestra Collection Volume 2, track 2",,,,,Golden Vine Winery,,Golden State,Blue Sky Cellar v.2 [REF],,,2:14.080,,17,
You've Got a Friend in Me (Instrumental),"Toy Story 2, track 20",,,,,Golden Vine Winery,,Golden State,Blue Sky Cellar v.2 [REF],,,2:53.952,Randy Newman,19,The album track is around 0.113 secs. faster than the loop track.
Go the Distance,"Just the Music Vol. 2, track 3",,,,,Golden Vine Winery,,Golden State,Blue Sky Cellar v.2 [REF],,,3:08.055,,20,The album track is about 0.116 secs. faster than the loop track.
Vieni Sul Mar,Music of Italy,,Essential Media Group,,"July 1, 2011",,,"Paradise Gardens Park, Paradise Pier",Boardwalk Pizza & Pasta,"This loop plays in the interior of Boardwalk Pizza & Pasta in Paradise  Gardens Park. Tracklist compiled by pixelated based on his reference recording. See MouseBits, https://mousebits.com/smf/index.php?topic=6802.msg56675#msg56675.",01:04:02.420,00:02:09.839,Angelo de Pippa & the Italian Musica,1,Preceded by ~3.09 sec. silent gap; Track fades out
Tyroler Walzer,Les Fêtes De La Bière,,Blue Cat Productions,,"July 1, 2011",,,"Paradise Gardens Park, Paradise Pier",Boardwalk Pizza & Pasta,,,00:02:44.441,Les Joyeux Bavarois,2,
Mountain Air (Bergesluft),Music of Oktoberfest,,Compendia,,"July 1, 2011",,,"Paradise Gardens Park, Paradise Pier",Boardwalk Pizza & Pasta,,,00:02:19.132,Bavarian Oktoberfest Band and Chorus,19,
"Horatio Nicholl's Californian
  Serenade",Puttin' On The Ritz,,Chandos,,"July 1, 2011",,,"Paradise Gardens Park, Paradise Pier",Boardwalk Pizza & Pasta,,,00:03:44.064,Palm Court Theatre Orchestra,15,
Overture: At the Music Hall/While London Sleeps,Titanic Tunes: Sing-A-Long in Steerage,,Varese Sarabande,,"July 1, 2011",,,"Paradise Gardens Park, Paradise Pier",Boardwalk Pizza & Pasta,,,00:02:16.952,Ian Whitcomb,10,
Mattinata,Music of Italy,,Essential Media Group,,"July 1, 2011",,,"Paradise Gardens Park, Paradise Pier",Boardwalk Pizza & Pasta,,,00:02:22.894,Angelo de Pippa & the Italian Musica,17,
Ciribiribin,Music of Italy,,Essential Media Group,,"July 1, 2011",,,"Paradise Gardens Park, Paradise Pier",Boardwalk Pizza & Pasta,,,00:02:12.876,Angelo de Pippa & the Italian Musica,14,Track fades out
Drinking Song,Music of Italy,,Essential Media Group,,"July 1, 2011",,,"Paradise Gardens Park, Paradise Pier",Boardwalk Pizza & Pasta,,,00:01:51.483),Angelo de Pippa & the Italian Musica,21,
Maria Graziella,Festa Italiana: Songs and Dances,,Monitor Records,,"July 1, 2011",,,"Paradise Gardens Park, Paradise Pier",Boardwalk Pizza & Pasta,,,00:02:38.615,Various Artists,11,
Herzensfreude [Polka],Oktoberfest In Germany,,Delta,,"July 1, 2011",,,"Paradise Gardens Park, Paradise Pier",Boardwalk Pizza & Pasta,,,00:03:11.553,Woadhauser Musikanten,16,
Song of India,If I Had You,,Merry Makers,,"July 1, 2011",,,"Paradise Gardens Park, Paradise Pier",Boardwalk Pizza & Pasta,,,00:03:59.991,Don Neely's Royal Society Jazz Orchestra,23,
Hiawatha (A Summer Idyl),Hello Ma Baby,,Stomp Off,,"July 1, 2011",,,"Paradise Gardens Park, Paradise Pier",Boardwalk Pizza & Pasta,,,00:03:43.821,The New Century Ragtime Orchestra,3,
Fuocco Di Paglia (Straw Fire),Festa Italiana: Songs and Dances,,Monitor Records,,"July 1, 2011",,,"Paradise Gardens Park, Paradise Pier",Boardwalk Pizza & Pasta,,,00:02:41.007,Various Artists,9,
Stardust,Stardust,,Merry Makers,,"July 1, 2011",,,"Paradise Gardens Park, Paradise Pier",Boardwalk Pizza & Pasta,,,00:04:15.859,Don Neely’s Royal Society Jazz Orchestra,12,
Marina,Music of Italy,,Essential Media Group,,"July 1, 2011",,,"Paradise Gardens Park, Paradise Pier",Boardwalk Pizza & Pasta,,,00:01:52.331,Angelo de Pippa & the Italian Musica,6,Track fades out
In The Twi-Twi-Twilight,Titanic Tunes: Sing-A-Long in Steerage,,Varese Sarabande,,"July 1, 2011",,,"Paradise Gardens Park, Paradise Pier",Boardwalk Pizza & Pasta,,,00:01:56.804,Ian Whitcomb,7,
The Mosquito's Parade,Titanic: Music As Heard on the Fateful Voyage,,CD Baby,,"July 1, 2011",,,"Paradise Gardens Park, Paradise Pier",Boardwalk Pizza & Pasta,,,00:02:21.312,Ian Whitcomb,13,
Landler,Bal Champetre Tyrolien,,Arion,,"July 1, 2011",,,"Paradise Gardens Park, Paradise Pier",Boardwalk Pizza & Pasta,,,00:03:10.328,Konrad Plaickner et. al.,22,
Beer Barrel Polka,Les Fêtes De La Bière,,Blue Cat Productions,,"July 1, 2011",,,"Paradise Gardens Park, Paradise Pier",Boardwalk Pizza & Pasta,,,00:03:27.228,Les Joyeux Bavarois,8,
Quadriglia Della Garisenda,Holiday in Italy,,Fanfare,,"July 1, 2011",,,"Paradise Gardens Park, Paradise Pier",Boardwalk Pizza & Pasta,,,00:02:34.377,Fausto Corelli and His Orchestra,18,
La Mazurca di Vicenzina,Festa Italiana: Songs and Dances,,Monitor Records,,"July 1, 2011",,,"Paradise Gardens Park, Paradise Pier",Boardwalk Pizza & Pasta,,,00:02:35.605,Various Artists,4,
Auf brautschau,Fête de la bière [Stars Compilation],,,,"July 1, 2011",,,"Paradise Gardens Park, Paradise Pier",Boardwalk Pizza & Pasta,,,00:03:24.867,Karl Barthel & Die Retzbachtaler Musikanten,5,
Cafe Vienna,Salon Musik,,Selected Sound,,"July 1, 2011",,,"Paradise Gardens Park, Paradise Pier",Boardwalk Pizza & Pasta,,,00:02:27.158,Palm Court Orchestra,20,
 Winter Weather,Swingin' Christmas ,,Documents/Membran,,,,Christmas,Buena Vista Street,Buena Vista Street Holiday,"This loop plays at Buena Vista Street during the holiday season, and was first introduced in the 2012 holiday season. This is a preliminary tracklist compiled by pixelated based on his reference recording. See MouseBits, https://mousebits.com/smf/index.php?topic=6912.msg68859#msg68859 (2012).",00:53:48.822, 3:00.455,"Benny Goodman, Peggy Lee and Art Lund vocals",1,Preceded by ~1.5 second silent gap.
" Let It Snow! Let It Snow! Let It
  Snow!",Swingin' Christmas ,,Documents/Membran,,,,Christmas,Buena Vista Street,Buena Vista Street Holiday,,, 3:10.164,Woody Herman and His Orchestra,2,
 I Told Santa Claus to Bring Me You,Big Band Christmas,,Direct Source,,,,Christmas,Buena Vista Street,Buena Vista Street Holiday,,, 2:36.834,"Walter Cummins, Bernie Cummins and His Orchestra",12,
" It's Beginning to Look a Lot Like
  Christmas",White Christmas ,,,,,,Christmas,Buena Vista Street,Buena Vista Street Holiday,,, 2:45.234,Bing Crosby,10,
 Jingle Bells,Goblin Market ,,,,,,Christmas,Buena Vista Street,Buena Vista Street Holiday,,, 2:40.498,Mora's Modern Rhythmists,17,
 Swingin' Them Jingle Bells,Swingin' Christmas ,,Documents/Membran,,,,Christmas,Buena Vista Street,Buena Vista Street Holiday,,, 2:59.694,Fats Waller,4,
" Let It Snow! Let It Snow! Let It
  Snow!",That's Christmas Jazz ,,,,,,Christmas,Buena Vista Street,Buena Vista Street Holiday,,, 2:36.163,Les Brown and His Band of Renown,16,
 Santa Claus Is Coming to Town,Yule B' Swingin' Too! ,,,,,,Christmas,Buena Vista Street,Buena Vista Street Holiday,,, 3:21.979,"Cliff Weston and Edythe Wright, Tommy Dorsey and His Orchestra",11,
 Winter Wonderland,The Spirit of Christmas Past ,,ASV/Living Era,,,,Christmas,Buena Vista Street,Buena Vista Street Holiday,,, 2:47.973,"Alan Kane, Lew Stone & His Orchestra",9,
 Dig That Crazy Santa Claus,Yule B' Swingin' ,,,,,,Christmas,Buena Vista Street,Buena Vista Street Holiday,,, 2:33.101,Ralph Marterie and His Orchestra,5,
 I've Got My Love to Keep Me Warm,Big Band Christmas ,,Direct Source,,,,Christmas,Buena Vista Street,Buena Vista Street Holiday,,, 2:55.466,"Mildred Bailey, Red Norvo & His Orchestra",3,
" What Will Santa Claus Say (When He
  Finds Everybody Swingin'?)",Swingin' Christmas ,,Documents/Membran,,,,Christmas,Buena Vista Street,Buena Vista Street Holiday,,, 3:10.125,Louis Prima,19,
 Jingle Bells,A Merry Christmas with Bing Crosby & The Andrews Sisters ,,,,,,Christmas,Buena Vista Street,Buena Vista Street Holiday,,, 2:34.359,"Bing Crosby, The Andrews Sisters",15,
 Santa Claus Is Coming to Town,Swingin' Christmas ,,Documents/Membran,,,,Christmas,Buena Vista Street,Buena Vista Street Holiday,,, 2:36.292,Woody Herman and His Orchestra,8,
 Meet Me Under the Mistletoe,Swingin' Christmas ,,Documents/Membran,,,,Christmas,Buena Vista Street,Buena Vista Street Holiday,,, 2:47.811,Dick Robertson & His Orchestra,6,
 Santa Claus Is Coming to Town,A Merry Christmas with Bing Crosby & The Andrews Sisters ,,,,,,Christmas,Buena Vista Street,Buena Vista Street Holiday,,, 2:40.400,"Bing Crosby, The Andrews Sisters",18,
 Santa Claus Came in the Spring,Swingin' Christmas ,,Documents/Membran,,,,Christmas,Buena Vista Street,Buena Vista Street Holiday,,, 3:05.760,"Benny Goodman, Joe Harris vocals",7,
 Winter Wonderland,Big Band Christmas,,Direct Source,,,,Christmas,Buena Vista Street,Buena Vista Street Holiday,,, 2:44.314,"Parker Gibbs, Ted Weems and His Orchestra",13,
 Frosty the Snowman,Swinging Songs for Santa ,,,,,,Christmas,Buena Vista Street,Buena Vista Street Holiday,,, 2:41.390,Jan Garber and His Orchestra,14,
" Shaking The
  Blues Away",Shaking The Blues Away ,,,,"June 15, 2012",,,Buena Vista Street,Buena Vista Street [REF],"This loop plays along the main walkway as well as most stores, with the exception of Big Top Toys, which has its own loop. It was installed with Buena Vista street’s opening on June 15, 2012. Preliminary track list compiled by pixelated based on his reference recording. See MouseBits, https://mousebits.com/smf/index.php?topic=7347.msg68905#msg68905 (2012).",01:21:40.719, 3:06.423,Crazy Rhythm Hot Society Orchestra,1,
" Toot, Toot, Tootsie!",Puttin' on the Ritz ,,,,"June 15, 2012",,,Buena Vista Street,Buena Vista Street [REF],,, 2:15.872,Palm Court Theatre Orchestra,2,
 Dancin' With A Debutante,Mr. Rhythmist Goes To Town ,,,,"June 15, 2012",,,Buena Vista Street,Buena Vista Street [REF],,, 2:19.266,Mora's Modern Rhythmists,10,
 Zulu Wail,Rhapsody In Blue ,,,,"June 15, 2012",,,Buena Vista Street,Buena Vista Street [REF],,, 3:00.527,Crazy Rhythm Hot Society Orchestra,25,
" Five Foot Two, Eyes of Blue",Shaking The Blues Away ,,,,"June 15, 2012",,,Buena Vista Street,Buena Vista Street [REF],,, 2:47.918,Crazy Rhythm Hot Society Orchestra,17,
 Let's Dance,"B. G. in Hi-Fi, track 1 ",,,,"June 15, 2012",,,Buena Vista Street,Buena Vista Street [REF],,, 2:11.595,Benny Goodman,8,
 Rockin' in Rhythm,Stardust ,,,,"June 15, 2012",,,Buena Vista Street,Buena Vista Street [REF],,, 3:04.202,Royal Society Jazz Orchestra,4,
 Ain't Misbehavin',Puttin' on the Ritz ,,,,"June 15, 2012",,,Buena Vista Street,Buena Vista Street [REF],,, 3:54.058,Palm Court Theatre Orchestra,14,
 Henderson Stomp,Rhapsody In Blue ,,,,"June 15, 2012",,,Buena Vista Street,Buena Vista Street [REF],,, 2:10.023,Crazy Rhythm Hot Society Orchestra,15,
 Monkey Doodle-Doo,Live At The Old Town Music Hall ,,,,"June 15, 2012",,,Buena Vista Street,Buena Vista Street [REF],,, 2:30.953,Crazy Rhythm Hot Society Orchestra,21,
 Fight That Thing,Devil's Serenade ,,,,"June 15, 2012",,,Buena Vista Street,Buena Vista Street [REF],,, 2:38.873,Mora's Modern Rhythmists,20,
 Diga Diga Doo,Goblin Market ,,,,"June 15, 2012",,,Buena Vista Street,Buena Vista Street [REF],,, 2:10.873,Mora's Modern Rhythmists,19,
 Everybody Stomp!,Devil's Serenade ,,,,"June 15, 2012",,,Buena Vista Street,Buena Vista Street [REF],,, 2:54.338,Mora's Modern Rhythmists,28,
 Get Happy,Goblin Market ,,,,"June 15, 2012",,,Buena Vista Street,Buena Vista Street [REF],,, 3:20.915,Mora's Modern Rhythmists,11,
" Business in ""F""",Shaking The Blues Away ,,,,"June 15, 2012",,,Buena Vista Street,Buena Vista Street [REF],,, 3:26.791,Crazy Rhythm Hot Society Orchestra,13,
 Sentimental Gentleman From Georgia,Shaking The Blues Away ,,,,"June 15, 2012",,,Buena Vista Street,Buena Vista Street [REF],,, 2:53.846,Crazy Rhythm Hot Society Orchestra,27,
 Stampede,Stardust ,,,,"June 15, 2012",,,Buena Vista Street,Buena Vista Street [REF],,, 2:57.724,Royal Society Jazz Orchestra,26,
 The Sheik of Araby,Shaking The Blues Away ,,,,"June 15, 2012",,,Buena Vista Street,Buena Vista Street [REF],,, 3:11.580,Crazy Rhythm Hot Society Orchestra,9,
 California Blues,Devil's Serenade ,,,,"June 15, 2012",,,Buena Vista Street,Buena Vista Street [REF],,, 3:07.487,Mora's Modern Rhythmists,12,
 Doin' the Raccoon,Live At The Old Town Music Hall,,,,"June 15, 2012",,,Buena Vista Street,Buena Vista Street [REF],,, 2:33.029,Crazy Rhythm Hot Society Orchestra,7,The loop track starts at 8.280 secs. of the album track to omit the somewhat faster tempo intro. The loop track ends at or before 2:41.257 of the album track to omit the applause at the end of the album track.
" Horatio Nicholls' Californian
  Serenade",Puttin' on the Ritz ,,,,"June 15, 2012",,,Buena Vista Street,Buena Vista Street [REF],,, 3:43.677,Palm Court Theatre Orchestra,16,
 Charleston,Devil's Serenade ,,,,"June 15, 2012",,,Buena Vista Street,Buena Vista Street [REF],,, 2:10.670,Mora's Modern Rhythmists,3,
 Stompin' at the Savoy,Big Band Salute: Mood Indigo ,,,,"June 15, 2012",,,Buena Vista Street,Buena Vista Street [REF],,, 3:00.755,"Newton Wayland, Houston Symphony",23,
 One O'Clock Jump,20 Best of Big Bands ,,,,"June 15, 2012",,,Buena Vista Street,Buena Vista Street [REF],,, 2:58.504,The BBC Big Band Orchestra,24,
 Shivery Stomp,Goblin Market ,,,,"June 15, 2012",,,Buena Vista Street,Buena Vista Street [REF],,, 2:45.257,Mora's Modern Rhythmists,29,
 Ain't That Too Bad?,Devil's Serenade ,,,,"June 15, 2012",,,Buena Vista Street,Buena Vista Street [REF],,, 2:44.877,Mora's Modern Rhythmists,18,
 Shake That Thing,Devil's Serenade ,,,,"June 15, 2012",,,Buena Vista Street,Buena Vista Street [REF],,, 2:54.287,Mora's Modern Rhythmists,6,
 Too Bad,Stardust ,,,,"June 15, 2012",,,Buena Vista Street,Buena Vista Street [REF],,, 2:46.258,Royal Society Jazz Orchestra,22,
 California Swing,Devil's Serenade,,,,"June 15, 2012",,,Buena Vista Street,Buena Vista Street [REF],,, 2:00.539,Mora's Modern Rhythmists,5,"The album track is edited at 2:00 (right before the drum & cymbal/hi-hat hit) to omit the rest of the track. The resulting edit cuts from ""California Swing"" to the drum & trumpet hit at the start of the next loop track, ""Shake That Thing"", on the beat and it's hard to tell another track is playing."
 Run Rudolph Run,Rock 'n' Roll Rarities ,,,,,,Christmas,Cars Land,Downtown Radiator Springs Holiday,"This loop plays in Downtown Radiator Springs during the Holiday season. This is a preliminary tracklist compiled by pixelated based on his reference recording. See MouseBits, https://mousebits.com/smf/index.php?topic=6912.msg68836#msg68836 (2012). ",01:19:29.866, 2:42.023,Chuck Berry,1,Preceded by a ~2.4 second silent gap.
 Truckin' Trees for Christmas,Truckers' Christmas ,,,,,,Christmas,Cars Land,Downtown Radiator Springs Holiday,,, 2:06.880,Red Simpson,2,
 Here Comes Santa Claus Again,Christmas With Buck Owens ,,,,,,Christmas,Cars Land,Downtown Radiator Springs Holiday,,, 2:03.098,Buck Owens,29,
 Rudolph the Red-Nosed Reindeer,Christmas Gumbo ,,,,,,Christmas,Cars Land,Downtown Radiator Springs Holiday,,, 4:25.272,Fats Domino,10,
 Rockin' Around The Christmas Tree,Radio Disney Holiday Jams ,,,,,,Christmas,Cars Land,Downtown Radiator Springs Holiday,,, 2:01.878,Brenda Lee,20,
 Jingle Jangle,Doo Wop Christmas (Rhino) ,,,,,,Christmas,Cars Land,Downtown Radiator Springs Holiday,,, 2:22.411,The Penguins,7,
 Jingle Bell Rock,"Christmas Rocks: The Best of
  Collection ",,,,,,Christmas,Cars Land,Downtown Radiator Springs Holiday,,, 2:31.541,The Brian Setzer Orchestra,32,
 Xmas Bell Rock,Rockabilly Xmas (Buffalo Bop) ,,,,,,Christmas,Cars Land,Downtown Radiator Springs Holiday,,, 2:17.886,Barry and The Highlights,17,
 Ride On Santa,Doo Wop Christmas (Delta a.k.a. LaserLight) ,,,,,,Christmas,Cars Land,Downtown Radiator Springs Holiday,,, 2:19.353,Johnny Staton & the Feathers,26,
 Santa Drives a Hot Rod,Christmas Rocks: The Best of Collection ,,,,,,Christmas,Cars Land,Downtown Radiator Springs Holiday,,, 3:13.303,The Brian Setzer Orchestra,16,
 Santa Claus Is Back in Town,Elvis' Christmas Album ,,,,,,Christmas,Cars Land,Downtown Radiator Springs Holiday,,, 2:21.553,Elvis Presley,12,
 Blowin' Horns,Trucker Christmas ,,,,,,Christmas,Cars Land,Downtown Radiator Springs Holiday,,, 4:15.482,Marshall Trucker Group,9,
 Big White Cadillac,Rockabilly Xmas (Buffalo Bop) ,,,,,,Christmas,Cars Land,Downtown Radiator Springs Holiday,,, 2:07.917,Little Joey Farr,28,
 Santa's Got a Coupe de Ville,Rockabilly Xmas (Buffalo Bop) ,,,,,,Christmas,Cars Land,Downtown Radiator Springs Holiday,,, 2:27.756,,22,
 Reindeer Rock,Rockabilly Xmas (Buffalo Bop) ,,,,,,Christmas,Cars Land,Downtown Radiator Springs Holiday,,, 2:05.224,The Sportsmen,25,
" Santa Claus Is Comin' (In a Boogie
  Woogie Choo Choo Train)",Have Yourself a Tractors Christmas ,,,,,,Christmas,Cars Land,Downtown Radiator Springs Holiday,,, 3:21.221,The Tractors,18,
 Truckers USA,Trucker Christmas ,,,,,,Christmas,Cars Land,Downtown Radiator Springs Holiday,,, 3:22.566,Marshall Trucker Group,27,
 Ride Truckers Ride,Trucker Christmas ,,,,,,Christmas,Cars Land,Downtown Radiator Springs Holiday,,, 2:32.484,Marshall Trucker Group,13,
 O Come All Ye Truckers,Trucker Christmas ,,,,,,Christmas,Cars Land,Downtown Radiator Springs Holiday,,, 1:37.204,Marshall Trucker Group,31,
 Out On the Road for Christmas,Truckers' Christmas ,,,,,,Christmas,Cars Land,Downtown Radiator Springs Holiday,,, 2:24.544,Red Simpson,24,
 Jingle Bell Rock,Radio Disney Holiday Jams ,,,,,,Christmas,Cars Land,Downtown Radiator Springs Holiday,,, 2:07.780,Bobby Helms,8,
 Trucker's Wonderland,Trucker Christmas ,,,,,,Christmas,Cars Land,Downtown Radiator Springs Holiday,,, 2:42.682,Marshall Trucker Group,4,The 'Marshall Trucker Group' also goes by the names 'The Truckstop Allstars' and 'Platinum Collection Band
 Rockin' Around the Christmas Tree,Rock N' Roll Christmas ,,,,,,Christmas,Cars Land,Downtown Radiator Springs Holiday,,, 2:28.032,Dion,5,
 Hark! Those Diesel Engines Sing,Trucker Christmas ,,,,,,Christmas,Cars Land,Downtown Radiator Springs Holiday,,, 3:03.317,Marshall Trucker Group,23,
 Little Saint Nick,Radio Disney Holiday Jams ,,,,,,Christmas,Cars Land,Downtown Radiator Springs Holiday,,, 1:55.402,Beach Boys,30,
 Dig That Crazy Santa Claus,Christmas Rocks: The Best of Collection ,,,,,,Christmas,Cars Land,Downtown Radiator Springs Holiday,,, 2:06.880,The Brian Setzer Orchestra,3,
 Jingle Bells,Christmas Rocks: The Best of Collection ,,,,,,Christmas,Cars Land,Downtown Radiator Springs Holiday,,, 2:18.809,The Brian Setzer Orchestra,21,
 Santa's Comin' In a Big Ol' Truck,Truckers' Christmas ,,,,,,Christmas,Cars Land,Downtown Radiator Springs Holiday,,, 2:23.532,Red Simpson,14,
 Merry Twist-Mas,Doo Wop Christmas (Rhino) ,,,,,,Christmas,Cars Land,Downtown Radiator Springs Holiday,,, 2:04.680,The Marcels,15,
 Rudolph the Red-Nosed Reindeer,Doo Wop Christmas (Rhino) ,,,,,,Christmas,Cars Land,Downtown Radiator Springs Holiday,,, 2:05.645,The Cadillacs,19,
 Sleigh Bell Rock,Rockabilly Xmas (Buffalo Bop) ,,,,,,Christmas,Cars Land,Downtown Radiator Springs Holiday,,, 1:49.093,Three Aces and A Joker,6,
 (It's A) Happy Holiday,Doo Wop Christmas (Rhino) ,,,,,,Christmas,Cars Land,Downtown Radiator Springs Holiday,,, 1:42.731,The Shells,11,
Route 66,Cars Motion Picture Soundtrack [2006],,,,,,,Cars Land,Downtown Radiator Springs,"This loop plays along the entirety of Route 66, in the ‘downtown Radiator Springs’ area. The loop was introduced with the opening of Cars Land on June 13, 2012. Tracklist compiled by pixelated based on his reference recording. Source albums identified by Triple (MouseCord, 2025). See MouseBits, https://mousebits.com/smf/index.php?topic=7381.msg64129#msg64129 (2012). ",02:53:06.104, 2:49.025,Chuck Berry,1,
V-8 Ford Blues,Hot Rods & Custom Classics [1999],,,,,,,Cars Land,Downtown Radiator Springs,,, 2:10.759,Mose Allison,2,
 My White Convertible,,,,,,,,Cars Land,Downtown Radiator Springs,,, 1:57.309,The Hall Brothers,41,
 V-8 Ford Boogie,Hot Rods & Custom Classics [1999],,,,,,,Cars Land,Downtown Radiator Springs,,, 3:01.495,The Flying Burrito Brothers,50,
Hot Rod,Hot Rods & Custom Classics [1999],,,,,,,Cars Land,Downtown Radiator Springs,,, 1:46.016,The Collins Kids,17,
No Particular Place to Go,Hot Rods & Custom Classics [1999],,,,,,,Cars Land,Downtown Radiator Springs,,, 2:41.655,Chuck Berry,20,
" Slow Down ""GTO""","She's My Money Maker - The Slide Guitar
  Album [2002]",,,,,,,Cars Land,Downtown Radiator Springs,,, 4:44.918,Joe Louis Walker,61,
Led Sled,Hot Rods & Custom Classics [1999],,,,,,,Cars Land,Downtown Radiator Springs,,, 2:32.867,Denny Freeman,18,
Coupe de Ville Baby,Speedin' [1996],,,,,,,Cars Land,Downtown Radiator Springs,,, 2:31.622,Vernon Green & the Medallions,16,
 Cadillac,Gold - Bo Diddley [2008],,,,,,,Cars Land,Downtown Radiator Springs,,, 2:42.404,Bo Diddley,58,
Spinout,Spinout & Double Trouble [1994],,,,,,,Cars Land,Downtown Radiator Springs,,, 2:31.254,Elvis Presley,34,
Stand on It,Hot Rod Cowboys [1997],,,,,,,Cars Land,Downtown Radiator Springs,,, 2:35.367,Mel McDaniel,27,
Maybellene,Hot Rods & Custom Classics [1999],,,,,,,Cars Land,Downtown Radiator Springs,,, 2:17.576,Chuck Berry,15,
 From a Buick 6,Highway 61 Revisited [2012],,,,,,,Cars Land,Downtown Radiator Springs,,, 3:10.415,Bob Dylan,57,
 Ride on Josephine,Gold - Bo Diddley [2008],,,,,,,Cars Land,Downtown Radiator Springs,,, 3:00.077,Bo Diddley,49,
Ford V-8,Hot Rods & Custom Classics [1999],,,,,,,Cars Land,Downtown Radiator Springs,,, 2:21.556,Honey Boy Allen,13,
My Mustang Ford,"Chuck Berry In London - Fresh Berry's
  [1998]",,,,,,,Cars Land,Downtown Radiator Springs,,, 2:16.020,Chuck Berry,35,
" Peroxide Blonde and a Hopped Up
  Model Ford",Unissued Sun Masters [2006],,,,,,,Cars Land,Downtown Radiator Springs,,, 1:29.327,Jumpin' Gene Simmons,63,
 Mustang Sally & GTO,Chuck Berry In London - Fresh Berry's [1998],,,,,,,Cars Land,Downtown Radiator Springs,,, 4:28.150,Chuck Berry,55,
Ride on Josephine,Hot Rods & Custom Classics [1999],,,,,,,Cars Land,Downtown Radiator Springs,,, 4:18.239,George Thorogood & the Destroyers,9,
 Hotrod Gang,Hot Rods & Custom Classics [1999],,,,,,,Cars Land,Downtown Radiator Springs,,, 2:45.838,Stray Cats,44,
Flat Tire,The Best Of The Del Vikings [1996],,,,,,,Cars Land,Downtown Radiator Springs,,, 2:25.485,The Del Vikings,37,
 Six Days on the Road,Hot Rod Cowboys [1997],,,,,,,Cars Land,Downtown Radiator Springs,,, 2:10.042,Dave Dudley,43,
 Freeway of Love,Knew You Were Waiting: The Best Of Aretha Franklin [2011],,,,,,,Cars Land,Downtown Radiator Springs,,, 4:03.917,Aretha Franklin,47,
 Hot Rod Susie,Chuck Berry In London - Fresh Berry's [1998],,,,,,,Cars Land,Downtown Radiator Springs,,, 2:14.587,Chuck Berry,53,
 Loud Mufflers,Hot Rod Hop [1999],,,,,,,Cars Land,Downtown Radiator Springs,,, 2:37.573,Robert Williams & the Groovers,42,
Automobiles,Hot Rods & Custom Classics [1999],,,,,,,Cars Land,Downtown Radiator Springs,,, 2:16.859,The Spaniels,12,
Hot Rod Queen,Hot Rods & Custom Classics [1999],,,,,,,Cars Land,Downtown Radiator Springs,,, 2:13.253,Deke Dickerson & the Ecco-Fonics,23,
 Green Onions,Rhino Hi-Five - Booker T. & the MG's [2005],,,,,,,Cars Land,Downtown Radiator Springs,,, 2:15.270,Booker T. & the MG's,46,
Twin Pipes and Pin Stripes,Hot Rod Race [2007],,,,,,,Cars Land,Downtown Radiator Springs,,, 1:44.570,Sammy Masters,32,
 Go Champs Go,Tequila Golden Classics [1993],,,,,,,Cars Land,Downtown Radiator Springs,,, 1:55.101,The Champs,52,
 Hardtop Race,Trains & Cars [2005],,,,,,,Cars Land,Downtown Radiator Springs,,, 2:22.118,George Stogner,60,
Hot Rod Is Her Name,Hot Rod Hop [1999],,,,,,,Cars Land,Downtown Radiator Springs,,, 2:31.526,Tom Tall & Ginny Wright,11,
The Phantom Dragster,I Fought The Law - The Best Of The Bobby Fuller Four [2000],,,,,,,Cars Land,Downtown Radiator Springs,,, 1:20.825,The Bobby Fuller Four,36,
Key to the Highway,Hot Rods & Custom Classics [1999],,,,,,,Cars Land,Downtown Radiator Springs,,, 2:42.947,Little Walter,22,
 Push Button Automobile,Speedin' [1996],,,,,,,Cars Land,Downtown Radiator Springs,,, 2:47.416,Vernon Green & the Medallions,65,
 I've Been Everywhere,The Essential Hank Snow [1997],,,,,,,Cars Land,Downtown Radiator Springs,,, 2:43.668,Hank Snow,64,
Draggin',Hot Rods & Custom Classics [1999],,,,,,,Cars Land,Downtown Radiator Springs,,, 1:43.912,Curtis Gordon,25,
Road Runner,Hot Rods & Custom Classics [1999],,,,,,,Cars Land,Downtown Radiator Springs,,, 2:41.772,Bo Diddley,5,
 Wheels,Country Jam [2008],,,,,,,Cars Land,Downtown Radiator Springs,,, 2:59.356,Eleven Hundred Springs,51,
One Piece at a Time,Hot Rods & Custom Classics [1999],,,,,,,Cars Land,Downtown Radiator Springs,,, 3:59.862,Johnny Cash,26,
Big Green Car,Hot Rods & Custom Classics [1999],,,,,,,Cars Land,Downtown Radiator Springs,,, 2:00.180,Jimmy Carroll,10,
 Hot Rodder's Lament,"Rhythm, Rhyme & Truth [2000]",,,,,,,Cars Land,Downtown Radiator Springs,,, 2:35.717,Deke Dickerson & the Ecco-Fonics,59,
Rocket 88,Hot Rods & Custom Classics [1999],,,,,,,Cars Land,Downtown Radiator Springs,,, 2:43.167,Jackie Brenston & His Delta Cats,24,
Pink Cadillac,Hot Rods & Custom Classics [1999],,,,,,,Cars Land,Downtown Radiator Springs,,, 2:17.211,Sammy Masters & His Rocking Rhythms,40,
Cruisin',Hot Rods & Custom Classics [1999],,,,,,,Cars Land,Downtown Radiator Springs,,, 2:09.425,Gene Vincent and His Blue Caps,19,
Mustang Sally,Hot Rods & Custom Classics [1999],,,,,,,Cars Land,Downtown Radiator Springs,,, 3:03.201,Wilson Pickett,14,
Hot Rod Lincoln,Hot Rod Cowboys [1997],,,,,,,Cars Land,Downtown Radiator Springs,,, 2:43.848,Johnny Bond,31,
Let's Go for a Ride,Hot Rods & Custom Classics [1999],,,,,,,Cars Land,Downtown Radiator Springs,,, 1:46.725,The Collegians,7,
409,Hot Rods & Custom Classics [1999],,,,,,,Cars Land,Downtown Radiator Springs,,, 1:57.278,The Quads,6,
Little Forty Ford,Hot Rods & Custom Classics [1999],,,,,,,Cars Land,Downtown Radiator Springs,,, 1:43.025,Leon Smith,4,
 Pontiac Blues,Hot Rods & Custom Classics [1999],,,,,,,Cars Land,Downtown Radiator Springs,,, 2:38.922,Sonny Boy Williamson,45,
You Can't Catch Me,Gold - Chuck Berry [2000],,,,,,,Cars Land,Downtown Radiator Springs,,, 2:40.587,Chuck Berry,33,
Fastest Short in Town,Hot Rod Hop [1999],,,,,,,Cars Land,Downtown Radiator Springs,,, 2:14.527,"Robert A. Irvine & the Kentucky
  Colonels",29,
 Dear Dad,Hot Rod Hop [1999],,,,,,,Cars Land,Downtown Radiator Springs,,, 1:46.584,The Manin Brothers,54,
 Motor Head Baby,Hot Rods & Custom Classics [1999],,,,,,,Cars Land,Downtown Radiator Springs,,, 2:33.094,"Johnny ""Guitar"" Watson",66,
Built for Speed,Stray Cats: Greatest Hits [2000],,,,,,,Cars Land,Downtown Radiator Springs,,, 2:50.923,Stray Cats,28,
 King of the Road,Hot Rod Cowboys [1997],,,,,,,Cars Land,Downtown Radiator Springs,,, 2:23.703,Roger Miller,62,
 Look at That Cadillac,Stray Cats: Greatest Hits [2000],,,,,,,Cars Land,Downtown Radiator Springs,,, 3:59.617,Stray Cats,67,
 I Want to Be Your Driver,"The Real Folk Blues/More Real Folk Blues
  [2002]",,,,,,,Cars Land,Downtown Radiator Springs,,, 2:10.077,John Lee Hooker,56,
Hot Rod Man,Hot Rods & Custom Classics [1999],,,,,,,Cars Land,Downtown Radiator Springs,,, 2:09.790,Tex Rubinowitz,3,
Bring My Cadillac Back,Hot Rods & Custom Classics [1999],,,,,,,Cars Land,Downtown Radiator Springs,,, 2:24.225,Baker Knight & the Knightmares,21,
Rocking Little Roadster,Lightning McQueen's Fast Tracks [2006],,,,,,,Cars Land,Downtown Radiator Springs,,,3:28.148,Fred Mollin & the Blue Sea Band,30,
Welcome to Radiator Springs,Music of Cars Land [2012],,,,,,,Cars Land,Downtown Radiator Springs,,,2:43.661,Joe Louis Walker,8,
Black and White Thunderbird,Lightning McQueen's Fast Tracks [2006],,,,,,,Cars Land,Downtown Radiator Springs,,,2:18.163,Fred Mollin & the Blue Sea Band,38,
My Old Car,Lightning McQueen's Fast Tracks [2006],,,,,,,Cars Land,Downtown Radiator Springs,,,2:19.576,Fred Mollin & the Blue Sea Band,39,
Rescue Me,Sister Act Motion Picture Soundtrack [1992],,,,,,,Cars Land,Flo's V8 Café (interior),,, 2:47.122,Fontella Bass,3,
Don't Let Him Shop Around,,,,,,,,Cars Land,Flo's V8 Café (interior),,, 2:33.939,Debbie Dean,26,
Baby Love,Hitsville USA [1992],,,,,,,Cars Land,Flo's V8 Café (interior),,, 2:33.539,The Supremes,23,
Then He Kissed Me,,,,,,,,Cars Land,Flo's V8 Café (interior),,, 2:31.423,The Crystals,11,
Back in My Arms Again,The Supremes Definitive Collection [2008],,,,,,,Cars Land,Flo's V8 Café (interior),,, 2:47.438,The Supremes,33,
Stay Away from Bobby,The Very Best of the Sherry Sisters [2011],,,,,,,Cars Land,Flo's V8 Café (interior),,, 2:29.280,The Sherry Sisters,10,
Sweet Talkin' Guy,,,,,,,,Cars Land,Flo's V8 Café (interior),,, 2:16.784,The Chiffons,14,
Will You Love Me Tomorrow,Glory Days of Rock n' Roll: Girl Group Sound [1999],,,,,,,Cars Land,Flo's V8 Café (interior),,, 2:33.199,The Shirelles,13,
Sailor Boy,The Very Best of the Sherry Sisters [2011],,,,,,,Cars Land,Flo's V8 Café (interior),,, 2:35.205,The Sherry Sisters,34,
(Love Is Like a) Heat Wave,Hitsville USA [1992],,,,,,,Cars Land,Flo's V8 Café (interior),,, 2:40.901,Martha and the Vandellas,8,
Stop! In the Name of Love,The Supremes Definitive Collection [2008],,,,,,,Cars Land,Flo's V8 Café (interior),,, 2:47.152,The Supremes,29,
Dedicated to the One I Love,,,,,,,,Cars Land,Flo's V8 Café (interior),,, 1:56.411,The Shirelles,18,
Dancing in the Street,Hitsville USA [1992],,,,,,,Cars Land,Flo's V8 Café (interior),,, 2:37.582,Martha and the Vandellas,15,
Mama Said,Glory Days of Rock n' Roll: Girl Group Sound [1999],,,,,,,Cars Land,Flo's V8 Café (interior),,, 2:00.185,The Shirelles,6,
Give Him a Great Big Kiss,The Best of the Girl Groups Vol. 1 [1990],,,,,,,Cars Land,Flo's V8 Café (interior),,, 2:02.063,The Shangri-Las,16,
You Can't Hurry Love,Hitsville USA [1992],,,,,,,Cars Land,Flo's V8 Café (interior),,, 2:45.500,The Supremes,5,
The Shoop Shoop Song (It's in His Kiss),The Best of the Girl Groups Vol. 1 [1990],,,,,,,Cars Land,Flo's V8 Café (interior),,, 2:10.172,Betty Everett,2,
He's So Fine,,,,,,,,Cars Land,Flo's V8 Café (interior),,, 1:50.945,The Chiffons,27,
Nowhere to Run,Hitsville USA [1992],,,,,,,Cars Land,Flo's V8 Café (interior),,, 2:54.306,Martha and the Vandellas,28,
He Was Really Sayin' Somethin',Hitsville USA [1992],,,,,,,Cars Land,Flo's V8 Café (interior),,, 2:26.380,The Velvelettes,24,
Do Wah Diddy Diddy,Tell Him [2012],,,,,,,Cars Land,Flo's V8 Café (interior),,, 2:13.997,The Exciters,12,
Come See About Me,Hitsville USA [1992],,,,,,,Cars Land,Flo's V8 Café (interior),,, 2:37.926,The Supremes,32,
Da Doo Ron Ron,,,,,,,,Cars Land,Flo's V8 Café (interior),,, 2:08.627,The Crystals,22,
Come Go with Me,60s Girl Groups [1998],,,,,,,Cars Land,Flo's V8 Café (interior),,, 1:51.798,Sugar N' Spice,9,
Tell Him,Glory Days of Rock n' Roll: Girl Group Sound [1999],,,,,,,Cars Land,Flo's V8 Café (interior),,, 2:26.840,The Exciters,7,
One Fine Day,,,,,,,,Cars Land,Flo's V8 Café (interior),,, 2:05.361,The Chiffons,20,
Needle in a Haystack,Hitsville USA [1992],,,,,,,Cars Land,Flo's V8 Café (interior),,, 2:27.114,The Velvelettes,25,
My Guy,Hitsville USA [1992],,,,,,,Cars Land,Flo's V8 Café (interior),,, 2:44.997,Mary Wells,21,
Take Me in Your Arms (Rock Me a Little While),Hitsville USA [1992],,,,,,,Cars Land,Flo's V8 Café (interior),,,2:53.677,Kim Weston,30,
Please Mr. Postman,,,,,,,,Cars Land,Flo's V8 Café (interior),,, 2:23.269,The Marvelettes,4,
Jimmy Mack,Hitsville USA [1992],,,,,,,Cars Land,Flo's V8 Café (interior),,, 2:47.871,Martha and the Vandellas,17,
I Hear a Symphony,The Supremes Definitive Collection [2008],,,,,,,Cars Land,Flo's V8 Café (interior),,, 2:35.378,The Supremes,19,
Respect,Forrest Gump Motion Picture Soundtrack [1994],,,,,,,Cars Land,Flo's V8 Café (interior),"This loop plays inside Flo’s V8 Cafe and was introduced with the opening of Cars Land on June 13, 2012. Tracklist compiled by pixelated with source albums by Triple (MouseCord, 2025). See MouseBits, https://mousebits.com/smf/index.php?topic=7381.msg66092#msg66092 (2012).",01:23:36.046, 2:19.879,Aretha Franklin,1,"The fade out on ""Sailor Boy"" is a lot sooner for the CD's version than most online, leaving a large gap between it and ""Respect”."
Truck Driver's Boogie,"Truck Driver's Boogie: Big Rig Hits, 1939-1969 [2001]",,,,,Golden Vine Winery,,"Cars Land, Golden State, Pacific Wharf","Blue Sky Cellar v.7 [REF], Radiator Springs Racers [REF]",,, 2:31.470,Milo Twins ,8,
Henry's Made A Lady Out Of Lizzie,Echoes of the 1920s [2002],,,,,Golden Vine Winery,,"Cars Land, Golden State, Pacific Wharf","Blue Sky Cellar v.7 [REF], Radiator Springs Racers [REF]",,, 2:51.319,Beth Challis ,23,
I'm a Truck,Hillbilly Hot Rod & Automobile Songs [2006],,,,,Golden Vine Winery,,"Cars Land, Golden State, Pacific Wharf","Blue Sky Cellar v.7 [REF], Radiator Springs Racers [REF]",,, 3:05.706,Red Simpson ,20,
Model T Baby,Hillbilly Hot Rod & Automobile Songs [2006],,,,,Golden Vine Winery,,"Cars Land, Golden State, Pacific Wharf","Blue Sky Cellar v.7 [REF], Radiator Springs Racers [REF]",,, 2:15.095,Jack Turner,18,
Roly Poly,The Essential Bob Wills (1935-1947) [1992],,,,,Golden Vine Winery,,"Cars Land, Golden State, Pacific Wharf","Blue Sky Cellar v.7 [REF], Radiator Springs Racers [REF]",,, 2:33.498,Bob Wills and His Texas Playboys ,12,
The Automobile Song,Hillbilly Hot Rod & Automobile Songs [2006],,,,,Golden Vine Winery,,"Cars Land, Golden State, Pacific Wharf","Blue Sky Cellar v.7 [REF], Radiator Springs Racers [REF]",,, 2:26.561,Luke McDaniel ,24,
Auto-Conga,La Paloma (Cugat Hits from 1935 to 1940) [2011],,Favorite Classics,,,Golden Vine Winery,,"Cars Land, Golden State, Pacific Wharf","Blue Sky Cellar v.7 [REF], Radiator Springs Racers [REF]",,, 2:14.303,Xavier Cugat ,26,2011 digital release
Car Song,"This Land Is Your Land: The Asch Recordings, Vol. 1 [1997]",,,,,Golden Vine Winery,,"Cars Land, Golden State, Pacific Wharf","Blue Sky Cellar v.7 [REF], Radiator Springs Racers [REF]",,, 1:49.078,Woody Guthrie ,5,
Hot Rod Rag,Hillbilly Hot Rod & Automobile Songs [2006],,,,,Golden Vine Winery,,"Cars Land, Golden State, Pacific Wharf","Blue Sky Cellar v.7 [REF], Radiator Springs Racers [REF]",,, 2:15.647,Paul Westmoreland And His Band,13,
Hot Rod Blues,Hillbilly Hot Rod & Automobile Songs [2006],,,,,Golden Vine Winery,,"Cars Land, Golden State, Pacific Wharf","Blue Sky Cellar v.7 [REF], Radiator Springs Racers [REF]",,, 2:47.532,The Southernaires ,22,
Hot Rod Baby,"The Sound of the 40's, Volume 3 [2011]",,Dayl,,,Golden Vine Winery,,"Cars Land, Golden State, Pacific Wharf","Blue Sky Cellar v.7 [REF], Radiator Springs Racers [REF]",,, 2:44.791,Dick Reinhart and His Lone Star Boys,10,2011 digital release
In My Merry Oldsmobile,The Indispensable Bix Beiderbecke [1992],,,,,Golden Vine Winery,,"Cars Land, Golden State, Pacific Wharf","Blue Sky Cellar v.7 [REF], Radiator Springs Racers [REF]",,, 2:25.930,Jean Goldkette and His Orchestra with Bix Beiderbecke,16,
Riding In A Chevrolet Six,Georgia Songsters  (1926-1930) [1998],,,,,Golden Vine Winery,,"Cars Land, Golden State, Pacific Wharf","Blue Sky Cellar v.7 [REF], Radiator Springs Racers [REF]",,, 3:03.567,Oscar Ford ,21,
Truck Drivin' Man,"Truck Driver's Boogie: Big Rig Hits, 1939-1969 [2001]",,,,,Golden Vine Winery,,"Cars Land, Golden State, Pacific Wharf","Blue Sky Cellar v.7 [REF], Radiator Springs Racers [REF]",,, 2:13.824,Terry Fell and The Fellers ,11,
Crazy 'Cause I Love You,A Western Swing Dance Date With Spade & Tex [2000],,,,,Golden Vine Winery,,"Cars Land, Golden State, Pacific Wharf","Blue Sky Cellar v.7 [REF], Radiator Springs Racers [REF]",,, 2:09.525,Spade Cooley and His Orchestra with vocals by Red Egner ,2,
Listen to the Rhythm of the Range,The Essential Gene Autry [2005],,,,,Golden Vine Winery,,"Cars Land, Golden State, Pacific Wharf","Blue Sky Cellar v.7 [REF], Radiator Springs Racers [REF]",,, 2:28.007,Gene Autry,19,
Heavy Traffic Ahead,Hot Rods and Custom Classics [1999],,,,,Golden Vine Winery,,"Cars Land, Golden State, Pacific Wharf","Blue Sky Cellar v.7 [REF], Radiator Springs Racers [REF]","This loop was initially the 7th version of the Blue Sky Cellar BGM, introduced for the exhibit “The Radiator Springs Historical Society’s Museum of the History of Radiator Springs.” pixelated confirmed with a reference recording that it was the same loop as the RSR queue, with Eddie Cantor’s automobile song inserted. Tracklist was compiled by pixelated and verified source albums provided by Triple. See MouseBits, https://mousebits.com/smf/index.php?topic=6732.msg66481#msg66481 (2012) and https://mousebits.com/smf/index.php?topic=7381.msg66677#msg66677. Also https://mousebits.com/smf/index.php?topic=7842.msg69947#msg69947.",1:09:12.240, 2:49.484,Bill Monroe and His Bluegrass Boys ,1,
I'm a Truck Driving Man,"Truck Driver's Boogie: Big Rig Hits, 1939-1969 [2001]",,,,,Golden Vine Winery,,"Cars Land, Golden State, Pacific Wharf","Blue Sky Cellar v.7 [REF], Radiator Springs Racers [REF]",,, 2:37.669,Art Gibson ,14,
The Chevrolet Six,Old Time Music from West Virginia 1927 - 1929 [1997],,,,,Golden Vine Winery,,"Cars Land, Golden State, Pacific Wharf","Blue Sky Cellar v.7 [REF], Radiator Springs Racers [REF]",,, 3:10.046,Frank Hutchison,4,
Henry Ford's Model A,Georgia Songsters  (1926-1930) [1998],,,,,Golden Vine Winery,,"Cars Land, Golden State, Pacific Wharf","Blue Sky Cellar v.7 [REF], Radiator Springs Racers [REF]",,, 2:57.812,Oscar Ford ,25,
I'm Wild About Horns On Automobiles,Four-Four Rhythm Vol. 1: 1928 to 1931 [2001],,,,,Golden Vine Winery,,"Cars Land, Golden State, Pacific Wharf","Blue Sky Cellar v.7 [REF], Radiator Springs Racers [REF]",,, 3:17.545,Billy Hays & His Orchestra ,12,
My Ford Sedan,Fiddlin John Carson Vol. 5 1927 - 1929 [1997],,,,,Golden Vine Winery,,"Cars Land, Golden State, Pacific Wharf","Blue Sky Cellar v.7 [REF], Radiator Springs Racers [REF]",,, 2:29.860,Fiddlin' John Carson ,3,
No Parking Here,Hillbilly Hot Rod & Automobile Songs [2006],,,,,Golden Vine Winery,,"Cars Land, Golden State, Pacific Wharf","Blue Sky Cellar v.7 [REF], Radiator Springs Racers [REF]",,, 2:27.552,Jimmy Littlejohn ,9,
The Little Ford Rambled Right Along,Car Songs - Recorded 1905-1937 [2011],,,,,Golden Vine Winery,,"Cars Land, Golden State, Pacific Wharf","Blue Sky Cellar v.7 [REF], Radiator Springs Racers [REF]",,, 3:02.790,Billy Murray ,15,
Wildwood Flower,RCA Country Legends - The Carter Family [2004],,,,,Golden Vine Winery,,"Cars Land, Golden State, Pacific Wharf","Blue Sky Cellar v.7 [REF], Radiator Springs Racers [REF]",,, 3:08.219,The Carter Family ,6,
He'd Have to Get Under,T-Model Tunes [2011],,,,,Golden Vine Winery,,"Cars Land, Golden State, Pacific Wharf","Blue Sky Cellar v.7 [REF], Radiator Springs Racers [REF]",,,3:12.578,Perfessor Bill Edwards,7,Track available for free from this website: http://ragpiano.com/covers/hedhave.htm
California Blues,Devil's Serenade ,,,,"September 23, 2011 → February 1, 2012",Golden Vine Winery,,"Buena Vista Street, Golden State","Blue Sky Cellar v.5, Temporary DCA Entrance Walkway","This loop was the fifth version of the Blue Sky Cellar BGM which was also used as the temporary DCA entrance walkway. The Blue Sky Cellar BGM debuted on September 23, 2011. Verified tracklist compiled by pixelated based on his reference recording. See MouseBits, https://mousebits.com/smf/index.php?topic=6732.msg56209#msg56209 (2011) and https://mousebits.com/smf/index.php?topic=6677.msg55199#msg55199 (2011).",00:59:50.937, 3:07.249,Mora's Modern Rhythmists,1,
California Swing,"Devil's Serenade, edited ",,,,"September 23, 2011 → February 1, 2012",Golden Vine Winery,,"Buena Vista Street, Golden State","Blue Sky Cellar v.5, Temporary DCA Entrance Walkway",,, 2:00.218,Mora's Modern Rhythmists,16,The album version is cut-off at about 2:00.6 and the next loop track cuts-in at that point.
Whispering,Stardust ,,,,"September 23, 2011 → February 1, 2012",Golden Vine Winery,,"Buena Vista Street, Golden State","Blue Sky Cellar v.5, Temporary DCA Entrance Walkway",,, 3:09.523,Royal Society Jazz Orchestra,12,
Everybody Stomp!,Devil's Serenade ,,,,"September 23, 2011 → February 1, 2012",Golden Vine Winery,,"Buena Vista Street, Golden State","Blue Sky Cellar v.5, Temporary DCA Entrance Walkway",,, 2:54.161,Mora's Modern Rhythmists,11,
Stampede,Stardust ,,,,"September 23, 2011 → February 1, 2012",Golden Vine Winery,,"Buena Vista Street, Golden State","Blue Sky Cellar v.5, Temporary DCA Entrance Walkway",,, 2:57.708,Royal Society Jazz Orchestra,21,
Fight That Thing,Devil's Serenade ,,,,"September 23, 2011 → February 1, 2012",Golden Vine Winery,,"Buena Vista Street, Golden State","Blue Sky Cellar v.5, Temporary DCA Entrance Walkway",,, 2:38.439,Mora's Modern Rhythmists,6,
The Junk Man Rag,The Whistler And His Dog ,,,,"September 23, 2011 → February 1, 2012",Golden Vine Winery,,"Buena Vista Street, Golden State","Blue Sky Cellar v.5, Temporary DCA Entrance Walkway",,, 2:03.034,The Paragon Ragtime Orchestra,4,
Horatio Nicholls' Californian Serenade,Puttin' on the Ritz ,,,,"September 23, 2011 → February 1, 2012",Golden Vine Winery,,"Buena Vista Street, Golden State","Blue Sky Cellar v.5, Temporary DCA Entrance Walkway",,, 3:43.348,Palm Court Theatre Orchestra,3,
Rockin' in Rhythm,Stardust ,,,,"September 23, 2011 → February 1, 2012",Golden Vine Winery,,"Buena Vista Street, Golden State","Blue Sky Cellar v.5, Temporary DCA Entrance Walkway",,, 3:04.313,Royal Society Jazz Orchestra,15,
Devil's Serenade,Devil's Serenade ,,,,"September 23, 2011 → February 1, 2012",Golden Vine Winery,,"Buena Vista Street, Golden State","Blue Sky Cellar v.5, Temporary DCA Entrance Walkway",,, 2:36.677,Mora's Modern Rhythmists,19,
"Toot, Toot, Tootsie!",Puttin' on the Ritz ,,,,"September 23, 2011 → February 1, 2012",Golden Vine Winery,,"Buena Vista Street, Golden State","Blue Sky Cellar v.5, Temporary DCA Entrance Walkway",,, 2:15.029,Palm Court Theatre Orchestra,13,
Stompin’ At The Savoy,Big Band Salute: Mood Indigo ,,,,"September 23, 2011 → February 1, 2012",Golden Vine Winery,,"Buena Vista Street, Golden State","Blue Sky Cellar v.5, Temporary DCA Entrance Walkway",,,3:00.187,"Newton Wayland, Houston Symphony",8,
One O'Clock Jump,20 Best of Big Bands ,,,,"September 23, 2011 → February 1, 2012",Golden Vine Winery,,"Buena Vista Street, Golden State","Blue Sky Cellar v.5, Temporary DCA Entrance Walkway",,, 2:57.735,The BBC Big Band Orchestra,9,
Ain't That Too Bad?,Devil's Serenade ,,,,"September 23, 2011 → February 1, 2012",Golden Vine Winery,,"Buena Vista Street, Golden State","Blue Sky Cellar v.5, Temporary DCA Entrance Walkway",,, 2:44.553,Mora's Modern Rhythmists,5,
Am I Blue?,If I Had You ,,,,"September 23, 2011 → February 1, 2012",Golden Vine Winery,,"Buena Vista Street, Golden State","Blue Sky Cellar v.5, Temporary DCA Entrance Walkway",,, 3:28.698, Royal Society Jazz Orchestra,10,
Shake That Thing,Devil's Serenade ,,,,"September 23, 2011 → February 1, 2012",Golden Vine Winery,,"Buena Vista Street, Golden State","Blue Sky Cellar v.5, Temporary DCA Entrance Walkway",,, 2:53.885,Mora's Modern Rhythmists,17,
Pinetop's Boogie,20 Best of Big Bands ,,,,"September 23, 2011 → February 1, 2012",Golden Vine Winery,,"Buena Vista Street, Golden State","Blue Sky Cellar v.5, Temporary DCA Entrance Walkway",,, 3:14.471,The BBC Big Band Orchestra,20,
Charleston,Devil's Serenade ,,,,"September 23, 2011 → February 1, 2012",Golden Vine Winery,,"Buena Vista Street, Golden State","Blue Sky Cellar v.5, Temporary DCA Entrance Walkway",,, 2:10.750,Mora's Modern Rhythmists,14,
Too Bad,Stardust ,,,,"September 23, 2011 → February 1, 2012",Golden Vine Winery,,"Buena Vista Street, Golden State","Blue Sky Cellar v.5, Temporary DCA Entrance Walkway",,, 2:46.032,Royal Society Jazz Orchestra,7,
Ain't Misbehavin',Puttin' on the Ritz ,,,,"September 23, 2011 → February 1, 2012",Golden Vine Winery,,"Buena Vista Street, Golden State","Blue Sky Cellar v.5, Temporary DCA Entrance Walkway",,, 3:53.825,Palm Court Theatre Orchestra,2,
Let’s Dance,"B. G. in Hi-Fi, track 1 ",,,,"September 23, 2011 → February 1, 2012",Golden Vine Winery,,"Buena Vista Street, Golden State","Blue Sky Cellar v.5, Temporary DCA Entrance Walkway",,,2:11.091,Benny Goodman,18,
 A Bug's Life Suite,"A Bug's Life, track 20 ",,,,,Golden Vine Winery,,Golden State,Blue Sky Cellar v.3 [REF],,, 5:08.747,Randy Newman,5,"Loop length: 1:12:58.505
from Blue Sky Cellar v.2 BGM"
" You've Got a Friend in Me
  (Instrumental)","Toy Story 2, track 20 ",,,,,Golden Vine Winery,,Golden State,Blue Sky Cellar v.3 [REF],,, 2:53.378,Randy Newman,15,from Blue Sky Cellar v.2 BGM
 Vieni Sul Mar,"Music of Italy, track 23 [fadeout] ",,,,,Golden Vine Winery,,Golden State,Blue Sky Cellar v.3 [REF],,, 2:10.342,Angelo de Pippa & the Italian Musica,18,from Boardwalk Pizza & Pasta (interior)
 The Mosquito's Parade,"Titanic: Music As Heard on the Fateful Voyage, track 8 ",,,,,Golden Vine Winery,,Golden State,Blue Sky Cellar v.3 [REF],,, 2:21.302,Ian Whitcomb,7,from Boardwalk Pizza & Pasta (interior)
 Mountain Air (Bergesluft),"Music of Oktoberfest, track 11 ",,,,,Golden Vine Winery,,Golden State,Blue Sky Cellar v.3 [REF],,, 2:19.248,Bavarian Oktoberfest Band and Chorus,17,from Boardwalk Pizza & Pasta (interior)
 Pines of Rome,"Fantasia 2000, track 2 ",,,,,Golden Vine Winery,,Golden State,Blue Sky Cellar v.3 [REF],,, 4:37.765,James Levine & The Chicago Symphony Orchestra,6,from Blue Sky Cellar v.2 BGM
 Wien Bleibt Wien,"Wien bleibt Wien, track 1 ",,,,,Golden Vine Winery,,Golden State,Blue Sky Cellar v.3 [REF],,, 2:05.081,"I Salonisti, arranged by Salabert",11,from Paradise Park BGM
 Herzensfreude [Polka],"Oktoberfest In Germany, track 8 ",,,,,Golden Vine Winery,,Golden State,Blue Sky Cellar v.3 [REF],,, 3:11.406,Woadhauser Musikanten,16,from Boardwalk Pizza & Pasta (interior)
 Fuocco Di Paglia (Straw Fire),"Festa Italiana, track 12 ",,,,,Golden Vine Winery,,Golden State,Blue Sky Cellar v.3 [REF],,, 2:41.181,Various Artists,8,from Boardwalk Pizza & Pasta (interior)
 Marina,"Music of Italy, track 21 [fadeout] ",,,,,Golden Vine Winery,,Golden State,Blue Sky Cellar v.3 [REF],,, 1:54.094,Angelo de Pippa & the Italian Musica,19,from Boardwalk Pizza & Pasta (interior)
 Colors of the Wind,"Beautiful Hollywood, track 8 ",,,,,Golden Vine Winery,,Golden State,Blue Sky Cellar v.3 [REF],,, 3:49.094,"Erich Kunzel, Cincinnati Pops Orchestra",12,from Blue Sky Cellar v.2 BGM
 Part of Your World,"Disney's Orchestra Collection Volume 2, track 2 ",,,,,Golden Vine Winery,,Golden State,Blue Sky Cellar v.3 [REF],,, 2:14.080,,13,from Blue Sky Cellar v.2 BGM
 Fashionette,The Palm Court Theatre Orchestra ,,,,,Golden Vine Winery,,Golden State,Blue Sky Cellar v.3 [REF],,, 4:37.277,,3,from Paradise Park BGM
 Just Around the Riverbend,"Disney's Orchestra Collection Volume 1, track 12 ",,,,,Golden Vine Winery,,Golden State,Blue Sky Cellar v.3 [REF],,, 2:58.290,,4,from Paradise Park BGM
 A Whole New World,"Disney's Orchestra Collection Volume 1, track 1 ",,,,,Golden Vine Winery,,Golden State,Blue Sky Cellar v.3 [REF],,, 2:45.764,,22,from Blue Sky Cellar v.2 BGM
The Chrysanthemum,New England Conservatory Ragtime Ensemble ,,,,,Golden Vine Winery,,Golden State,Blue Sky Cellar v.3 [REF],"This loop was the third version of the Blue Sky Cellar BGM, which corresponded with the Paradise Park and Ariel’s Undersea Adventure exhibits. The loop debuted in June 2010. A preliminary tracklist was compiled by pixelated based on his reference recording. See MouseBits, https://mousebits.com/smf/index.php?topic=5443.msg43796#msg43796 and https://mousebits.com/smf/index.php?topic=7842.msg69946#msg69946.",01:12:58.505, 3:42.345,,1,from Paradise Park BGM
 Little April Shower,"Disney's Orchestra Collection Volume 2, track 13 ",,,,,Golden Vine Winery,,Golden State,Blue Sky Cellar v.3 [REF],,, 3:05.056,,14,from Blue Sky Cellar v.2 BGM
 Go the Distance,"Just the Music Vol. 2, track 3 ",,,,,Golden Vine Winery,,Golden State,Blue Sky Cellar v.3 [REF],,, 3:08.446,,20,from Blue Sky Cellar v.2 BGM
 Silver Heels,"Ian Whitcomb, White Star Orchestra ",,,,,Golden Vine Winery,,Golden State,Blue Sky Cellar v.3 [REF],,, 2:52.516,,10,from Paradise Park BGM
 Fragrance,The Palm Court Theatre Orchestra ,,,,,Golden Vine Winery,,Golden State,Blue Sky Cellar v.3 [REF],,, 4:00.375,,2,from Paradise Park BGM
 I Ain't Got Nobody,Don Neely's Royal Society Jazz Orchestra ,,,,,Golden Vine Winery,,Golden State,Blue Sky Cellar v.3 [REF],,, 4:39.150,,9,from Paradise Park BGM
Transformation #1 (Final) and Transformation #2 (Final) medley,"The Music Behind the Magic, disc 2 (Beauty and the Beast), tracks 19 & 20 ",,,,,Golden Vine Winery,,Golden State,Blue Sky Cellar v.3 [REF],,, 5:43.057,,21,"from Blue Sky Cellar v.2 BGM
The loop track starts with the full ""Transformation #1 (Final)"" track and starts crossfading at about 1:32.958 into an edited version of ""Transformation #2 (Final)"". ""Transformation #2 (Final)"" is edited to remove the first 1.5 mins. so it starts at about 1:35.331"
Donald Duck's Theme,Toontown Disneyland BGM,,,,,Golden Vine Winery,,Golden State,Blue Sky Cellar v.1 [REF],"This loop was the first version of the Blue Sky Cellar BGM underlining the Mickey’s Fun Wheel exhibit, introduced on October 20, 2008. Preliminary tracklist compiled by CThaddeus based on his reference recording. All tracks originate in the original Mickey’s Toontown BGM. See MouseBits, https://mousebits.com/smf/index.php?topic=6732.msg62030#msg62030 and https://mousebits.com/smf/index.php?topic=7842.msg69946#msg69946.",~00:31:51,,,1,
Puppy Love,Toontown Disneyland BGM,,,,,Golden Vine Winery,,Golden State,Blue Sky Cellar v.1 [REF],,,,,5,
Thru the Mirrror,Toontown Disneyland BGM,,,,,Golden Vine Winery,,Golden State,Blue Sky Cellar v.1 [REF],,,,,2,
Camping Out,Toontown Disneyland BGM,,,,,Golden Vine Winery,,Golden State,Blue Sky Cellar v.1 [REF],,,,,6,
Goofy's Theme,Toontown Disneyland BGM,,,,,Golden Vine Winery,,Golden State,Blue Sky Cellar v.1 [REF],,,,,8,
Funny Little Bunnies,Toontown Disneyland BGM,,,,,Golden Vine Winery,,Golden State,Blue Sky Cellar v.1 [REF],,,,,4,
The Pied Piper,Toontown Disneyland BGM,,,,,Golden Vine Winery,,Golden State,Blue Sky Cellar v.1 [REF],,,,,3,
The Tortoise and the Hare,Toontown Disneyland BGM,,,,,Golden Vine Winery,,Golden State,Blue Sky Cellar v.1 [REF],,,,,7,
Pluto's Playmate,Toontown Disneyland BGM,,,,,Golden Vine Winery,,Golden State,Blue Sky Cellar v.1 [REF],,,,,9,
Playful Pluto,Toontown Disneyland BGM,,,,,Golden Vine Winery,,Golden State,Blue Sky Cellar v.1 [REF],,,,,10,
" Steamboat Willie",Toontown Disneyland BGM,,,,,Golden Vine Winery,,Golden State,Blue Sky Cellar v.1 [REF],,,,,11,
Hardtop Race,,,,,"February 1, 2012",,,Pacific Wharf,Blue Sky Cellar v.6,"This loop was the sixth version of the Blue Sky Cellar BGM for the Cars Land exhibit. Preliminary tracklist compiled by pixelated based on his reference recording. Many of the tracks could be from the Rhino Records ""Hot Rods & Custom Classics"" 4 CD box set. See MouseBits, https://mousebits.com/smf/index.php?topic=7842.msg69946#msg69946 and https://mousebits.com/smf/index.php?topic=6732.msg60829#msg60829",02:40:32.958,,George Stogner,1,
Wheels,,,,,,,,Pacific Wharf,Blue Sky Cellar v.6,,,,The Flying Burrito Brothers,55,
One Piece at a Time,,,,,"February 1, 2012",,,Pacific Wharf,Blue Sky Cellar v.6,,,,Johnny Cash,34,
Cadillac,,,,,,,,Pacific Wharf,Blue Sky Cellar v.6,,,,Bo Diddley,63,
Twin Pipes and Pin Stripes,,,,,"February 1, 2012",,,Pacific Wharf,Blue Sky Cellar v.6,,,,Sammy Masters,40,
Road Runner,,,,,"February 1, 2012",,,Pacific Wharf,Blue Sky Cellar v.6,,,,Bo Diddley,14,
"Slow Down ""GTO""",,,,,"February 1, 2012",,,Pacific Wharf,Blue Sky Cellar v.6,,,,Joe Louis Walker,2,
Hot Rod Lincoln,,,,,"February 1, 2012",,,Pacific Wharf,Blue Sky Cellar v.6,,,,Johnny Bond,39,
Motor Head Baby,,,,,"February 1, 2012",,,Pacific Wharf,Blue Sky Cellar v.6,,,,"Johnny ""Guitar"" Watson",8,
Pontiac Blues,,,,,,,,Pacific Wharf,Blue Sky Cellar v.6,,,,Sonny Boy Williamson,53,
Cruisin',,,,,"February 1, 2012",,,Pacific Wharf,Blue Sky Cellar v.6,,,,Gene Vincent & His Blue Caps,27,
I Want to Be Your Driver,,,,,,,,Pacific Wharf,Blue Sky Cellar v.6,,,,Chuck Berry,60,
Hot Rod Susie,,,,,,,,Pacific Wharf,Blue Sky Cellar v.6,,,,The Manin Brothers,59,
Pink Cadillac,,,,,"February 1, 2012",,,Pacific Wharf,Blue Sky Cellar v.6,,,,Sammy Masters & His Rocking Rhythms,48,
Dear Dad,,,,,,,,Pacific Wharf,Blue Sky Cellar v.6,,,,Chuck Berry,58,
Key to the Highway,,,,,"February 1, 2012",,,Pacific Wharf,Blue Sky Cellar v.6,,,,Little Walter,30,
King of the Road,,,,,"February 1, 2012",,,Pacific Wharf,Blue Sky Cellar v.6,,,,Roger Miller,3,
Hot Rod Queen,,,,,"February 1, 2012",,,Pacific Wharf,Blue Sky Cellar v.6,,,,Deke Dickerson,31,
You Can't Catch Me,,,,,"February 1, 2012",,,Pacific Wharf,Blue Sky Cellar v.6,,,,Chuck Berry,41,
Fastest Short in Town,,,,,"February 1, 2012",,,Pacific Wharf,Blue Sky Cellar v.6,,,,The Kentucky Colonels,37,
Maybellene,,,,,"February 1, 2012",,,Pacific Wharf,Blue Sky Cellar v.6,,,,Chuck Berry,23,
Look at That Cadillac,,,,,"February 1, 2012",,,Pacific Wharf,Blue Sky Cellar v.6,,,,Stray Cats,9,
Little Forty Ford,,,,,"February 1, 2012",,,Pacific Wharf,Blue Sky Cellar v.6,,,,Leon Smith,13,
Ford V-8,,,,,"February 1, 2012",,,Pacific Wharf,Blue Sky Cellar v.6,,,,Honey Boy Allen,21,
Mustang Sally,,,,,"February 1, 2012",,,Pacific Wharf,Blue Sky Cellar v.6,,,,Wilson Pickett,22,
I've Been Everywhere,,,,,"February 1, 2012",,,Pacific Wharf,Blue Sky Cellar v.6,,,,Hank Snow,6,
Hot Rod Man,,,,,"February 1, 2012",,,Pacific Wharf,Blue Sky Cellar v.6,,,,Tex Rubinowitz,12,
From a Buick 6,,,,,,,,Pacific Wharf,Blue Sky Cellar v.6,,,,Bob Dylan,62,
Sting Ray,,,,,"February 1, 2012",,,Pacific Wharf,Blue Sky Cellar v.6,,,,The Routers,17,
409,,,,,"February 1, 2012",,,Pacific Wharf,Blue Sky Cellar v.6,,,,The Quads,15,
Loud Mufflers,,,,,"February 1, 2012",,,Pacific Wharf,Blue Sky Cellar v.6,,,,Robert Williams and The Groovers,50,
Big Green Car,,,,,"February 1, 2012",,,Pacific Wharf,Blue Sky Cellar v.6,,,,Jimmy Carroll,18,
Hotrod Gang,,,,,,,,Pacific Wharf,Blue Sky Cellar v.6,,,,Stray Cats,52,
Flat Tire,,,,,"February 1, 2012",,,Pacific Wharf,Blue Sky Cellar v.6,,,,The Del Vikings,45,
Led Sled,,,,,"February 1, 2012",,,Pacific Wharf,Blue Sky Cellar v.6,,,,Denny Freeman,26,
Coupe de Ville Baby,,,,,"February 1, 2012",,,Pacific Wharf,Blue Sky Cellar v.6,,,,Vernon Green & The Medallions,24,
Go Champs Go,,,,,,,,Pacific Wharf,Blue Sky Cellar v.6,,,,The Champs,57,
Mustang Sally & GTO,,,,,,,,Pacific Wharf,Blue Sky Cellar v.6,,,,John Lee Hooker,61,
The Phantom Dragster,,,,,"February 1, 2012",,,Pacific Wharf,Blue Sky Cellar v.6,,,,The Bobby Fuller Four,44,
V-8 Ford Blues,,,,,"February 1, 2012",,,Pacific Wharf,Blue Sky Cellar v.6,,,,Mose Alllison,11,
Ride on Josephine,,,,,"February 1, 2012",,,Pacific Wharf,Blue Sky Cellar v.6,,,,Bo Diddley,5,
My White Convertible,,,,,"February 1, 2012",,,Pacific Wharf,Blue Sky Cellar v.6,,,,The Hall Brothers,49,
Draggin',,,,,"February 1, 2012",,,Pacific Wharf,Blue Sky Cellar v.6,,,,Curtis Gordon,33,
"Peroxide Blonde and a Hopped Up Model
  Ford",,,,,"February 1, 2012",,,Pacific Wharf,Blue Sky Cellar v.6,,,,Jumpin' Gene Simmons,4,
Let's Go for a Ride,,,,,"February 1, 2012",,,Pacific Wharf,Blue Sky Cellar v.6,,,,The Collegians,16,
My Old Car,,,,,"February 1, 2012",,,Pacific Wharf,Blue Sky Cellar v.6,,,,Lee Dorsey,47,
Automobiles,,,,,"February 1, 2012",,,Pacific Wharf,Blue Sky Cellar v.6,,,,The Spaniels,20,
Green Onions,,,,,,,,Pacific Wharf,Blue Sky Cellar v.6,,,,Booker T. & the MG's,54,
Rocket 88,,,,,"February 1, 2012",,,Pacific Wharf,Blue Sky Cellar v.6,,,,Jackie Brenston,32,
Hot Rodder's Lament,,,,,,,,Pacific Wharf,Blue Sky Cellar v.6,,,,Deke Dickerson,64,
Six Days on the Road,,,,,,,,Pacific Wharf,Blue Sky Cellar v.6,,,,Dave Dudley,51,
No Particular Place to Go,,,,,"February 1, 2012",,,Pacific Wharf,Blue Sky Cellar v.6,,,,Chuck Berry,28,
Spinout,,,,,"February 1, 2012",,,Pacific Wharf,Blue Sky Cellar v.6,,,,Elvis Presley,42,
Push Button Automobile,,,,,"February 1, 2012",,,Pacific Wharf,Blue Sky Cellar v.6,,,,The Medallions,7,
My Mustang Ford,,,,,"February 1, 2012",,,Pacific Wharf,Blue Sky Cellar v.6,,,,Chuck Berry,43,
Hot Rod Is Her Name,,,,,"February 1, 2012",,,Pacific Wharf,Blue Sky Cellar v.6,,,,Tom Tall,19,
Built for Speed,,,,,"February 1, 2012",,,Pacific Wharf,Blue Sky Cellar v.6,,,,Stray Cats,36,
Bring My Cadillac Back,,,,,"February 1, 2012",,,Pacific Wharf,Blue Sky Cellar v.6,,,,Baker Knight & The Knightmares,29,
V-8 Ford Boogie,,,,,,,,Pacific Wharf,Blue Sky Cellar v.6,,,,Eleven Hundred Springs,56,
Hot Rod,,,,,"February 1, 2012",,,Pacific Wharf,Blue Sky Cellar v.6,,,,The Collins Kids,25,
Stand on It,,,,,"February 1, 2012",,,Pacific Wharf,Blue Sky Cellar v.6,,,,Mel McDaniel,35,
Route 66,,,,,"February 1, 2012",,,Pacific Wharf,Blue Sky Cellar v.6,,,,Chuck Berry,10,
Rocking Little Roadster,Lightning McQueen's Fast Tracks,,,,"February 1, 2012",,,Pacific Wharf,Blue Sky Cellar v.6,,,,Gunnar Nelson,38,
Black and White Thunderbird,Lightning McQueen's Fast Tracks,,,,"February 1, 2012",,,Pacific Wharf,Blue Sky Cellar v.6,,,,"Fred Mollin & The Blue Sea Band, featuring Jaime Babbitt, Britt Savage",46,
 Miracle,Television,,,,,,,Sunshine Plaza,Glow Fest v.1,"This loop played for the first of the Glow Fest opening performances in Sunshine Plaza in 2010. Preliminary track list compiled by pixelated based on his reference recording. See MouseBits, https://forums.mousebits.com/threads/glow-fest.5512/#post-78690",Unknown,,Baaba Maal,1,
 Beedi,Omkara OST,,,,,,,Sunshine Plaza,Glow Fest v.1,,,,"Sunidhi Chauhan, Sukhwinder Singh",7,Edited
 Tijuana Sound Machine (remix),Tijuana Sound Machine,,,,,,,Sunshine Plaza,Glow Fest v.1,,,,Nortec Collective Presents Bostich & Fussible,16,
 Nagada Nagada,Jab We Met [#2] OST,,,,,,,Sunshine Plaza,Glow Fest v.1,,,,Sonu Nigam,8,Edited 4 seconds longer intro
 Niki Nana (We're One),Tribute,,,,,,,Sunshine Plaza,Glow Fest v.1,,,,Yanni,3,Edited
 Follow The Drums (Original Mix),African Rhythm,,,,,,,Sunshine Plaza,Glow Fest v.1,,,,Jambola,4,
 Teri Ore,Singh is Kinng OST,,,,,,,Sunshine Plaza,Glow Fest v.1,,,,Rahat Fateh Ali Khan & Shireya Ghoshal,12,Heavily edited
 Jai Ho,Slumdog Millionaire OST,,,,,,,Sunshine Plaza,Glow Fest v.1,,,,A. R. Rahman,15,Edited
 Punjabi Wedding Song,Bride & Prejudice OST,,,,,,,Sunshine Plaza,Glow Fest v.1,,,,Sonu Nigam & Gayatri Iyer,13,Edited
 Camel's Rhythm (Percussion),Egypt-A Musical Voyage,,,,,,,Sunshine Plaza,Glow Fest v.1,,,,Upper Egypt Ensemble,5,
 Liquid Dance,Slumdog Millionaire OST,,,,,,,Sunshine Plaza,Glow Fest v.1,,,,A. R. Rahman,11,Edited
 Dacoit Duel,Between Heaven and Earth,,,,,,,Sunshine Plaza,Glow Fest v.1,,,,A. R. Rahman,6,Edited
" Say ""Shava Shava""",Bombay Boogie Night (compilation) or Kabhi Khushi Kabhie Gham OST,,,,,,,Sunshine Plaza,Glow Fest v.1,,,,Sometimes Happy Sometimes Sad,14,Edited
 Camel's Rhythm (Percussion),Egypt-A Musical Voyage,,,,,,,Sunshine Plaza,Glow Fest v.1,,,,Upper Egypt Ensemble,2,
 Barso Re,The Best of A.R. Rahman,,,,,,,Sunshine Plaza,Glow Fest v.1,,,,A. R. Rahman,9,Edited
 Gunji Aangna Mein Shehnai,Life Partner OST,,,,,,,Sunshine Plaza,Glow Fest v.1,,,,Sunidhi Chauhan & Kirti Sagthiya,10,Edited
 Miracle,Television,,,,,,,Sunshine Plaza,Glow Fest v.2,"This loop played for the second of the Glow Fest opening performances in Sunshine Plaza in 2010. Preliminary track list compiled by pixelated based on his reference recording. See MouseBits, https://forums.mousebits.com/threads/glow-fest.5512/#post-78690",Unknown,,Baaba Maal,1,
 Punjabi Wedding Song ,Bride & Prejudice OST,,,,,,,Sunshine Plaza,Glow Fest v.2,,,,Sonu Nigam & Gayatri Iyer,12,Edited
 Camel's Rhythm (Percussion),Egypt-A Musical Voyage,,,,,,,Sunshine Plaza,Glow Fest v.2,,,,Upper Egypt Ensemble,2,
 Teri Ore,Singh is Kinng OST,,,,,,,Sunshine Plaza,Glow Fest v.2,,,,Rahat Fateh Ali Khan & Shireya Ghoshal,11,Heavily edited
 Magalenha,Dance With Me OST or Brasileiro,,,,,,,Sunshine Plaza,Glow Fest v.2,,,,Sergio Mendes,4,
 Barso Re ,The Best of A.R. Rahman,,,,,,,Sunshine Plaza,Glow Fest v.2,,,,A. R. Rahman,8,Edited
 Beedi ,Omkara OST,,,,,,,Sunshine Plaza,Glow Fest v.2,,,,"Sunidhi Chauhan, Sukhwinder Singh",6,Edited
 Jai Ho ,Slumdog Millionaire OST,,,,,,,Sunshine Plaza,Glow Fest v.2,,,,A. R. Rahman,14,Edited
 Liquid Dance ,Slumdog Millionaire OST,,,,,,,Sunshine Plaza,Glow Fest v.2,,,,A. R. Rahman,10,Edited
" Say ""Shava Shava"" ",Bombay Boogie Night (compilation) or Kabhi Khushi Kabhie Gham OST,,,,,,,Sunshine Plaza,Glow Fest v.2,,,,Sometimes Happy Sometimes Sad,13,Edited
 Gunji Aangna Mein Shehnai ,Life Partner OST,,,,,,,Sunshine Plaza,Glow Fest v.2,,,,Sunidhi Chauhan & Kirti Sagthiya,9,Edited
 Around The World,Homework,,,,,,,Sunshine Plaza,Glow Fest v.2,,,,Daft Punk,15,
 Dacoit Duel ,Between Heaven and Earth,,,,,,,Sunshine Plaza,Glow Fest v.2,,,,A. R. Rahman,5,Edited
 Nagada Nagada,Jab We Met [#2] OST,,,,,,,Sunshine Plaza,Glow Fest v.2,,,,Sonu Nigam,7,Edited
 Rabekin,The Company OST or Dream Dancer,,,,,,,Sunshine Plaza,Glow Fest v.2,,,,Light Rain,3,
Lazy,,,,,,Grizzly Peak Airfield,,Grizzly Peak,Grizzly Peak Rambler Station Wagon,,, 00:02:37.147,Ella Fitzgerald,25,
You Are My Sunshine,,,,,,Grizzly Peak Airfield,,Grizzly Peak,Grizzly Peak Rambler Station Wagon,,, 00:03:19.949,Mitch Miller & The Gang,33,Preceded by no gap
Butterfly,,,,,,Grizzly Peak Airfield,,Grizzly Peak,Grizzly Peak Rambler Station Wagon,,, 00:02:19.511,Andy Williams,30,
Magic Moments,,,,,,Grizzly Peak Airfield,,Grizzly Peak,Grizzly Peak Rambler Station Wagon,,, 00:02:39.593,Perry Como,15,
You're An Old Smoothie,,,,,,Grizzly Peak Airfield,,Grizzly Peak,Grizzly Peak Rambler Station Wagon,,, 00:02:22.442,Ray Conniff,23,
The World Is Waiting For The Sunrise,,,,,,Grizzly Peak Airfield,,Grizzly Peak,Grizzly Peak Rambler Station Wagon,,, 00:02:10.557,Les Paul & Mary Ford,4,Preceded by no gap
Let's Dance At Disneyland,Unreleased,,,,,Grizzly Peak Airfield,,Grizzly Peak,Grizzly Peak Rambler Station Wagon,,, 00:01:02.275,Studio Chorus,7,This is a 1-minute 1959 radio spot; not the version from “Date Nite at Disneyland” (1958). Can be found on Rick Conant’s YouTube https://discord.com/channels/@me/1087475219255537754/1362913722603016402.
Almost There,,,,,,Grizzly Peak Airfield,,Grizzly Peak,Grizzly Peak Rambler Station Wagon,,, 00:02:55.753,Andy Williams,21,
Tall Paul,,,,,,Grizzly Peak Airfield,,Grizzly Peak,Grizzly Peak Rambler Station Wagon,,, 00:01:33.414,Annette,11,
Wrap Your Troubles In Dreams,,,,,,Grizzly Peak Airfield,,Grizzly Peak,Grizzly Peak Rambler Station Wagon,,, 00:02:55.448,Dean Martin,26,
Lazy River,,,,,,Grizzly Peak Airfield,,Grizzly Peak,Grizzly Peak Rambler Station Wagon,,, 00:02:44.976,The Mills Brothers,20,
Smile Right Back At The Sun,,,,,,Grizzly Peak Airfield,,Grizzly Peak,Grizzly Peak Rambler Station Wagon,,, 00:02:43.675,Bing Crosby,22,Preceded by a very short gap
Watching The World Go By,,,,,,Grizzly Peak Airfield,,Grizzly Peak,Grizzly Peak Rambler Station Wagon,,, 00:02:06.927,Dean Martin,17,
On A Clear Day,,,,,,Grizzly Peak Airfield,,Grizzly Peak,Grizzly Peak Rambler Station Wagon,,, 00:03:10.438,Robert Goulet,29,
High Hopes,,,,,,Grizzly Peak Airfield,,Grizzly Peak,Grizzly Peak Rambler Station Wagon,,, 00:02:40.031,Frank Sinatra,6,
Let's Get Together,The Parent Trap OST,,,,,Grizzly Peak Airfield,,Grizzly Peak,Grizzly Peak Rambler Station Wagon,,, 00:01:27.773,Hayley Mills,2,Preceded by no gap
Powder Your Face With Sunshine (Smile! Smile! Smile!),,,,,,Grizzly Peak Airfield,,Grizzly Peak,Grizzly Peak Rambler Station Wagon,,, 00:02:30.858,Dean Martin,12,
Vacation,,,,,,Grizzly Peak Airfield,,Grizzly Peak,Grizzly Peak Rambler Station Wagon,,, 00:02:20.602,Connie Francis,32,Preceded by no gap
"Theme From ""A Summer Place""",,,,,,Grizzly Peak Airfield,,Grizzly Peak,Grizzly Peak Rambler Station Wagon,,, 00:02:21.029,Percy Faith & His Orchestra,18,
Humphrey Hop,Classic Disney Volume V: 60 Years of Musical Magic,,,,,Grizzly Peak Airfield,,Grizzly Peak,Grizzly Peak Rambler Station Wagon,,, 00:01:21.860,Studio Chorus,8,Preceded by a 4 second gap
The Lonely Bull,,,,,,Grizzly Peak Airfield,,Grizzly Peak,Grizzly Peak Rambler Station Wagon,"This loop plays from speakers inside the Rambler Super Cross Country Wagon at Grizzly Peak Airfield near Refreshment Point. This is a verified tracklist compiled by pixelated and SSrustworthy based on pixelated’s reference recording. Seems to not play anymore as of 2022. See MouseBits, https://forums.mousebits.com/threads/grizzly-peak-airfield-rambler-station-wagon-interior-loop.9079/ (2015).",01:23:34.070, 00:02:10.011,Herb Alpert & The Tijuana Brass,1,Preceded by 4.8 sec. silent gap
This Land Is Your Land,,,,,,Grizzly Peak Airfield,,Grizzly Peak,Grizzly Peak Rambler Station Wagon,,, 00:03:20.675,Bing Crosby featuring Fred Waring & The Pennsylvanians,3,Preceded by very short/no gap
"That Sunday, That Summer",,,,,,Grizzly Peak Airfield,,Grizzly Peak,Grizzly Peak Rambler Station Wagon,,, 00:03:09.173,Nat King Cole,24,Preceded by a very short gap
That Happy Feeling,,,,,,Grizzly Peak Airfield,,Grizzly Peak,Grizzly Peak Rambler Station Wagon,,, 00:02:52.044,Bert Kaempfert,27,
Bright And Shiny,,,,,,Grizzly Peak Airfield,,Grizzly Peak,Grizzly Peak Rambler Station Wagon,,, 00:02:35.323,Doris Day,28,
Gone Fishin',,,,,,Grizzly Peak Airfield,,Grizzly Peak,Grizzly Peak Rambler Station Wagon,,, 00:02:27.819,"Bing Crosby, Louis Armstrong",14,~2-3 sec. overlap with previous track
So Rare,,,,,,Grizzly Peak Airfield,,Grizzly Peak,Grizzly Peak Rambler Station Wagon,,, 00:01:57.080,Andy Williams,10,Preceded by no gap
You Make Me Feel So Young,,,,,,Grizzly Peak Airfield,,Grizzly Peak,Grizzly Peak Rambler Station Wagon,,, 00:02:54.694,Frank Sinatra,19,Preceded by no gap
"Mountain Greenery (from “Words and Music”, 1948)",,,,,,Grizzly Peak Airfield,,Grizzly Peak,Grizzly Peak Rambler Station Wagon,,, 00:03:49.781,Perry Como,9,
The Happy Wanderer,The Happy Wanderer (1965),,,,,Grizzly Peak Airfield,,Grizzly Peak,Grizzly Peak Rambler Station Wagon,,, 00:02:25.849,Lawrence Welk,31,
"In The Cool, Cool, Cool Of The Evening",,,,,,Grizzly Peak Airfield,,Grizzly Peak,Grizzly Peak Rambler Station Wagon,,, 00:02:57.365,Rosemary Clooney,5,
Rain,,,,,,Grizzly Peak Airfield,,Grizzly Peak,Grizzly Peak Rambler Station Wagon,,, 00:02:38.079,Dean Martin,16,
If It Fits Your Fancy,,,,,,Grizzly Peak Airfield,,Grizzly Peak,Grizzly Peak Rambler Station Wagon,,, 00:02:51.898,The Smothers Brothers,13,
 Finale,Dragonheart ,,,,,Grizzly Peak Recreation Area,,Grizzly Peak,Grizzly Peak Recreation Area [REF],"This loop played outside the Grand Californian between Condor Flats and the DCA entrance to the Grand Californian. It was first reported around October of 2011 and was removed in 2015 when Condor Flats became Grizzly Peak Airfield. The new Grizzly Peak Recreation Area and Airfield loop was based on this loop, with several tracks retained. Tracklist compiled by pixelated based on his reference recording. See MouseBits, https://mousebits.com/smf/index.php?topic=6806.msg84804#msg84804 (2015) and https://mousebits.com/smf/index.php?topic=8915.msg85257#msg85257 (2015).",40:23.845, 1:12.605,Randy Edelman,1,"1:08.212 - 2:16.851, crossfade to 2:21.41. The album track has a short silent gap in it and the loop starts there, with the opening drum roll. The loop track does a quick crossfade 0.08 sec into next track."
 Under the Lighthouse,A Quiet Shore ,,,,,Grizzly Peak Recreation Area,,Grizzly Peak,Grizzly Peak Recreation Area [REF],,, 2:02.124,Tim Janis,19,0:05:18 - 2:18.13
 A Quiet Shore,A Quiet Shore ,,,,,Grizzly Peak Recreation Area,,Grizzly Peak,Grizzly Peak Recreation Area [REF],,, 2:31.498,Tim Janis,7,"0:00.000 - 2:32.508, crossfade 10.08 into next track"
 Leaving Birch Ridge,Iron Will ,,,,,Grizzly Peak Recreation Area,,Grizzly Peak,Grizzly Peak Recreation Area [REF],,, 1:30.827,Joel McNeely,3,"crossfade in from 0:53.03, 0:55.12 - 2:25.420, crossfade 5.14 sec into next track"
 Crossing The Line,Iron Will ,,,,,Grizzly Peak Recreation Area,,Grizzly Peak,Grizzly Peak Recreation Area [REF],,, 3:08.058,Joel McNeely,4,"0:00.000 - 3:08.06, crossfade 2.09 sec into next track"
 The Patriot (Reprise),The Patriot ,,,,,Grizzly Peak Recreation Area,,Grizzly Peak,Grizzly Peak Recreation Area [REF],,, 3:58.927,John Williams,8,"crossfade from 2:05.05, 2:06.743 - 6:06.03, crossfade 1 sec into next track"
End Credits,The Natural ,,,,,Grizzly Peak Recreation Area,,Grizzly Peak,Grizzly Peak Recreation Area [REF],,, 1:30.809,Randy Newman,12,"1:23.512 - end, crossfade 0.19 sec into next track"
 Homeland (Main Title),Spirit: Stallion of the Cimarron ,,,,,Grizzly Peak Recreation Area,,Grizzly Peak,Grizzly Peak Recreation Area [REF],,, 3:19.024,Hans Zimmer,15,"0:00.000 - 3:38.14, crossfade 3.22 sec into next track"
 Point Reyes,Water's Edge ,,,,,Grizzly Peak Recreation Area,,Grizzly Peak,Grizzly Peak Recreation Area [REF],,, 2:45.195,Tim Janis,9,Edited to include 0:00.000 - 2:44.6
 Grand Isle,Coastal America ,,,,,Grizzly Peak Recreation Area,,Grizzly Peak,Grizzly Peak Recreation Area [REF],,, 2:30.994,Tim Janis,10,"cymbal roll crossfade 2.05 sec into track 0:00.000 - 2:28.519, crossfade 1.05 second into next track"
 March to Mortality (Pickett's Charge),Gettysburg ,,,,,Grizzly Peak Recreation Area,,Grizzly Peak,Grizzly Peak Recreation Area [REF],,, 2:31.592,Randy Edelman,2,"crossfade in from 0:40, 0:40.673 - 3:12.4, crossfade 2.09 sec into next track"
 Angel Falls,Planet Earth ,,,,,Grizzly Peak Recreation Area,,Grizzly Peak,Grizzly Peak Recreation Area [REF],,, 2:10.710,George Fenton,6,"0:00.000 - 2:16:12, crossfade 5.04 sec into next track"
 The Wave,Angels in the Outfield ,,,,,Grizzly Peak Recreation Area,,Grizzly Peak,Grizzly Peak Recreation Area [REF],,, 2:43.908,Randy Edelman,11,"VERY brief cymbal roll, fades out 2 sec into track, 0:17.074 - 2:32.05, crossfase 3.19 sec into next track"
 Finale,Dragonheart ,,,,,Grizzly Peak Recreation Area,,Grizzly Peak,Grizzly Peak Recreation Area [REF],,, 0:47.310,Randy Edelman,5,"crossfade from 0:19.15, 0:22.01 - 1:03.17, crossfade 5.01 sec into next track"
 The Trees,Medicine Man ,,,,,Grizzly Peak Recreation Area,,Grizzly Peak,Grizzly Peak Recreation Area [REF],,,~0:20,Jerry Goldsmith,16,"3:13.17 - 3:34.16, crossfade 2.7 sec into next track"
 To The Pacific,Lewis & Clark: Great Journey West ,,,,,Grizzly Peak Recreation Area,,Grizzly Peak,Grizzly Peak Recreation Area [REF],,, 2:13.523,Sam Cardon,13,"0:00.000 - 2:16:04, crossfade 0.10 sec into next track"
 The Buffalo Hunt,Dances With Wolves ,,,,,Grizzly Peak Recreation Area,,Grizzly Peak,Grizzly Peak Recreation Area [REF],,, 2:41.770,John Barry,14,"0:00.000 - 2:40:02, crossfade 2.05 sec into next track"
Opening,Angels in the Outfield ,,,,,Grizzly Peak Recreation Area,,Grizzly Peak,Grizzly Peak Recreation Area [REF],,,1:18.09,Randy Edelman,17,"0:00.000 - 1:18.09, crossfade 0.21 sec to 2:32.07 - 2:41.03, crossfade 1.13 into next track"
A Meal and a Bath,Medicine Man,,,,,Grizzly Peak Recreation Area,,Grizzly Peak,Grizzly Peak Recreation Area [REF],,,~1:11,Jerry Goldsmith,18,"3:17.08.17 - 4:18.11, crossfade 0.11 into sec next track"
 You Are My Sunshine,Legends Of The Old West ,,,,,Grizzly Peak Recreation Area,,Grizzly Peak,Grizzly River Run Queue v.2,"This loop plays in the extended queue of the Grizzly River Run. It was likely installed ca. 2011-2013 after the placemaking of Grizzly River Run from an Xtreme sports theme to a genteel national parks theme. This loop features continuously playing music, and does not feature a radio broadcast unlike the first iteration of this loop. Preliminary tracklist compiled by pixelated, RocketRodsXPR and wedroy1923. See MouseBits, https://mousebits.com/smf/index.php?topic=8394.msg78649#msg78649 (2014).",00:59:18.836, 00:03:26.225,Craig Duncan,1,Preceded by ~2.52 sec. silent gap
 Ridin' Out On The Lonely Prairie,Rock & Rye (?) ,,,,,Grizzly Peak Recreation Area,,Grizzly Peak,Grizzly River Run Queue v.2,,, 00:02:10.804,Sourdough Slim,10,
 Cool Water,Classics ,,,,,Grizzly Peak Recreation Area,,Grizzly Peak,Grizzly River Run Queue v.2,,, 00:03:17.783,Sourdough Slim,2,
 Pecos Bill,Classics ,,,,,Grizzly Peak Recreation Area,,Grizzly Peak,Grizzly River Run Queue v.2,,, 00:02:28.163,Sourdough Slim,20,
 Boots And Saddle,Classics ,,,,,Grizzly Peak Recreation Area,,Grizzly Peak,Grizzly River Run Queue v.2,,, 00:02:37.922,Sourdough Slim,12,
 Pioneer Medley,Western Tales ,,,,,Grizzly Peak Recreation Area,,Grizzly Peak,Grizzly River Run Queue v.2,,, 00:01:52.062,Trails & Rails,11,
 Back In The Saddle Again,Public Cowboy #1 ,,,,,Grizzly Peak Recreation Area,,Grizzly Peak,Grizzly River Run Queue v.2,,, 00:03:55.771,Riders In The Sky,4,
 I'm An Old Cowhand,"Water, Weeds & Ghosts ",,,,,Grizzly Peak Recreation Area,,Grizzly Peak,Grizzly River Run Queue v.2,,, 00:02:13.733,Trails & Rails,18,
 Don't Fence Me In,Classics ,,,,,Grizzly Peak Recreation Area,,Grizzly Peak,Grizzly River Run Queue v.2,,, 00:02:01.902,Sourdough Slim,17,
 The Old Chisholm Trail,Memories Of The Old West ,,,,,Grizzly Peak Recreation Area,,Grizzly Peak,Grizzly River Run Queue v.2,,, 00:02:08.808,Craig Duncan,14,
 The Yellow Rose Of Texas,Memories Of The Old West ,,,,,Grizzly Peak Recreation Area,,Grizzly Peak,Grizzly River Run Queue v.2,,, 00:02:51.901,Craig Duncan,3,
 The Big Rock Candy Mountain,Classics ,,,,,Grizzly Peak Recreation Area,,Grizzly Peak,Grizzly River Run Queue v.2,,, 00:03:12.883,Sourdough Slim,8,
 Happy Trails (instrumental),Unsung Heroes: Guitar Songs Of The American West ,,,,,Grizzly Peak Recreation Area,,Grizzly Peak,Grizzly River Run Queue v.2,,, 00:02:13.367,Charles David Smart,7,
 Pecos River Queen,Saddle Songs ,,,,,Grizzly Peak Recreation Area,,Grizzly Peak,Grizzly River Run Queue v.2,,, 00:02:24.366,Don Edwards,19,
 When The Work's All Done This Fall,Cowboy Songs of the Wild Frontier ,,,,,Grizzly Peak Recreation Area,,Grizzly Peak,Grizzly River Run Queue v.2,,, 00:03:45.782,Wayne Erbsen,21,
 My Poncho Pony,A Tribute to Patsy Montana ,,,,,Grizzly Peak Recreation Area,,Grizzly Peak,Grizzly River Run Queue v.2,,, 00:02:39.765,Judy Coder,13,
 Ryestraw,Cowboy Songs of the Wild Frontier ,,,,,Grizzly Peak Recreation Area,,Grizzly Peak,Grizzly River Run Queue v.2,,, 00:03:15.278,Wayne Erbsen,16,
 Echoes From The Hills,Memories Of The Old West ,,,,,Grizzly Peak Recreation Area,,Grizzly Peak,Grizzly River Run Queue v.2,,, 00:03:23.798,Craig Duncan,5,
 Cowboy Medley,"Water, Weeds & Ghosts ",,,,,Grizzly Peak Recreation Area,,Grizzly Peak,Grizzly River Run Queue v.2,,, 00:04:01.340,Trails & Rails,15,
 Cindy,Home On The Range ,,,,,Grizzly Peak Recreation Area,,Grizzly Peak,Grizzly River Run Queue v.2,,, 00:02:56.984,Jim Hendricks,9,
 Old Dance Medley,From Way Out West ,,,,,Grizzly Peak Recreation Area,,Grizzly Peak,Grizzly River Run Queue v.2,,, 00:02:20.149,Trails & Rails,6,
 Picking Flowers,"Chinese Traditional Erhu Music, Vol. 2",,,,"January 31, 2014 → February 2, 2014",,Lunar New Year,"Paradise Gardens Park, Paradise Pier",Happy Lunar New Year Celebration,"This loop plays around the Pixar Pier area and the Parade Route for the Happy Lunar New Year Celebration. It was first introduced in either 2013 or 2014 and is still in use as of 2026. Track list compiled by pixelated based on his reference recording and verified by SSrustworthy. There are no totally silent gaps between tracks except between the first and last tracks.  The same loop played in 2014 and 2015, although in 2015 the track “Picking Flowers” ran slower and was in sync with the album version, and the loop was in stereo. See MouseBits, https://mousebits.com/smf/index.php?topic=8426.msg78931#msg78931 (2014).",00:43:32.517, 00:01:58.127,Lei Qiang,1,"In the 2014 loop, ""Picking Flowers"" was faster by ~0.143 secs. than the version on the ""Music from the Tea Lands"" album or the ""Chinese Traditional Erhu Music, Vol. 2"" album. That same track in the 2015 loop stays in perfect sync with the album version."
 Trong Com,From Saigon to Hanoi ,,,,"January 31, 2014 → February 2, 2014",,Lunar New Year,"Paradise Gardens Park, Paradise Pier",Happy Lunar New Year Celebration,,, 00:02:29.338,Tiéng Hát Quê Húong Ensemble,2,
 Ly Ngua O,From Saigon to Hanoi ,,,,"January 31, 2014 → February 2, 2014",,Lunar New Year,"Paradise Gardens Park, Paradise Pier",Happy Lunar New Year Celebration,,, 00:02:52.996,Tiéng Hát Quê Húong Ensemble,7,
 No Word,Freedom: Greatest Hits (Disc 2) ,,,,"January 31, 2014 → February 2, 2014",,Lunar New Year,"Paradise Gardens Park, Paradise Pier",Happy Lunar New Year Celebration,,, 00:04:46.536,Twelve Girls Band,9,
 The Empress,Asian Fusion ,,,,"January 31, 2014 → February 2, 2014",,Lunar New Year,"Paradise Gardens Park, Paradise Pier",Happy Lunar New Year Celebration,,, 00:03:50.954,Ancient Future,6,"The loop track fades out earlier than the album track, starting at around 3:48.45 of the album track."
Cheong Don,Korean Traditional Music,,,,"January 31, 2014 → February 2, 2014",,Lunar New Year,"Paradise Gardens Park, Paradise Pier",Happy Lunar New Year Celebration,,, 00:01:02.496,Seoul Music Ensemble,13,
 Forbidden City,Eastern Energy ,,,,"January 31, 2014 → February 2, 2014",,Lunar New Year,"Paradise Gardens Park, Paradise Pier",Happy Lunar New Year Celebration,,, 00:04:37.547,Twelve Girls Band,11,~3.7 sec. overlap between tracks 10 & 11
Native American Flute Suite: Canyon Flute,World Peace: The Best of World Music,,,,"January 31, 2014 → February 2, 2014",,Lunar New Year,"Paradise Gardens Park, Paradise Pier",Happy Lunar New Year Celebration,,, 00:02:08.844,,8,This goes by a few different names; including Inner Journey on Itunes
 Falling Rain,Vietnamese Traditional Dan Bau Music ,,,,"January 31, 2014 → February 2, 2014",,Lunar New Year,"Paradise Gardens Park, Paradise Pier",Happy Lunar New Year Celebration,,, 00:02:59.137,Pham Duc Thanh,10,
 Jasmine,Freedom: Greatest Hits (Disc 1) ,,,,"January 31, 2014 → February 2, 2014",,Lunar New Year,"Paradise Gardens Park, Paradise Pier",Happy Lunar New Year Celebration,,, 00:02:50.551,Twelve Girls Band,4,
 Life On Clouds,Freedom: Greatest Hits (Disc 1) ,,,,"January 31, 2014 → February 2, 2014",,Lunar New Year,"Paradise Gardens Park, Paradise Pier",Happy Lunar New Year Celebration,,, 00:03:45.333,Twelve Girls Band,5,
 Spirit Dance,Freedom: Greatest Hits (Disc 1) ,,,,"January 31, 2014 → February 2, 2014",,Lunar New Year,"Paradise Gardens Park, Paradise Pier",Happy Lunar New Year Celebration,,, 00:05:12.555,Twelve Girls Band,3,
 Mountains and Rivers,Eastern Energy ,,,,"January 31, 2014 → February 2, 2014",,Lunar New Year,"Paradise Gardens Park, Paradise Pier",Happy Lunar New Year Celebration,,, 00:05:01.805,Twelve Girls Band,12,
 Jingle Bells,A Jolly Christmas from Frank Sinatra ,,,,,,Christmas,Hollywood Land,Hollywood Land Holiday,"This loop plays throughout Hollywood Land during the holiday season. The loop was first introduced in November 2012. This is a preliminary track list compiled by pixelated based on his reference recording. See MouseBits, https://mousebits.com/smf/index.php?topic=6912.msg68816#msg68816 (2012).",01:30:31.207, 1:54.765,Frank Sinatra,1,
 Sleigh Ride,Winter Wonderland Vol. 2 ,,,,,,Christmas,Hollywood Land,Hollywood Land Holiday,,, 3:03.068,The Andrews Sisters,10,
 Rudolph the Red-Nosed Reindeer,Ella Wishes You a Swinging Christmas ,,,,,,Christmas,Hollywood Land,Hollywood Land Holiday,,, 2:50.775,Ella Fitzgerald,20,
" Jing-A-Ling, Jing-A-Ling",A Merry Christmas with Bing Crosby and the Andrews Sisters ,,,,,,Christmas,Hollywood Land,Hollywood Land Holiday,,, 2:50.867,The Andrews Sisters,9,
 Frosty the Snowman,"Big Band Christmas (Universal Special Products, 1993) OR Swing Into Christmas (MCA, 1998) ",,,,,,Christmas,Hollywood Land,Hollywood Land Holiday,,, 2:31.705,Guy Lombardo & His Royal Canadians,21,
 (Everybody's Waiting For) The Man With the Bag,It's Christmas ,,,,,,Christmas,Hollywood Land,Hollywood Land Holiday,,,2:39.299,Kay Starr,14,
 Let It Snow! Let It Snow! Let It Snow!,That's Christmas Jazz ,,,,,,Christmas,Hollywood Land,Hollywood Land Holiday,,, 2:35.903,Les Brown and His Band of Renown,15,
 Frosty the Snowman,Ella Wishes You a Swinging Christmas ,,,,,,Christmas,Hollywood Land,Hollywood Land Holiday,,, 2:10.453,Ella Fitzgerald,7,
 Winter Wonderland (instrumental),Big Band Christmas ,,,,,,Christmas,Hollywood Land,Hollywood Land Holiday,,, 2:58.005,The Les Rogers Orchestra,19,
 Have Yourself a Merry Little Christmas,Ella Wishes You a Swinging Christmas ,,,,,,Christmas,Hollywood Land,Hollywood Land Holiday,,, 2:54.471,Ella Fitzgerald,3,
 I'll Be Home for Christmas (instrumental),Big Band Christmas ,,,,,,Christmas,Hollywood Land,Hollywood Land Holiday,,, 2:53.922,The Les Rogers Orchestra,29,
 Winter Wonderland,A Merry Christmas with Bing Crosby and the Andrews Sisters ,,,,,,Christmas,Hollywood Land,Hollywood Land Holiday,,, 2:40.075,The Andrews Sisters,6,
 Here Comes Santa Claus,That Christmas Feeling ,,,,,,Christmas,Hollywood Land,Hollywood Land Holiday,,, 3:01.092,Bing Crosby/The Andrews Sisters,26,
 Let It Snow! Let It Snow! Let It Snow!,Ella Wishes You a Swinging Christmas ,,,,,,Christmas,Hollywood Land,Hollywood Land Holiday,,, 2:41.751,Ella Fitzgerald,25,
 In the Christmas Mood,"In The Christmas Mood, Vol. 1 ",,,,,,Christmas,Hollywood Land,Hollywood Land Holiday,,, 3:30.763,The Glenn Miller Orchestra,5,
 Winter Wonderland,Ella Wishes You a Swinging Christmas ,,,,,,Christmas,Hollywood Land,Hollywood Land Holiday,,, 2:16.618,Ella Fitzgerald,31,
 Let It Snow! Let It Snow! Let It Snow! (In The Christmas Mood),Home for Christmas ,,,,,,Christmas,Hollywood Land,Hollywood Land Holiday,,, 3:08.513,Glenn Miller and His Orchestra,8,
 White Christmas (instrumental),Big Band Christmas ,,,,,,Christmas,Hollywood Land,Hollywood Land Holiday,,, 2:53.706,The Les Rogers Orchestra,4,
 Jingle Bells,In The Swinging Christmas Mood ,,,,,,Christmas,Hollywood Land,Hollywood Land Holiday,,, 4:36.675,Glen Miller and His Orchestra,24,
 Sleigh Ride (In The Christmas Mood),Home for Christmas ,,,,,,Christmas,Hollywood Land,Hollywood Land Holiday,,, 3:40.731,Glen Miller and His Orchestra,30,
 Santa Claus Got Stuck in My Chimney,That's Christmas Jazz ,,,,,,Christmas,Hollywood Land,Hollywood Land Holiday,,, 3:04.494,Ella Fitzgerald,27,
 Merry Christmas Polka,A Merry Christmas with Bing Crosby & The Andrews Sisters ,,,,,,Christmas,Hollywood Land,Hollywood Land Holiday,,, 2:47.384,The Andrews Sisters,12,
 Good King Wenceslas,"In The Christmas Mood, Vol. 2 ",,,,,,Christmas,Hollywood Land,Hollywood Land Holiday,,, 2:27.607,The Glenn Miller Orchestra,11,
 White Christmas, 3:02.917,,,,,,Christmas,Hollywood Land,Hollywood Land Holiday,,,,Bing Crosby,18,
 Santa Claus Is Coming to Town,In The Swinging Christmas Mood ,,,,,,Christmas,Hollywood Land,Hollywood Land Holiday,,, 3:27.762,Glenn Miller and His Orchestra,16,
 Happy Holiday/The Holiday Season,Personal Christmas Collection ,,,,,,Christmas,Hollywood Land,Hollywood Land Holiday,,, 2:36.857,Andy Williams,23,
 Frosty the Snowman,In The Swinging Christmas Mood ,,,,,,Christmas,Hollywood Land,Hollywood Land Holiday,,, 3:58.994,Glenn Miller and His Orchestra,2,
 Cool Yule, ,,,,,,Christmas,Hollywood Land,Hollywood Land Holiday,,,,Louis Armstrong,28,
 Sleigh Ride,Ella Wishes You a Swinging Christmas ,,,,,,Christmas,Hollywood Land,Hollywood Land Holiday,,,2:55.655,Ella Fitzgerald,13,
 Jingle Bells (instrumental),Big Band Christmas ,,,,,,Christmas,Hollywood Land,Hollywood Land Holiday,,, 2:36.717,The Les Rogers Orchestra,17,
 Sleigh Ride (instrumental),Big Band Christmas ,,,,,,Christmas,Hollywood Land,Hollywood Land Holiday,,, 2:47.301,The Les Rogers Orchestra,22,
 Boogie Woogie Maxine,Big Band Favorites OR Big Bands (Music From The War Years),,,,,,,Hollywood Land,Hollywood Land,,, 2:31.491,BBC Big Band Orchestra,2,
 American Patrol,Salute to Glenn Miller ,,,,,,,Hollywood Land,Hollywood Land,"This loop plays in Hollywood Land along the main avenue and in the surrounding area. It was introduced in May 2012 and plays currently (as of 2026). The same loop, with one additional track, plays in WDW’s DHS Trolley Car Cafe. This is a verified tracklist compiled by pixelated, RocketRodsXPR and eyore, and SSrustworthy based on pixelated’s reference recording. Note, most all of the loop tracks run slower than their source tracks by a few to several tenths of a second. See MouseBits, https://mousebits.com/smf/index.php?topic=7298.msg62937#msg62937 (2012) and https://mousebits.com/smf/index.php?topic=9299.msg87975#msg87975 (2016).",01:06:36.089, 3:42.828,Syd Lawrence Orchestra,1,Preceded by 1.2 second silent gap.
 Big John's Special,Mr. Rhythmist Goes to Town ,,,,,,,Hollywood Land,Hollywood Land,,, 2:45.942,Mora's Modern Rhythmists,12,
" Sing, Sing, Sing (With A Swing)",Swing Kids (Music From The Motion Picture Soundtrack),,,,,,,Hollywood Land,Hollywood Land,,, 4:48.851,Louis Prima,16,The loop track starts at 13.375 of the album track
 Shout and Feel It,Swing Kids (Music From The Motion Picture Soundtrack),,,,,,,Hollywood Land,Hollywood Land,,, 2:26.656,James Horner,6,
 East of the Sun (And West of the Moon),The Band With That Sound/Designs for Dancing ,,,,,,,Hollywood Land,Hollywood Land,,, 2:21.365,Les Elgart,10,
 The Dancing Sound,The Elgart Touch / For Dancers Also,,,,,,,Hollywood Land,Hollywood Land,,, 1:40.097,Les Elgart,22,
 Sun Valley Jump,Salute to Glenn Miller ,,,,,,,Hollywood Land,Hollywood Land,,, 2:44.730,Syd Lawrence Orchestra,19,
 Hold Tight - Hold Tight,Let's Dance the Jive ,,,,,,,Hollywood Land,Hollywood Land,,, 3:15.999,Graham Dalby and The Grahamophones,13,
" Oh, Lady Be Good",Swingin' the Century ,,,,,,,Hollywood Land,Hollywood Land,,, 3:18.162,Bill Elliott Swing Orchestra,5,
 Little Brown Jug,Let's Dance the Jive ,,,,,,,Hollywood Land,Hollywood Land,,, 2:32.354,Graham Dalby and The Grahamophones,15,
 Copper Coloured Girl,Let's Dance the Jive ,,,,,,,Hollywood Land,Hollywood Land,,, 2:21.498,Graham Dalby and The Grahamophones,3,
 Opus One,Memories of You ,,,,,,,Hollywood Land,Hollywood Land,,, 3:02.166,Syd Lawrence Orchestra,23,
 You Rascal You,Let's Dance the Jive ,,,,,,,Hollywood Land,Hollywood Land,,, 2:34.052,Graham Dalby and The Grahamophones,11,
 In the Mood,Salute to Glenn Miller,,,,,,,Hollywood Land,Hollywood Land,,, 3:52.510,Syd Lawrence Orchestra,7,
 When I See an Elephant Fly,Let's Dance the Jive ,,,,,,,Hollywood Land,Hollywood Land,,, 2:42.018,Graham Dalby and The Grahamophones,21,
" Take the ""A"" Train",Big Band Favorites OR Big Bands (Music From The War Years),,,,,,,Hollywood Land,Hollywood Land,,, 3:21.579,BBC Big Band Orchestra,20,
 Jersey Bounce,Let's Dance the Jive ,,,,,,,Hollywood Land,Hollywood Land,,, 1:46.933,Graham Dalby and The Grahamophones,17,
 Anything Goes,The Band With That Sound/Designs for Dancing ,,,,,,,Hollywood Land,Hollywood Land,,, 2:07.510,Les Elgart,8,
 Juggin' Along,The Band With That Sound/Designs for Dancing ,,,,,,,Hollywood Land,Hollywood Land,,, 2:41.948,Les Elgart,4,
 All the Cats Join In,If Dreams Come True,,,,,,,Hollywood Land,Hollywood Land,,, 4:15.698,George Gee & the Jump Jive Wailers,14,
 Jeep Jockey Jump,Swingin' the Century ,,,,,,,Hollywood Land,Hollywood Land,,, 2:48.508,Bill Elliott Swing Orchestra,18,
 Puttin' on the Ritz,If Dreams Come True ,,,,,,,Hollywood Land,Hollywood Land,,, 2:53.182,George Gee and The Jump Jivin' Wailers,9,
Turkey in the Straw,Old Fashoned Band Organ Music ,,,,,,,Paradise Pier,King Triton’s Carousel of the Sea v.2,"This loop played at King Triton’s Carousel of the Sea. It was introduced sometime before January 2012 (likely in 2010 to align with the Paradise Pier retheming). Playlist compiled by pixelated and others based on a reference recording by pixelated. See MouseBits, https://mousebits.com/smf/index.php?topic=7047.msg59599#msg59599 (2012). ",01:01:38.062, 1:24.475,The Enchanted Carousel,1,
That's How I Believe in You,"Carousel Breezes, Vol. II ",,,,,,,Paradise Pier,King Triton’s Carousel of the Sea v.2,,, 2:58.680,,8,
How You Gonna Keep 'em Down On the Farm After They've Seen Paree,"Good Old U.S.A. Carousel Music, Vol. 2 ",,,,,,,Paradise Pier,King Triton’s Carousel of the Sea v.2,,, 2:42.848,,20,
Organ Grinder's Serenade,"Good Old U.S.A. Carousel Music, Vol. 2 ",,,,,,,Paradise Pier,King Triton’s Carousel of the Sea v.2,,, 1:57.042,,5,
Rosie O' Reilly,"Come to the Fair, Vol. 1 ",,,,,,,Paradise Pier,King Triton’s Carousel of the Sea v.2,,, 2:14.019,,10,
The Sunset Trail of Gold,"Carousel Breezes, Vol. II ",,,,,,,Paradise Pier,King Triton’s Carousel of the Sea v.2,,, 2:11.059,,17,
Say It While We're Dancing,"Carousel Breezes, Vol. II ",,,,,,,Paradise Pier,King Triton’s Carousel of the Sea v.2,,, 2:43.414,,23,
"Smile, Smile, Smile","Good Old U.S.A. Carousel Music, Vol. 1 ",,,,,,,Paradise Pier,King Triton’s Carousel of the Sea v.2,,, 2:16.640,,19,
Unknown,,,,,,,,Paradise Pier,King Triton’s Carousel of the Sea v.2,,,2:51.400,,21,
You Made Me Love You,"Good Old U.S.A. Carousel Music, Vol. 2 ",,,,,,,Paradise Pier,King Triton’s Carousel of the Sea v.2,,, 2:10.713,,12,
"You Tell Her, I Stutter","Carousel Breezes, Vol. I ",,,,,,,Paradise Pier,King Triton’s Carousel of the Sea v.2,,, 3:13.192,,14,
Don't Bring Me Posies,"Carousel Breezes, Vol. II ",,,,,,,Paradise Pier,King Triton’s Carousel of the Sea v.2,,, 2:41.023,,16,
Blue Jackets March,Old Fashoned Band Organ Music ,,,,,,,Paradise Pier,King Triton’s Carousel of the Sea v.2,,, 2:03.841,The Enchanted Carousel,18,
Put On Your Old Grey Bonnet,"Good Old U.S.A. Carousel Music, Vol. 2 ",,,,,,,Paradise Pier,King Triton’s Carousel of the Sea v.2,,, 2:08.236,,25,
The Thunderer,Catch Another Brass Ring ,,,,,,,Paradise Pier,King Triton’s Carousel of the Sea v.2,,, 2:29.328,,22,
Georgette,"Carousel Breezes, Vol. II ",,,,,,,Paradise Pier,King Triton’s Carousel of the Sea v.2,,, 2:56.615,,24,
Darktown Strutter's Ball,"Good Old U.S.A. Carousel Music, Vol. 2 ",,,,,,,Paradise Pier,King Triton’s Carousel of the Sea v.2,,, 1:55.219,,13,
There'll Be a Hot Time in the Old Town Tonight,"Good Old U.S.A. Carousel Music, Vol. 1 ",,,,,,,Paradise Pier,King Triton’s Carousel of the Sea v.2,,, 1:52.274,,3,
Impassioned Dream,"Come to the Fair, Vol. 1 ",,,,,,,Paradise Pier,King Triton’s Carousel of the Sea v.2,,, 3:05.996,,6,
Trisch Tratsch,Carousel Memories ,,,,,,,Paradise Pier,King Triton’s Carousel of the Sea v.2,,, 3:01.269,,11,
Alexander's Ragtime Band,Catch The Brass Ring ,,,,,,,Paradise Pier,King Triton’s Carousel of the Sea v.2,,, 2:17.292,,9,
Our Director,"Come to the Fair, Vol. 1 ",,,,,,,Paradise Pier,King Triton’s Carousel of the Sea v.2,,, 3:34.677,,4,
Over the Waves (Sobre las Olas),"Come to the Fair, Vol. 1 ",,,,,,,Paradise Pier,King Triton’s Carousel of the Sea v.2,,, 3:11.251,,7,
Ta Ra Ra Boom De Ay,"Good Old U.S.A. Carousel Music, Vol. 1 ",,,,,,,Paradise Pier,King Triton’s Carousel of the Sea v.2,,, 1:39.276,,15,
After The Ball,Carousel Memories ,,,,,,,Paradise Pier,King Triton’s Carousel of the Sea v.2,,, 1:58.696,,2,
Funiculì Funiculà,10 Grandes Artistas Paris - Italia [2000],,Orfeon,,,,,Cars Land,Luigi's Casa Della Tires (interior queue),"This loop plays inside the Luigi’s Casa Della Tires building, which was initially the interior queue for Luigi’s Flying Tires before the attraction was replaced by Luigi’s Rollickin’ Roadsters. It was introduced with the opening of Cars Land on June 13, 2012. This is a preliminary track list compiled by pixelated based on his live reference recording. See MouseBits, https://mousebits.com/smf/index.php?topic=7377.msg66308#msg66308 (2012). The loop appears to be extremely similar to the 2016 DHS PizzeRizzo loop at WDW, https://mousebits.com/smf/index.php?topic=9441.msg89060#msg89060.",01:07:52,,24 Exitos,1," 2000 - Digital release"
Luna Mezzo Mare,Italian Love Songs [2001],,,,,,,Cars Land,Luigi's Casa Della Tires (interior queue),,,,Dean Martin,17,Edited
"Eh, Cumpari!",Eh Paisano! [1997],,,,,,,Cars Land,Luigi's Casa Della Tires (interior queue),,,,Julius LaRosa,23,
Volare,Viva Italia! Festive Italian Classics [1996],,,,,,,Cars Land,Luigi's Casa Della Tires (interior queue),,,,Domenico Modugno,5,
Italian Huckle-Buck,The Very Best of Lou Monte [1997],,,,,,,Cars Land,Luigi's Casa Della Tires (interior queue),,,,Lou Monte,14,Edited
Mambo Italiano,Big Night (Original Motion Picture Soundtrack) [1996],,,,,,,Cars Land,Luigi's Casa Della Tires (interior queue),,,,Rosemary Clooney,7,
Un Bacio a Mezzanotte,Putumayo Presents: Italian Café [2005],,,,,,,Cars Land,Luigi's Casa Della Tires (interior queue),,,,Quartetto Cetra,13,
Forget Domani,Viva Italia! Festive Italian Classics [1996],,,,,,,Cars Land,Luigi's Casa Della Tires (interior queue),,,,Perry Como,10,
Calypso Italiano,The Very Best of Lou Monte [1997],,,,,,,Cars Land,Luigi's Casa Della Tires (interior queue),,,,Lou Monte,19,
That's Amore,Eh Paisano! [1997],,,,,,,Cars Land,Luigi's Casa Della Tires (interior queue),,,,Dean Martin,9,
Carnavale Veneziano,Dinner in Italy [2000],,,,,,,Cars Land,Luigi's Casa Della Tires (interior queue),,,,Angelo Petisi,21,
Vedrai (Go On),The Very Best of the Sherry Sisters [2011],,,,,,,Cars Land,Luigi's Casa Della Tires (interior queue),,,,The Sherry Sisters,27,
Luigi,Breaking It Up! [1998],,,,,,,Cars Land,Luigi's Casa Della Tires (interior queue),,,,Louis Prima,24,Edited
Juke Box,Putumayo Presents: Italian Café [2005],,,,,,,Cars Land,Luigi's Casa Della Tires (interior queue),,,,Fred Buscaglione,20,
Carina,Putumayo Presents: Italian Cafe [2005],,,,,,,Cars Land,Luigi's Casa Della Tires (interior queue),,,,Nicola Arigliano,6,
Piccolissima Serenata,Putumayo Presents: Italian Café [2005],,,,,,,Cars Land,Luigi's Casa Della Tires (interior queue),,,,Renato Carosone,18,
"Soldi, Soldi, Soldi",Viva Italia! Festive Italian Classics [1996],,,,,,,Cars Land,Luigi's Casa Della Tires (interior queue),,,,Sophia Loren,12,
Papa Loves Mambo,"The Very Best of Perry Como [2009] ",,Pacific,,,,,Cars Land,Luigi's Casa Della Tires (interior queue),,,2009 - Digital release,Perry Como,22,
Che Cossè l'Amor,Putumayo Presents: Italian Café [2005],,,,,,,Cars Land,Luigi's Casa Della Tires (interior queue),,,,Vinicio Capossela,26,
Hey Gumbaree,Viva Italia! Festive Italian Classics [1996],,,,,,,Cars Land,Luigi's Casa Della Tires (interior queue),,,,Lou Monte,15,
"Arrivederci, Roma","Italia, Vol. 5 [2011]",,Orange Leisure,,,,,Cars Land,Luigi's Casa Della Tires (interior queue),,,,Mario Lanza,3,2011 digital release
La Strada Del Bosco,Big Night (Original Motion Picture Soundtrack) [1996],,,,,,,Cars Land,Luigi's Casa Della Tires (interior queue),,,,Claudio Villa,25,
Il Pescivendolo,Big Night (Original Motion Picture Soundtrack) [1996],,,,,,,Cars Land,Luigi's Casa Della Tires (interior queue),,,,Matteo Salvatore,2,
Mona and Cossimo (Canzone Per Loretta),Moonstruck (Original Motion Picture Soundtrack) [1988],,,,,,,Cars Land,Luigi's Casa Della Tires (interior queue),,,,Dick Hyman,16,
"Tic Ti, Tic Ta",Big Night (Original Motion Picture Soundtrack) [1996],,,,,,,Cars Land,Luigi's Casa Della Tires (interior queue),,,,Claudio Villa,4,
O Sole Mio," 10 Grandes Artistas Paris - Italia [2000]",,Orfeon,,,,,Cars Land,Luigi's Casa Della Tires (interior queue),,,,24 Exitos,11,2000 digital release
La Donna è Mobile (Rigoletto),"Le Grandi Opere Italiane, Vol. 1 [2011]",,JB Productions,,,,,Cars Land,Luigi's Casa Della Tires (interior queue),,,,"Carlo Bergonzi, tenor; Rafael Kubelik, La Scala Theater Orchestra",8,2011 digital release
Carnavale Veneziano,Serenades And Tarentellas OR Dinner In Italy,,,,,,,Cars Land,Luigi's Flying Tires (exterior),,,,Angelo Petisi and his Neopolitan Mandolins,3,
Signorinella Mia,'Sunny Mandolins - Italia - Italy' OR Dinner In Italy,,,,,,,Cars Land,Luigi's Flying Tires (exterior),"This loop played in the exterior area of the Luigi’s Flying Tires attraction from opening of Cars Land on June 13, 2012 until attraction closing  on February 17, 2015. The loop is muted when the tires are in motion. Some tracks are from the 2011 Tokyo DisneySea Porto Paradiso loop. Tracklist compiled by pixelated based on his reference recording. See MouseBits, https://mousebits.com/smf/index.php?topic=7381.msg75765#msg75765.",00:26:17.491,,Angelo Petisi,1,
Canzone Per Loretta,Moonstruck OST,,,9,,,,Cars Land,Luigi's Flying Tires (exterior),,,,Dick Hyman,2,
Guaglione,Viva Italia! Festive Italian Classics,,,,,,,Cars Land,Luigi's Flying Tires (exterior),,,,Carlo Savina and His Orchestra,4,
Maria Graziella,(as of 2011) Tokyo DisneySea Porto Paradiso BGM,,,,,,,Cars Land,Luigi's Flying Tires (exterior),,,,,5,
Ciribiribin,'Sunny Mandolins - Italia - Italy' OR Dinner In Italy,,,,,,,Cars Land,Luigi's Flying Tires (exterior),,,,Angelo Petisi,6,
Old Man Mazurka,Moonstruck OST,,,,,,,Cars Land,Luigi's Flying Tires (exterior),,,,Dick Hyman & Dominic Cortese,8,
Mattinata,Viva Italia! Festive Italian Classics,,,,,,,Cars Land,Luigi's Flying Tires (exterior),,,,Romano Ledenzio and His Orchestra,10,
"Unknown A (starts with accordion, then joined by bass, clarinet and mandolin)",(as of 2011) Tokyo DisneySea Porto Paradiso BGM,,,,,,,Cars Land,Luigi's Flying Tires (exterior),,,,,7,
La Mazurca di Vicenzina,(as of 2011) Tokyo DisneySea Porto Paradiso BGM,,,,,,,Cars Land,Luigi's Flying Tires (exterior),,,,,9,
Unknown tarantella,(as of 2011) Tokyo DisneySea Porto Paradiso BGM,,,,,,,Cars Land,Luigi's Flying Tires (exterior),,,,,11,
 Reinlender,Norwegian Folk Music ,,,,"January 7, 2015 → April 30, 2015",,Olaf's Snow Fest,Hollywood Land,Olaf's Snow Fest,"This loop played in the Olaf’s Snow Fest area at Hollywood Land’s Stage 17 as part of the Frozen Fun event. It ran from January 7, 2015, to April 30, 2015. This is a preliminary track list compiled by pixelated based on his reference recording. See MouseBits, https://mousebits.com/smf/index.php?topic=8866.msg84733#msg84733 (2015).",00:25:46.1, 00:03:07.337,"Jon Faukstad, Hans W. Brimi, Mary Barthelemy",1,
 Dalpilen,Du Da ,,,,"January 7, 2015 → April 30, 2015",,Olaf's Snow Fest,Hollywood Land,Olaf's Snow Fest,,, 00:02:37.261,Swåp,5,
Mäster Åslund,Du Da ,,,,"January 7, 2015 → April 30, 2015",,Olaf's Snow Fest,Hollywood Land,Olaf's Snow Fest,,, 00:03:18.801,Swåp,4,
 Kronbron,Du Da ,,,,"January 7, 2015 → April 30, 2015",,Olaf's Snow Fest,Hollywood Land,Olaf's Snow Fest,,, 00:02:50.200,Swåp,9,
 Grythyttehyl,Polka Raggioso ,,,,"January 7, 2015 → April 30, 2015",,Olaf's Snow Fest,Hollywood Land,Olaf's Snow Fest,,, 00:03:25.966 ?,Harv,8,
 Train Song,"The Sweet Sunny North: Henry Kaiser & David Lindley In Norway, Vol. 2 ",,,,"January 7, 2015 → April 30, 2015",,Olaf's Snow Fest,Hollywood Land,Olaf's Snow Fest,,, 00:01:52.204,Knut Reiersrud & Paolo Vinaccia,2,
 Antin Mikko,String Tease ,,,,"January 7, 2015 → April 30, 2015",,Olaf's Snow Fest,Hollywood Land,Olaf's Snow Fest,,, 00:03:26.366 ?,JPP,7,
 Polka Raggioso,Polka Raggioso ,,,,"January 7, 2015 → April 30, 2015",,Olaf's Snow Fest,Hollywood Land,Olaf's Snow Fest,,, 00:02:07.536,Harv,6,
Slängpolska Efter Byss-Calle (Slangpolska After Byss-Calle),String Tease ,,,,"January 7, 2015 → April 30, 2015",,Olaf's Snow Fest,Hollywood Land,Olaf's Snow Fest,,, 00:03:00.426,JPP,3,
 Clarinet Marmalade,Salon to Swing,,,9,,,,Paradise Pier,Paradise Pier Boardwalk v.2 [REF],"This loop played across the Paradise Pier Boardwalk area from ca. July 2010 until January 2018, when Paradise Pier closed for retheming. A preliminary tracklist was compiled by pixelated based on his reference recording. See MouseBits, https://mousebits.com/smf/index.php?topic=5625.msg43998#msg43998 (2023).",01:23:52,,The Palm Court Theatre Orchestra,1,
 Variety Stomp,Don't Bring Lulu,,,9,,,,Paradise Pier,Paradise Pier Boardwalk v.2 [REF],,,,Don Neely's Royal Society Jazz Orchestra ,27,
 Nashville Nightingale,If I Had You,,,18,,,,Paradise Pier,Paradise Pier Boardwalk v.2 [REF],,,,Don Neely's Royal Society Jazz Orchestra,23,
 A Rag-time Skedaddle,Hello Ma Baby,,,5,,,,Paradise Pier,Paradise Pier Boardwalk v.2 [REF],,,,The New Century Ragtime Orchestra,25,
 New Moten Stomp,Ain't That A Grand And Glorious Feeling?,,,10,,,,Paradise Pier,Paradise Pier Boardwalk v.2 [REF],,,,Don Neely's Royal Society Jazz Orchestra,21,
 Chatterbox Rag,On the Boardwalk,,,1,,,,Paradise Pier,Paradise Pier Boardwalk v.2 [REF],,,,The Paragon Ragtime Orchestra,9,
 Will You Won't You Be My Baby?,Don't Bring Lulu,,,14,,,,Paradise Pier,Paradise Pier Boardwalk v.2 [REF],,,,Don Neely's Royal Society Jazz Orchestra ,3,
 Grizzly Bear Rag,The Whistler and His Dog,,,17,,,,Paradise Pier,Paradise Pier Boardwalk v.2 [REF],,,,The Paragon Ragtime Orchestra,2,
 Made In America,On the Boardwalk,,,6,,,,Paradise Pier,Paradise Pier Boardwalk v.2 [REF],,,,The Paragon Ragtime Orchestra,22,
 Snookums Rag,On the Boardwalk,,,12,,,,Paradise Pier,Paradise Pier Boardwalk v.2 [REF],,,,The Paragon Ragtime Orchestra,4,
 Boogie Woogie,Ain't That A Grand And Glorious Feeling?,,,2,,,,Paradise Pier,Paradise Pier Boardwalk v.2 [REF],,,,Don Neely's Royal Society Jazz Orchestra,17,The album track stops by 3:14 to omit a few solo notes from the tuba and piano at the very end
 Aviation Rag,The Whistler and His Dog,,,3,,,,Paradise Pier,Paradise Pier Boardwalk v.2 [REF],,,,The Paragon Ragtime Orchestra,24,
 Twelfth Street Rag,If I Had You,,,20,,,,Paradise Pier,Paradise Pier Boardwalk v.2 [REF],,,,Don Neely's Royal Society Jazz Orchestra,6,
 Eccentric Rag,If I Had You,,,7,,,,Paradise Pier,Paradise Pier Boardwalk v.2 [REF],,,,Don Neely's Royal Society Jazz Orchestra,26,
 Static Strut,If I Had You,,,2,,,,Paradise Pier,Paradise Pier Boardwalk v.2 [REF],,,,Don Neely's Royal Society Jazz Orchestra,10,The loop track is about 0.105 secs. slower than the album track
 China Boy,If I Had You,,,4,,,,Paradise Pier,Paradise Pier Boardwalk v.2 [REF],,,,Don Neely's Royal Society Jazz Orchestra,20,
 Charleston,Charleston,,,,,,,Paradise Pier,Paradise Pier Boardwalk v.2 [REF],,,,New Chicago Band,18,
 Sun Flower Slow Drag,"Joplin: The Red Back Book, Elite Syncopations",,,2,,,,Paradise Pier,Paradise Pier Boardwalk v.2 [REF],,,,New England Conservatory Ragtime Ensemble,19,
 On Jersey Shore,On the Boardwalk,,,21,,,,Paradise Pier,Paradise Pier Boardwalk v.2 [REF],,,,The Paragon Ragtime Orchestra,7,
 Mule Face Blues,Ain't That A Grand And Glorious Feeling?,,,20,,,,Paradise Pier,Paradise Pier Boardwalk v.2 [REF],,,,Don Neely's Royal Society Jazz Orchestra,5,
 Banana Peel Rag,The Whistler and His Dog,,,10,,,,Paradise Pier,Paradise Pier Boardwalk v.2 [REF],,,,The Paragon Ragtime Orchestra,16,
 Alabama Stomp,Stardust,,,7,,,,Paradise Pier,Paradise Pier Boardwalk v.2 [REF],,,,Don Neely's Royal Society Jazz Orchestra,15,
 Paragon Rag,On the Boardwalk,,,4,,,,Paradise Pier,Paradise Pier Boardwalk v.2 [REF],,,,The Paragon Ragtime Orchestra,11,
 Oh! What a Night,Puttin' on the Ritz,,,8,,,,Paradise Pier,Paradise Pier Boardwalk v.2 [REF],,,,The Palm Court Theatre Orchestra,29,
 Dynamite Rag,The Whistler and His Dog,,,1,,,,Paradise Pier,Paradise Pier Boardwalk v.2 [REF],,,,The Paragon Ragtime Orchestra,14,
 Vine Street Drag,Don't Bring Lulu,,,11,,,,Paradise Pier,Paradise Pier Boardwalk v.2 [REF],,,,Don Neely's Royal Society Jazz Orchestra ,30,
 Slippery Hank,On the Boardwalk,,,9,,,,Paradise Pier,Paradise Pier Boardwalk v.2 [REF],,,,The Paragon Ragtime Orchestra,28,
 Peggy,Don't Bring Lulu,,,18,,,,Paradise Pier,Paradise Pier Boardwalk v.2 [REF],,,,Don Neely's Royal Society Jazz Orchestra ,8,The loop track is about 0.150 secs. slower than the album track.
 Mississippi Mud,Stardust,,,17,,,,Paradise Pier,Paradise Pier Boardwalk v.2 [REF],,,,Don Neely's Royal Society Jazz Orchestra,12,
 Black and White Rag,On the Boardwalk,,,18,,,,Paradise Pier,Paradise Pier Boardwalk v.2 [REF],,,,The Paragon Ragtime Orchestra,13,
Spill the Wine,,,,,,,,Cars Land,Ramone's House of Body Art (interior),"This loop plays in the interior of Ramone's House of Body Art.  It was introduced with the opening of Cars Land on June 13, 2012. This is a preliminary tracklist compiled by pixelated based on his reference recording. See MouseBits, https://mousebits.com/smf/index.php?topic=7381.msg65592#msg65592 (2012).",01:40:16.473, 4:49.474,Eric Burdon and War ,1,
Guajira,,,,,,,,Cars Land,Ramone's House of Body Art (interior),,, 5:35.784,Santana ,3,
Chicas Patas Boogie,,,,,,,,Cars Land,Ramone's House of Body Art (interior),,, 2:45.555,Lalo Guerrero Y Sus Cinco Lobos ,26,
Viva Tirado,,,,,,,,Cars Land,Ramone's House of Body Art (interior),,,,El Chicano,7,
Why Can't We Be Friends,,,,,,,,Cars Land,Ramone's House of Body Art (interior),,,,War,9,
Whittier Blvd.,,,,,,,,Cars Land,Ramone's House of Body Art (interior),,, 2:27.252,Thee Midniters ,30,
Cinco de Mayo [Extended Version],,,,,,,,Cars Land,Ramone's House of Body Art (interior),,, 4:03.105,War ,24,
Love Special Delivery,,,,,,,,Cars Land,Ramone's House of Body Art (interior),,, 2:11.859,Thee Midniters ,6,
96 Tears,,,,,,,,Cars Land,Ramone's House of Body Art (interior),,, 2:55.190,? and the Mysterians (Question Mark & the Mysterians) ,12,
La Venganza de los Pelados,,,,,,,,Cars Land,Ramone's House of Body Art (interior),,, 2:45.057,Los Lobos ,20,
Tequila,,,,,,,,Cars Land,Ramone's House of Body Art (interior),,, 2:10.403,The Champs ,4,
Guantanamera,,,,,,,,Cars Land,Ramone's House of Body Art (interior),,, 4:46.104,Los Lobos ,28,
The Cisco Kid,,,,,,,,Cars Land,Ramone's House of Body Art (interior),,, 3:41.321,War ,19,
"Come On, Let's Go",,,,,,,,Cars Land,Ramone's House of Body Art (interior),,, 1:59.899,Ritchie Valens ,21,
La Copa Rota,,,,,,,,Cars Land,Ramone's House of Body Art (interior),,, 2:37.104,José Feliciano ,2,
Chica Alborotada,,,,,,,,Cars Land,Ramone's House of Body Art (interior),,, 2:03.814,Los Juniors ,16,
La Bamba,,,,,,,,Cars Land,Ramone's House of Body Art (interior),,,,Ritchie Valens,8,
Suavecito,,,,,,,,Cars Land,Ramone's House of Body Art (interior),,, 6:28.537,Malo ,17,
Wooly Bully,,,,,,,,Cars Land,Ramone's House of Body Art (interior),,, 2:17.612,Sam the Sham and The Pharaohs ,14,Does not seem to match album versions - live version?
Oye Como Va,,,,,,,,Cars Land,Ramone's House of Body Art (interior),,, 4:13.839,Santana ,13,
La Cucaracha,,,,,,,,Cars Land,Ramone's House of Body Art (interior),,, 1:50.330,The Champs ,25,
Set Me Free (Rosa Lee),,,,,,,,Cars Land,Ramone's House of Body Art (interior),,,,Los Lobos,11,
Mas Que Nada,,,,,,,,Cars Land,Ramone's House of Body Art (interior),,, 2:34.956,Sergio Mendes and Brasil '66 ,18,
Low Rider,,,,,,,,Cars Land,Ramone's House of Body Art (interior),,, 3:14.056,War ,15,
Dance with Me,,,,,,,,Cars Land,Ramone's House of Body Art (interior),,, 2:33.343,The Blendells ,27,
Chiquita Mia,,,,,,,,Cars Land,Ramone's House of Body Art (interior),,,,Chris Montez,10,
El Cayuco,,,,,,,,Cars Land,Ramone's House of Body Art (interior),,, 3:03.440,El Chicano ,22,
Cafe,,,,,,,,Cars Land,Ramone's House of Body Art (interior),,, 7:14.715,Malo ,29,
La La La La La,,,,,,,,Cars Land,Ramone's House of Body Art (interior),,, 2:52.325,The Blendells ,23,
Mambo No. 5,,,,,,,,Cars Land,Ramone's House of Body Art (interior),,, 2:46.399,Pérez Prado ,5,
Stealing,Mudlark,,Capitol Records,,,Grizzly Peak Recreation Area,,"Golden State, Grizzly Peak",Redwood Creek Challenge Trail v.2,"This loop plays at the Redwood Creek Challenge Trail. It is a shortened version with a few replacements made to the original loop, and appeared sometime before April 2011; it continues to play as of April 2026.  Tracklist compiled by pixelated based on his reference recording and verified by SSrustworthy. See MouseBits, https://mousebits.com/smf/index.php?topic=6290.msg50082#msg50082 (2011).",00:51:30.833,00:01:33.458,Leo Kottke,1,
Silver Bell - Cheyenne,Return of the Repressed: The John Fahey Anthology,,Rhino,,,Grizzly Peak Recreation Area,,"Golden State, Grizzly Peak",Redwood Creek Challenge Trail v.2,,,00:04:23.506,John Fahey,4,Edited to close medley gap
Blackberry Picking,Guitarist Composer Sampler,,Kicking Mule,,,Grizzly Peak Recreation Area,,"Golden State, Grizzly Peak",Redwood Creek Challenge Trail v.2,,,00:02:54.150,Bob Hadley,14,"Guitar Composer Sampler is no longer in print. This track was re-released as “Day After Pay Day” on the later album “The Raven”
Edited to remove last several notes"
Falls,The Waters and the Wild,,Maggie's Music,,,Grizzly Peak Recreation Area,,"Golden State, Grizzly Peak",Redwood Creek Challenge Trail v.2,,,00:01:51.063,Al Petteway,6,
Uncle Herman's Hornpipe,Jammed If I Do,,Sugarhill,,,Grizzly Peak Recreation Area,,"Golden State, Grizzly Peak",Redwood Creek Challenge Trail v.2,,,00:03:40.259,Dan Crary,11,
Zaccheus,Fingerstyle Guitar,,Step One Records,,,Grizzly Peak Recreation Area,,"Golden State, Grizzly Peak",Redwood Creek Challenge Trail v.2,,,00:01:47.868,Doyle Dykes,9,
Daisy Goes a Dancing,"Guitar Fingerstyle, Vol. 1",,Narada,,,Grizzly Peak Recreation Area,,"Golden State, Grizzly Peak",Redwood Creek Challenge Trail v.2,,,00:02:22.889,Pat Kirtley,7,
Goat Island,The Hermit,,Castle Music,,,Grizzly Peak Recreation Area,,"Golden State, Grizzly Peak",Redwood Creek Challenge Trail v.2,,,00:02:52.404,John Renbourne,5,
Festival Waltz,Whispering Stones,,Maggie’s Music,,,Grizzly Peak Recreation Area,,"Golden State, Grizzly Peak",Redwood Creek Challenge Trail v.2,,,00:03:29.194,Al Petteway,16,
Whistlin' Rufus/Ragtime Annie,Jammed If I Do,,Sugarhill,,,Grizzly Peak Recreation Area,,"Golden State, Grizzly Peak",Redwood Creek Challenge Trail v.2,,,00:03:58.547,"Dan Crary, Doc Watson",3,
River,The Waters and the Wild,,Maggie’s Music,,,Grizzly Peak Recreation Area,,"Golden State, Grizzly Peak",Redwood Creek Challenge Trail v.2,,,00:02:13.535,Al Petteway,12,
Dogue Creek,The Waters and the Wild,,Maggie's Music,,,Grizzly Peak Recreation Area,,"Golden State, Grizzly Peak",Redwood Creek Challenge Trail v.2,,,00:02:40.030,Al Petteway,8,
Sunflower River Blues,Return of the Repressed: The John Fahey Anthology,,Rhino,,,Grizzly Peak Recreation Area,,"Golden State, Grizzly Peak",Redwood Creek Challenge Trail v.2,,,00:05:42.720,John Fahey,18,Edited to remove gap
Little Martha,"Guitar Fingerstyle, Vol. 1",,Narada,,,Grizzly Peak Recreation Area,,"Golden State, Grizzly Peak",Redwood Creek Challenge Trail v.2,,,00:02:26.385,Tim Farrell,15,Edited to remove slow section
Tell Her to Come Back Home,Return of the Repressed: The John Fahey Anthology,,Rhino,,,Grizzly Peak Recreation Area,,"Golden State, Grizzly Peak",Redwood Creek Challenge Trail v.2,,,00:02:37.123,John Fahey,13,Edited to close gap
John's Tune,The Hermit,,Castle Music,,,Grizzly Peak Recreation Area,,"Golden State, Grizzly Peak",Redwood Creek Challenge Trail v.2,,,00:02:27.934,John Renbourne,10,
Faro's Rag,The Hermit,,Castle Music,,,Grizzly Peak Recreation Area,,"Golden State, Grizzly Peak",Redwood Creek Challenge Trail v.2,,,00:02:32.752,John Renbourne,2,
Cattail Waltz,The Waters and the Wild,,Maggie’s Music,,,Grizzly Peak Recreation Area,,"Golden State, Grizzly Peak",Redwood Creek Challenge Trail v.2,,,00:01:55.193,Al Petteway,17,
Beautiful America,Beautiful America,,,5,,,,Grizzly Peak,Grizzly Peak Airfield [REF],,,00:02:50.071,Tim Janis,22,
The Patriot (Reprise),The Patriot: Original Motion Picture Score,,,17,,,,Grizzly Peak,Grizzly Peak Airfield [REF],,,00:03:58.474,John Williams,14,"Edited (late start, ends early); Held note at end"
Leaving Birch Ridge OR Trip to Canada,Iron Will,,,6,,,,Grizzly Peak,Grizzly Peak Airfield [REF],,,00:01:30.979,Joel McNeely,9,Fades in. Edited to include 0:53.238 - 3:11.328
Hillside Meadow,American Horizons,,,6,,,,Grizzly Peak,Grizzly Peak Airfield [REF],,,00:03:23.470,Tim Janis,29,
The Trees,Medicine Man,,,4,,,,Grizzly Peak,Grizzly Peak Airfield [REF],,,00:00:20.042,Jerry Goldsmith,3,Slight fade in. Edited to include 3:15.105 - 3:38.268. Next track starts at 3:35.238 of source track.
Finale #1,Dragonheart (Original Motion Picture Soundtrack),,,15,,,,Grizzly Peak,Grizzly Peak Airfield [REF],,,00:00:49.293,Randy Edelman,11,"Edited (late start, ends early)"
Under the Lighthouse,A Quiet Shore,,,12,,,,Grizzly Peak,Grizzly Peak Airfield [REF],,,00:02:01.866,Tim Janis,6,"Edited to include 0:06.062 - end. At 2:07.937of source track, next track begins (no fade)"
March to Mortality (Pickett's Charge),Gettysburg,,,16,,,,Grizzly Peak,Grizzly Peak Airfield [REF],,,00:02:30.344,Randy Edelman,8,Edited to include 0:39.445 - 3:12.817. Crossfades into next track around 3:11.328 of source track.
Homeland (Main title),Spirit: Stallion Of The Cimarron (Music From The Original Motion Picture),,,1,,,,Grizzly Peak,Grizzly Peak Airfield [REF],,,00:03:20.343,"Bryan Adams, Hans Zimmer",2,Slight fade in. Next track begins at 3:28.044 of source track
The Rocky Mountains,American Horizons,,,3,,,,Grizzly Peak,Grizzly Peak Airfield [REF],,,00:03:04.567,Tim Janis,31,
Eight Below Overture,Eight Below,,,1,,,,Grizzly Peak,Grizzly Peak Airfield [REF],,,00:01:42.996,Mark Isham,23,Edited (ends early)
The Wave,Angels in the Outfield,,,2,,,,Grizzly Peak,Grizzly Peak Airfield [REF],,,00:02:16.794,Randy Edelman,17,Edited (late start)
Finale #1,Dragonheart (Original Motion Picture Soundtrack),,,15,,,,Grizzly Peak,Grizzly Peak Airfield [REF],,,00:01:12.639,Randy Edelman,7,Edited to include 1:08.915 - 2:21.555. Crossfade into next track at 2:20.017 of source track.
Point Reyes,Water's Edge,,,14,,,,Grizzly Peak,Grizzly Peak Airfield [REF],,,00:02:45.759,Tim Janis,15,cymbal roll added to transition into next track
Grand Isle,Coastal America,,,12,,,,Grizzly Peak,Grizzly Peak Airfield [REF],,,00:02:30.556,Tim Janis,16,cymbal roll added to transition into next track
The Great Plains,Impressions of America,,,13,,,,Grizzly Peak,Grizzly Peak Airfield [REF],,,00:02:41.679,Patrick Doyle,27,
Angel Falls,Planet Earth,,,9,,,,Grizzly Peak,Grizzly Peak Airfield [REF],,,00:02:07.942,George Fenton With The BBC Orchestra,12,"Edited (late start, next track overlaps)"
Watch Hill,Music of Hope,,,4,,,,Grizzly Peak,Grizzly Peak Airfield [REF],,,00:03:40.516,"New York Philharmonic, Kurt Masur, Tim Janis",26,
A Quiet Shore,A Quiet Shore,,,1,,,,Grizzly Peak,Grizzly Peak Airfield [REF],,,00:02:34.864,Tim Janis,13,Slight fade in/out
Opening,Angels in the Outfield,,,1,,,,Grizzly Peak,Grizzly Peak Airfield [REF],,,00:01:25.232,Randy Edelman,4,"Edited to include Start - 1:19.736 and 2:32.768 - End. At 1:18.907 of source track, crossfades into next section. At end, crossfades into next track."
The Buffalo Hunt,Dances with Wolves (25th Anniversary Expanded Edition),2,,1,,,,Grizzly Peak,Grizzly Peak Airfield [REF],"This loop plays in the Grizzly Peak Airfield area and was introduced in summer 2015 with the reopening of Condor Flats as Grizzly Peak Airfield. This loop incorporated many tracks from the previous 2011 Grizzly Peak Recreation Area loop. Verified tracklist compiled by RocketRodsXPR and SuperHotLarry based on a reference recording by pixelated. See MouseBits, https://mousebits.com/smf/index.php?topic=8915.msg85255#msg85255 (2015) and https://mousebits.com/smf/index.php?topic=9294.msg88007#msg88007 (2016).",1:15:17.732,00:02:39.380,John Barry,1,Next track fades in at 2:39.430 of source track
Crossing the Line OR Finish Line,Iron Will,,,30,,,,Grizzly Peak,Grizzly Peak Airfield [REF],,,00:03:07.030,Joel McNeely,10,Edited (fades out a few seconds early); cymbal roll added to transition into next track
American Horizons,American Horizons,,,9,,,,Grizzly Peak,Grizzly Peak Airfield [REF],,,00:02:41.964,Tim Janis,30,
The End Title,The Natural,,,14,,,,Grizzly Peak,Grizzly Peak Airfield [REF],,,00:01:57.653,Randy Newman,18,Edited (late start)
The Sunny Vista Motel (Score),Bedtime Stories,,,1,,,,Grizzly Peak,Grizzly Peak Airfield [REF],,,00:03:06.275,Rupert Gregson-Williams,25,Edited (ends early)
Learning Montage,Swing Vote,,,26,,,,Grizzly Peak,Grizzly Peak Airfield [REF],,,00:02:32.528,John Debney,21,
The Trees,Medicine Man,,,4,,,,Grizzly Peak,Grizzly Peak Airfield [REF],,,00:01:01.003,Jerry Goldsmith,5,"Edited to include 3:17.595 - 4:19.905. At 4:19.045 of source track, crossfades into next track."
To the Pacific,Lewis & Clark: Great Journey West,,,13,,,,Grizzly Peak,Grizzly Peak Airfield [REF],,,00:02:11.554,Sam Cardon,19,
Fairy Dusted Festival,The Music From The Pirate Fairy,,,10,,,,Grizzly Peak,Grizzly Peak Airfield [REF],,,00:02:55.524,Joel McNeely,24,
Music of Hope,Music of Hope,,,1,,,,Grizzly Peak,Grizzly Peak Airfield [REF],,,00:02:59.140,"New York Philharmonic, Kurt Masur, Tim Janis",20,Edited (late start)
Summer's Glory,American Horizons,,,5,,,,Grizzly Peak,Grizzly Peak Airfield [REF],,,00:03:17.238,Tim Janis,28,
 Jingle Bell Rock ,Christmas In The Fifties,,Spring Hill,,"November 1, 2009 → January 1, 2010",,Christmas,Sunshine Plaza,Santa's Seaside Pavilion [REF],"This loop played at Santa’s Seaside Pavillion in Paradise Pier, during the 2009 holiday season. When the Santa meet-and-greet at DCA was moved from Sunshine Plaza to its new location in Paradise Pier in 2009, this loop was appropriated for use there, however it was not used after that time in the park. It was also the Paradise Pier Hotel holiday loop. Tracklist compiled by pixelated based on his reference recording. See MouseBits for edit samples: https://mousebits.com/smf/index.php?topic=4845.msg36230#msg36230 (2010) and the original track listing: https://mousebits.com/smf/index.php?topic=4845.msg37205#msg37205 (same thread, different post).",00:49:39.978, 3:25.285,Jack Jezzro & Sam Levine,1,
Santa Baby,Christmas In The Fifties,,Spring Hill,,"November 1, 2009 → January 1, 2010",,Christmas,Sunshine Plaza,Santa's Seaside Pavilion [REF],,, 4:16.219,Jack Jezzro & Sam Levine,11,
White Christmas ,Christmas In The Fifties,,Spring Hill,,"November 1, 2009 → January 1, 2010",,Christmas,Sunshine Plaza,Santa's Seaside Pavilion [REF],,, 4:08.983,Jack Jezzro & Sam Levine,9,
 Winter Wonderland ,Christmas In The Fifties,,Spring Hill,,"November 1, 2009 → January 1, 2010",,Christmas,Sunshine Plaza,Santa's Seaside Pavilion [REF],,, 3:50.990,Jack Jezzro & Sam Levine,2,
The Chipmunk Song (Christmas Don't Be Late) ,Christmas In The Fifties,,Spring Hill,,"November 1, 2009 → January 1, 2010",,Christmas,Sunshine Plaza,Santa's Seaside Pavilion [REF],,, 2:44.858,Jack Jezzro & Sam Levine,7,
I Saw Mommy Kissing Santa Claus ,Christmas In The Fifties,,Spring Hill,,"November 1, 2009 → January 1, 2010",,Christmas,Sunshine Plaza,Santa's Seaside Pavilion [REF],,, 4:25.418,Jack Jezzro & Sam Levine,4,
Frosty the Snowman,The Ventures' Christmas Album,,,,"November 1, 2009 → January 1, 2010",,Christmas,Sunshine Plaza,Santa's Seaside Pavilion [REF],,, 1:58.482,The Ventures ,14,
"Santa, Bring My Baby Back (To Me) ",Christmas In The Fifties,,Spring Hill,,"November 1, 2009 → January 1, 2010",,Christmas,Sunshine Plaza,Santa's Seaside Pavilion [REF],,, 3:31.996,Jack Jezzro & Sam Levine,5,
Please Come Home for Christmas ,Christmas In The Fifties,,Spring Hill,,"November 1, 2009 → January 1, 2010",,Christmas,Sunshine Plaza,Santa's Seaside Pavilion [REF],,, 4:05.128,Jack Jezzro & Sam Levine,12,
Here Comes Santa Claus (Right Down Santa Claus Lane) ,Christmas In The Fifties,,Spring Hill,,"November 1, 2009 → January 1, 2010",,Christmas,Sunshine Plaza,Santa's Seaside Pavilion [REF],,, 2:49.211,Jack Jezzro & Sam Levine,6,
The Christmas Song (Chestnuts Roasting on an Open Fire),Surf Christmas,,,,"November 1, 2009 → January 1, 2010",,Christmas,Sunshine Plaza,Santa's Seaside Pavilion [REF],,, 3:52.870,"""The Surf Christmas Band""",13,
Rockin' Around the Christmas Tree ,Christmas In The Fifties,,Spring Hill,,"November 1, 2009 → January 1, 2010",,Christmas,Sunshine Plaza,Santa's Seaside Pavilion [REF],,, 3:31.959,Jack Jezzro & Sam Levine,3,
A Holly Jolly Christmas,Christmas In The Fifties,,Spring Hill,,"November 1, 2009 → January 1, 2010",,Christmas,Sunshine Plaza,Santa's Seaside Pavilion [REF],,, 3:12.006,Jack Jezzro & Sam Levine,10,
Rudolph the Red-Nosed Reindeer ,Christmas In The Fifties,,Spring Hill,,"November 1, 2009 → January 1, 2010",,Christmas,Sunshine Plaza,Santa's Seaside Pavilion [REF],,, 3:44.122,Jack Jezzro & Sam Levine,8,
 Ring Of Fire,,,,,,Grizzly Peak Airfield,,Grizzly Peak,Smokejumpers Grill v.1,"This loop played in the interior of the Smokejumpers Grill restaurant. Tracklist compiled by pixelated based on his reference recording.  The loop was introduced on May 15, 2015 with the opening of Grizzly Peak Airfield. See MouseBits, https://mousebits.com/smf/index.php?topic=8915.msg85184#msg85184 (2015).",01:27:55.566, 00:01:49.444,Johnny Cash ,1,<~2-3 sec. silent gap between first and last tracks>
 If You Ain't Lovin' (You Ain't Livin'),,,,,,Grizzly Peak Airfield,,Grizzly Peak,Smokejumpers Grill v.1,,, 00:02:38.510,Faron Young ,31,
" Oh-Oh, I'm Falling In Love Again",,,,,,Grizzly Peak Airfield,,Grizzly Peak,Smokejumpers Grill v.1,,, 00:02:30.985,Jimmie Rodgers ,25,
 Honky Tonk Man,,,,,,Grizzly Peak Airfield,,Grizzly Peak,Smokejumpers Grill v.1,,, 00:02:18.857,Johnny Horton ,17,
 My Baby Walks All Over Me,,,,,,Grizzly Peak Airfield,,Grizzly Peak,Smokejumpers Grill v.1,,, 00:02:52.757,Waylon Jennings ,37,
 Walkin' After Midnight,,,,,,Grizzly Peak Airfield,,Grizzly Peak,Smokejumpers Grill v.1,,, 00:02:12.994,Patsy Cline ,10,
 You Gotta Have A License,,,,,,Grizzly Peak Airfield,,Grizzly Peak,Smokejumpers Grill v.1,,, 00:02:14.839,Tommy Collins ,14,
 It Wasn't God Who Made Honky Tonk Angels,,,,,,Grizzly Peak Airfield,,Grizzly Peak,Smokejumpers Grill v.1,,, 00:02:25.680,Kitty Wells ,23,
 Time's A Wastin',,,,,,Grizzly Peak Airfield,,Grizzly Peak,Smokejumpers Grill v.1,,, 00:02:02.939,Carl Smith & June Carter ,4,
 Hey Good Lookin',,,,,,Grizzly Peak Airfield,,Grizzly Peak,Smokejumpers Grill v.1,,, 00:02:13.777,Hank Williams ,12,
 Get Rhythm,,,,,,Grizzly Peak Airfield,,Grizzly Peak,Smokejumpers Grill v.1,,, 00:02:28.186,Johnny Cash ,24,"The common version of this song starts with Johnny Cash singing ""Hey, get rhythm."" In this loop version, he sings ""Get with your rhythm"" instead."
 I'm A Honky Tonk Girl (Single Version),,,,,,Grizzly Peak Airfield,,Grizzly Peak,Smokejumpers Grill v.1,,, 00:02:32.495,Loretta Lynn ,26,
" If You Can't Bite, Don't Growl",,,,,,Grizzly Peak Airfield,,Grizzly Peak,Smokejumpers Grill v.1,,, 00:02:11.551,Tommy Collins ,9,
 Travelin' Man,,,,,,Grizzly Peak Airfield,,Grizzly Peak,Smokejumpers Grill v.1,,, 00:02:35.746,Ricky Nelson ,30,
 Wishful Thinking,,,,,,Grizzly Peak Airfield,,Grizzly Peak,Smokejumpers Grill v.1,,, 00:02:11.330,Wynn Stewart ,7,
 Tears Will Be A Chaser For Your Wine,,,,,,Grizzly Peak Airfield,,Grizzly Peak,Smokejumpers Grill v.1,,, 00:02:20.310,Wanda Jackson ,19,
 Gotta Lot Of Rhythm In My Soul,,,,,,Grizzly Peak Airfield,,Grizzly Peak,Smokejumpers Grill v.1,,, 00:02:00.379,Patsy Cline ,3,
 Move It On Over,,,,,,Grizzly Peak Airfield,,Grizzly Peak,Smokejumpers Grill v.1,,, 00:02:11.393,Hank Williams ,8,
 Honky Tonkin',,,,,,Grizzly Peak Airfield,,Grizzly Peak,Smokejumpers Grill v.1,,, 00:02:11.085,Rose Maddox ,6,
 Y'all Come,,,,,,Grizzly Peak Airfield,,Grizzly Peak,Smokejumpers Grill v.1,,, 00:02:40.458,Patti Page ,33,
 Kisses Sweeter Than Wine,,,,,,Grizzly Peak Airfield,,Grizzly Peak,Smokejumpers Grill v.1,,, 00:02:16.992,Jimmie Rodgers ,15,
" Heart, We Did All That We Could",,,,,,Grizzly Peak Airfield,,Grizzly Peak,Smokejumpers Grill v.1,,, 00:02:49.722,Jean Shepherd ,36,
 Lost Highway,,,,,,Grizzly Peak Airfield,,Grizzly Peak,Smokejumpers Grill v.1,,, 00:02:33.585,Hank Williams ,28,
 You'll Be The One,,,,,,Grizzly Peak Airfield,,Grizzly Peak,Smokejumpers Grill v.1,,, 00:02:18.998,Hank Thompson ,18,
 Swinging Doors (Alternate),,,,,,Grizzly Peak Airfield,,Grizzly Peak,Smokejumpers Grill v.1,,, 00:02:40.116,Merle Haggard ,32,
 Blue Suede Shoes,,,,,,Grizzly Peak Airfield,,Grizzly Peak,Smokejumpers Grill v.1,,, 00:02:13.646,Carl Perkins ,11,
 My Woman Ain't Pretty (But She Don't Swear None),,,,,,Grizzly Peak Airfield,,Grizzly Peak,Smokejumpers Grill v.1,,, 00:02:32.754,Tex Ritter ,27,
 Then I'll Stop Loving You,,,,,,Grizzly Peak Airfield,,Grizzly Peak,Smokejumpers Grill v.1,,, 00:02:21.808,Jim Reeves ,21,
 Ain't I The Lucky One,,,,,,Grizzly Peak Airfield,,Grizzly Peak,Smokejumpers Grill v.1,,, 00:02:22.879,Marty Robbins ,22,
 I Don't Wanta,,,,,,Grizzly Peak Airfield,,Grizzly Peak,Smokejumpers Grill v.1,,, 00:02:14.785,Patsy Cline ,13,
 Rootie Tootie,,,,,,Grizzly Peak Airfield,,Grizzly Peak,Smokejumpers Grill v.1,,, 00:02:05.328,Hank Williams ,5,
 Open Up Your Heart,,,,,,Grizzly Peak Airfield,,Grizzly Peak,Smokejumpers Grill v.1,,, 00:02:43.914,Buck Owens ,35,
 So Lovely Baby,,,,,,Grizzly Peak Airfield,,Grizzly Peak,Smokejumpers Grill v.1,,, 00:02:43.244,Rusty & Doug Kershaw ,34,
 Back In Baby's Arms,,,,,,Grizzly Peak Airfield,,Grizzly Peak,Smokejumpers Grill v.1,,, 00:02:35.140,Patsy Cline ,29,
 Walk On By,,,,,,Grizzly Peak Airfield,,Grizzly Peak,Smokejumpers Grill v.1,,, 00:02:18.688,Patti Page ,16,
 It's A Little More Like Heaven,,,,,,Grizzly Peak Airfield,,Grizzly Peak,Smokejumpers Grill v.1,,, 00:02:20.937,Hank Locklin ,20,
 There's Been A Change In Me,,,,,,Grizzly Peak Airfield,,Grizzly Peak,Smokejumpers Grill v.1,,, 00:01:59.303,Eddy Arnold ,2,
Little Saint Nick,The Beach Boys' Christmas Album,,Capitol,,"November 1, 2002 → January 1, 2010",,Christmas,Sunshine Plaza,Sunshine Plaza Holiday v.2 [REF],"This loop played in Sunshine Plaza during the 2008 Christmas season (and possibly 2002-2010 in general). Tracklist compiled by pixelated based on his 2008 reference recording. See MouseBits, https://mousebits.com/smf/index.php?topic=3843.msg26195#msg26195. As of Thanksgiving weekend 2011, the alternate entrance walkway being used during Buena Vista Street construction was playing the same music as normal and not any Christmas music; see MouseBits, https://mousebits.com/smf/index.php?topic=6912.msg58031#msg58031.",00:44:12.438,01:54.322,The Beach Boys,1,
Little Drummer Boy,Surf Christmas,,Icebone,,"November 1, 2002 → January 1, 2010",,Christmas,Sunshine Plaza,Sunshine Plaza Holiday v.2 [REF],,,02:37.195,Various Artists,4,
The Christmas Song,Surf Christmas,,Icebone,,"November 1, 2002 → January 1, 2010",,Christmas,Sunshine Plaza,Sunshine Plaza Holiday v.2 [REF],,,03:57.280,Various Artists,7,
Santa's Beard,The Beach Boys' Christmas Album,,Capitol,,"November 1, 2002 → January 1, 2010",,Christmas,Sunshine Plaza,Sunshine Plaza Holiday v.2 [REF],,,01:50.686,The Beach Boys,2,
The Twelve Days Of Christmas,Surfing Christmas,,CMH Records,,"November 1, 2002 → January 1, 2010",,Christmas,Sunshine Plaza,Sunshine Plaza Holiday v.2 [REF],,,04:06.993,The Wave Benders,18,
Frosty The Snowman,The Ventures' Christmas Album,,Razor and Tie,,"November 1, 2002 → January 1, 2010",,Christmas,Sunshine Plaza,Sunshine Plaza Holiday v.2 [REF],,,01:58.703,The Ventures,12,
Let It Snow! Let It Snow! Let It Snow!,Surf Christmas,,Icebone,,"November 1, 2002 → January 1, 2010",,Christmas,Sunshine Plaza,Sunshine Plaza Holiday v.2 [REF],,,02:12.717,Various Artists,3,
Swan Lake Christmas,"A Surf 'N' Swing, Fret 'N' String Christmas!!",,Art Greenhaw,,"November 1, 2002 → January 1, 2010",,Christmas,Sunshine Plaza,Sunshine Plaza Holiday v.2 [REF],,,01:53.403,Nokie Edwards & The Light Crust Doughboys,17,
We Wish You A Merry Christmas,The Ventures' Christmas Album,,Razor and Tie,,"November 1, 2002 → January 1, 2010",,Christmas,Sunshine Plaza,Sunshine Plaza Holiday v.2 [REF],,,01:41.278,The Ventures,15,
The First Noel,Surf Christmas,,Icebone,,"November 1, 2002 → January 1, 2010",,Christmas,Sunshine Plaza,Sunshine Plaza Holiday v.2 [REF],,,02:59.810,Various Artists,5,
"Rudolph, The Red-Nosed Reindeer",The Ventures' Christmas Album,,Razor and Tie,,"November 1, 2002 → January 1, 2010",,Christmas,Sunshine Plaza,Sunshine Plaza Holiday v.2 [REF],,,01:44.921,The Ventures,14,
Jingle Bell Rock,Surf Christmas,,Icebone,,"November 1, 2002 → January 1, 2010",,Christmas,Sunshine Plaza,Sunshine Plaza Holiday v.2 [REF],,,02:06.382,Various Artists,9,
What Child Is This?,Surf Christmas,,Icebone,,"November 1, 2002 → January 1, 2010",,Christmas,Sunshine Plaza,Sunshine Plaza Holiday v.2 [REF],,,02:36.818,Various Artists,10,
Sleigh Ride,The Ventures' Christmas Album,,Razor and Tie,,"November 1, 2002 → January 1, 2010",,Christmas,Sunshine Plaza,Sunshine Plaza Holiday v.2 [REF],,,02:16.534,The Ventures,11,
Jingle Bells,The Ventures' Christmas Album,,Razor and Tie,,"November 1, 2002 → January 1, 2010",,Christmas,Sunshine Plaza,Sunshine Plaza Holiday v.2 [REF],,,01:54.634,The Ventures,13,
Jingle Bells,Surf Christmas,,Icebone,,"November 1, 2002 → January 1, 2010",,Christmas,Sunshine Plaza,Sunshine Plaza Holiday v.2 [REF],,,02:36.529,Various Artists,6,
White Christmas,Surf Christmas,,Icebone,,"November 1, 2002 → January 1, 2010",,Christmas,Sunshine Plaza,Sunshine Plaza Holiday v.2 [REF],,,02:24.524,Various Artists,8,
Little Surfin' Drummer Boy,A Malibu Kind Of Christmas,,The Orchard,,"November 1, 2002 → January 1, 2010",,Christmas,Sunshine Plaza,Sunshine Plaza Holiday v.2 [REF],,,03:15.470,The Malibooz,16,
Junkyard Jamboree,The Music of Cars Land,,,,,,,Cars Land,Mater's Junkyard Jamboree,"This is a collection of songs that play as onride music for the Mater’s Junkyard Jamboree attraction.  It was introduced with the opening of Cars Land on June 13, 2012. One song plays per ride duration. These tracks seem to be randomized with no particular order of appearance. See MouseBits, https://mousebits.com/smf/index.php?topic=7407.msg64195#msg64195 (2012).",Unknown,,Tow Mater (Larry The Cable Guy),1,Songs apparently play randomly
Eddie Cantor's Automobile Song,Car Songs - Recorded 1905-1937 [2011],,,,,,,Cars Land,Radiator Springs Racers [REF],,,,Eddie Cantor,17,In RSR Queue but not Blue Sky Cellar
Big Bull Dozer,The Music of Cars Land,,,,,,,Cars Land,Mater's Junkyard Jamboree,,,,Tow Mater (Larry The Cable Guy),2,
Tow Mater (The One You Want To Call),The Music of Cars Land,,,,,,,Cars Land,Mater's Junkyard Jamboree,,,,Tow Mater (Larry The Cable Guy),3,
Mater's Square Dance,The Music of Cars Land,,,,,,,Cars Land,Mater's Junkyard Jamboree,,,,Tow Mater (Larry The Cable Guy),4,
Welcome to Radiator Springs,The Music of Cars Land,,,,,,,Cars Land,Mater's Junkyard Jamboree,,,,Tow Mater (Larry The Cable Guy),6,
Radiator Rock,,,,,,,,Cars Land,Mater's Junkyard Jamboree,,,,Tow Mater (Larry The Cable Guy),7,
Let's Go Drivin’,The Music of Cars Land,,,,,,,Cars Land,Mater's Junkyard Jamboree,,,,Tow Mater (Larry The Cable Guy),5,
Welcome to Radiator Springs (blooper version),,,,,,,,Cars Land,Mater's Junkyard Jamboree,,,,Tow Mater (Larry The Cable Guy),8,
"Overture from ""The Nightmare Before Christmas""",Tim Burton's The Nightmare Before Christmas,,Walt Disney Records,1,"November 1, 2001 → January 1, 2011",,Christmas,Hollywood Pictures Backlot,Hollywood Pictures Backlot Holiday [REF],"This loop played in the Hollywood Pictures Backlot during the holiday season in at least 2009 and 2010, other years unconfirmed. Verified tracklist compiled by pixelated based on his reference recording. See MouseBits, https://mousebits.com/smf/index.php?topic=4845.msg47232#msg47232 (2009) for track listing and edit samples.",00:39:20.679, 1:35.451,Danny Elfman,1,Edited to remove 11.8 secs. of the end of the album version.
"Main Title from ""It's A Wonderful Life""",It's A Wonderful Life/Christmas Carol/Miracle On 34th Street,,Telarc,2,"November 1, 2001 → January 1, 2011",,Christmas,Hollywood Pictures Backlot,Hollywood Pictures Backlot Holiday [REF],,, 0:59.457,"David Newman, Royal Philharmonic Orchestra",18,"The album track is a medley of ""Main Title"", ""Heaven"" & ""Ski Run"". The loop version of the track stops at 0:59.936 of the album track to play only the Main Title."
The Christmas Song,"Rock Christmas Vol. 2, track 8 OR The Christmas Song, track 1 [1961 version] ",,,,"November 1, 2001 → January 1, 2011",,Christmas,Hollywood Pictures Backlot,Hollywood Pictures Backlot Holiday [REF],,, 3:06.164,Nat King Cole,12,"The track from the ""Rock Christmas Vol. 2"" CD is an exact match for the loop version while the track from the ""The Christmas Song"" CD runs about 0.177 secs. slower than the loop version."
Have Yourself a Merry Little Christmas (alternate take),Over the Rainbow: The Very Best of Judy Garland,,MCA,17,"November 1, 2001 → January 1, 2011",,Christmas,Hollywood Pictures Backlot,Hollywood Pictures Backlot Holiday [REF],,, 2:44.837,Judy Garland,20,The loop version cuts-off about 1.2 secs of the end of the album version.
Rudolph The Red-Nosed Reindeer,Play with the CD Series: Christmas Hits,,Hal Leonard Corporation,7,"November 1, 2001 → January 1, 2011",,Christmas,Hollywood Pictures Backlot,Hollywood Pictures Backlot Holiday [REF],,, 2:06.828,Burl Ives,11,
Flight,The Santa Clause,,Milan,4,"November 1, 2001 → January 1, 2011",,Christmas,Hollywood Pictures Backlot,Hollywood Pictures Backlot Holiday [REF],,, 0:43.199,Michael Convertino,3,The loop version starts around 0.29 secs. into the album version.
White Christmas,Play with the CD Series: Christmas Hits,,Hal Leonard Corporation,1,"November 1, 2001 → January 1, 2011",,Christmas,Hollywood Pictures Backlot,Hollywood Pictures Backlot Holiday [REF],,, 3:02.241,Bing Crosby,17,The album version runs about 0.972 secs. faster than the loop version.
Fife's Yuletide Theme,Beauty and the Beast: The Enchanted Christmas,,Walt Disney Records,17,"November 1, 2001 → January 1, 2011",,Christmas,Hollywood Pictures Backlot,Hollywood Pictures Backlot Holiday [REF],,, 0:36.886,Various Artists,6,
"Goodnight, Goodnight",The Santa Clause,,Milan,9,"November 1, 2001 → January 1, 2011",,Christmas,Hollywood Pictures Backlot,Hollywood Pictures Backlot Holiday [REF],,, 1:05.335,Michael Convertino,4,
"Book Montage from ""Miracle On 34th Street""",It's A Wonderful Life/Christmas Carol/Miracle On 34th Street,,Telarc,14,"November 1, 2001 → January 1, 2011",,Christmas,Hollywood Pictures Backlot,Hollywood Pictures Backlot Holiday [REF],,, 0:36.742,"David Newman, Royal Philharmonic Orchestra",22,"The album track is a medley of ""The House"" and ""Book Montage"".  The loop version starts at 3:11.580 of the album version to skip to ""Book Montage""."
Winter Wonderland,Christmas Songs by Sinatra,,Columbia/Legacy,14,"November 1, 2001 → January 1, 2011",,Christmas,Hollywood Pictures Backlot,Hollywood Pictures Backlot Holiday [REF],,, 1:21.216,Frank Sinatra,15,The loop version starts at 0:42.739 of the album version to skip over the spoken intros by the announcer and Sinatra.
"Main Title from ""Miracle On 34th Street""",It's A Wonderful Life/Christmas Carol/Miracle On 34th Street,,Telarc,13,"November 1, 2001 → January 1, 2011",,Christmas,Hollywood Pictures Backlot,Hollywood Pictures Backlot Holiday [REF],,, 1:11.362,"David Newman, Royal Philharmonic Orchestra",21,The loop version starts at 0:12.174 to skip over the Fox Fanfare that starts the album track.
We Wish You A Merry Christmas,Beauty and the Beast: The Enchanted Christmas,,Walt Disney Records,8,"November 1, 2001 → January 1, 2011",,Christmas,Hollywood Pictures Backlot,Hollywood Pictures Backlot Holiday [REF],,, 1:37.742,Paige O'Hara,5,
 The Bells of Christmas,The Santa Clause,,Milan,7,"November 1, 2001 → January 1, 2011",,Christmas,Hollywood Pictures Backlot,Hollywood Pictures Backlot Holiday [REF],,, 2:04.328,Loreena McKennitt,2,"The loop version starts around 4 secs. into the album version. The album version ends with a crescendo and a long fade-out so the loop version stops at around 2:08.639 of the album version to merge with the next track in the loop, ""Flight"", which starts with an orchestral hit."
"Finale from ""Miracle On 34th Street""",It's A Wonderful Life/Christmas Carol/Miracle On 34th Street,,Telarc,16,"November 1, 2001 → January 1, 2011",,Christmas,Hollywood Pictures Backlot,Hollywood Pictures Backlot Holiday [REF],,, 0:37.389,"David Newman, Royal Philharmonic Orchestra",24,"The album track is a medley of ""X-ray Machine"", ""Susan's Disappointment"" and ""Finale"". The loop version starts at 3:39.358 of the album version to skip to the Finale."
Jingle Bells,"Lucky Strike ""Your Hit Parade"" radio show on NBC, Christmas episode from 1947 or 1948 ",,,,"November 1, 2001 → January 1, 2011",,Christmas,Hollywood Pictures Backlot,Hollywood Pictures Backlot Holiday [REF],,, 1:58.135,Frank Sinatra,14,
Let It Snow! Let It Snow! Let It Snow!,Season's Greetings,,EMI Music,2,"November 1, 2001 → January 1, 2011",,Christmas,Hollywood Pictures Backlot,Hollywood Pictures Backlot Holiday [REF],,, 1:53.184,Dean Martin,13,The album version runs about 0.550 secs. slower than the loop version.
The House,Home Alone,,CBS,3,"November 1, 2001 → January 1, 2011",,Christmas,Hollywood Pictures Backlot,Hollywood Pictures Backlot Holiday [REF],,, 2:24.721,John Williams,7,
"Main Title from ""Babes in Toyland"" (a.k.a. March of the Wooden Soldiers)",1934 Laurel & Hardy version,,,,"November 1, 2001 → January 1, 2011",,Christmas,Hollywood Pictures Backlot,Hollywood Pictures Backlot Holiday [REF],,, 0:38.778,,16,The loop track starts about 27.688 secs. after the start of the opening titles music.
Finale (Peace on Earth),Lady and the Tramp,,Walt Disney Records,22,"November 1, 2001 → January 1, 2011",,Christmas,Hollywood Pictures Backlot,Hollywood Pictures Backlot Holiday [REF],,, 0:28.563,Disney Studio Chorus,9,
It's A Wonderful Life,It's A Wonderful Life/Christmas Carol/Miracle On 34th Street,,Telarc,11,"November 1, 2001 → January 1, 2011",,Christmas,Hollywood Pictures Backlot,Hollywood Pictures Backlot Holiday [REF],,, 3:38.235,"David Newman, Royal Philharmonic Orchestra",19,
Overture,The Muppet Christmas Carol,,Walt Disney Records,1,"November 1, 2001 → January 1, 2011",,Christmas,Hollywood Pictures Backlot,Hollywood Pictures Backlot Holiday [REF],,, 2:26.872,Miles Goodman,10,
Peace on Earth,Lady and the Tramp,,Walt Disney Records,2,"November 1, 2001 → January 1, 2011",,Christmas,Hollywood Pictures Backlot,Hollywood Pictures Backlot Holiday [REF],,, 1:01.020,Donald Novis,8,
"Newspaper Montage/Susan's Letter from ""Miracle On 34th Street""",It's A Wonderful Life/Christmas Carol/Miracle On 34th Street,,Telarc,15,"November 1, 2001 → January 1, 2011",,Christmas,Hollywood Pictures Backlot,Hollywood Pictures Backlot Holiday [REF],,, 1:21.986,"David Newman, Royal Philharmonic Orchestra",23,
Hot Potato,Walt Disney World Official Album (2013),,,,,Toy Story Boardwalk,,"Paradise Pier, Pixar Pier",Toy Story Midway Mania! Preshow,"These tracks can be heard in the queue of Midway Mania as a part of the ‘preshow’. They are sung by Mr. Potato Head interspersed with carnival barker-style monologue. See MouseBits, https://mousebits.com/smf/index.php?topic=8136.msg74800#msg74800.",N/A,0:45,Don Rickles,1,
You'll Be Playin’,Unreleased,,,,,Toy Story Boardwalk,,"Paradise Pier, Pixar Pier",Toy Story Midway Mania! Preshow,,,0:45,Don Rickles,3,
Midway Mania,Disneyland Resort Official Album (2013),,,,,Toy Story Boardwalk,,"Paradise Pier, Pixar Pier",Toy Story Midway Mania! Preshow,,,0:45,Don Rickles,2,Album version is 1:54
See loop notes,,,,,"June 17, 2008 → June 23, 2018",Toy Story Boardwalk,,"Paradise Pier, Pixar Pier","Jessie's Critter Carousel Queue, Toy Story Midway Mania! Queue",These tracks played in the Toy Story Midway Mania! queue prior to the usage of the general Pixar Pier loop. It is now used as the queue loop for Jessie’s Critter Carousel. All tracks were recorded especially for Midway Mania by composer Jennifer Hammond: http://tdrparkbgm.web.fc2.com/EnTokyoDisneySeaToyStoryMania.html,Unknown,,,,
Opening: Entry of the Gladiators,Under the Bigtop: 100 Years of Circus Music,,,,"October 7, 2002 → September 4, 2018",,,"""a bug's land""",Tuck and Roll's Drive 'Em Buggies,"This is a collection of tracks that play as onride music for the Tuck and Roll Drive ‘Em Buggies attraction. It was introduced with the opening of A Bug’s Land on October 7, 2002. One song plays per ride duration. Tracklist compiled by pixelated and RocketRodsXPR. The individual Tuck and Roll Fanfare which plays at the start of every ride is the ""Snare Drum and Chord"" from end of ""Dogs and Ponies"". All other tracks including fanfare cut before ""snare drum and chord”. The music only plays when the attraction is in motion. See MouseBits, https://mousebits.com/smf/index.php?topic=8574.msg80879#msg80879 (2014).",N/A,,The Great American Main Street Band,1,
Acrobats: The Cantonians March,Under the Bigtop: 100 Years of Circus Music,,,,"October 7, 2002 → September 4, 2018",,,"""a bug's land""",Tuck and Roll's Drive 'Em Buggies,,,,The Great American Main Street Band,2,
Bugle Call Rag,One O’clock Boogie/Two O’clock Jump! (2000),,,,"October 7, 2002 → September 4, 2018",,,"""a bug's land""",Francis' Ladybug Boogie,,,,Tom Cunningham Orchestra,,
High Sway Pole: The Circus King (March),Under the Bigtop: 100 Years of Circus Music,,,,"October 7, 2002 → September 4, 2018",,,"""a bug's land""",Tuck and Roll's Drive 'Em Buggies,,,,The Great American Main Street Band,6,
Teeter Board: Folies Bergere (March and Two-Step),Under the Bigtop: 100 Years of Circus Music,,,,"October 7, 2002 → September 4, 2018",,,"""a bug's land""",Tuck and Roll's Drive 'Em Buggies,,,,The Great American Main Street Band,8,
Bare Back Riding: Olympia Hippodrome March,Under the Bigtop: 100 Years of Circus Music,,,,"October 7, 2002 → September 4, 2018",,,"""a bug's land""",Tuck and Roll's Drive 'Em Buggies,,,,The Great American Main Street Band,3,
Two O’clock Jump,One O’clock Boogie/Two O’clock Jump! (2000),,,,"October 7, 2002 → September 4, 2018",,,"""a bug's land""",Francis' Ladybug Boogie,,,,Tom Cunningham Orchestra,,
Shout And Feel It,One O’clock Boogie/Two O’clock Jump! (2000),,,,"October 7, 2002 → September 4, 2018",,,"""a bug's land""",Francis' Ladybug Boogie,,,,Tom Cunningham Orchestra,,
Avenue C,One O’clock Boogie/Two O’clock Jump! (2000),,,,"October 7, 2002 → September 4, 2018",,,"""a bug's land""",Francis' Ladybug Boogie,,,,Tom Cunningham Orchestra,,
James Session,One O’clock Boogie/Two O’clock Jump! (2000),,,,"October 7, 2002 → September 4, 2018",,,"""a bug's land""",Francis' Ladybug Boogie,"This selection of tracks played in an unknown order as Attraction music for Francis’ Ladybug Boogie. Playlist compiled by SSrustworthy via disparate YouTube videos. See MouseBits, https://mousebits.com/smf/index.php?topic=10826.msg98905#msg98905 (2022). ",N/A,,Tom Cunningham Orchestra,,
Los Tarantos,Moon People,,,,,,,Pixar Pier,Lamplight Lounge [INC],,,,Nickodemus,,Unknown location in loop
A Bug's Life Suite (From A Bug’s Land),The Legacy Collection: Disneyland,,,,"October 7, 2002 → September 4, 2018",,,"""a bug's land""",Flik's Fun Fair,"This loop played solely near the entrance to Flik’s Fun Fair. It is distinct from the ""it's a bug's land"" loop that which is made up of reorchestrated themes from the score. The music featured in this loop is arguably more light-hearted and melodic than the ""it's a bug's land"" loop, and does not feature insect SFX. This loop was also discussed by C33 in MouseBits, https://forums.mousebits.com/threads/bugland-at-dca.6201/post-49265. Tracklist compiled by SSrustworthy and @TheADayIntheParkwithBarneyArch on Youtube. See MouseBits, https://mousebits.com/smf/index.php?topic=10829.msg98913#msg98913 (2022)."," 00:23:44.785",,Randy Newman,1,This track was released on various official albums and was taken directly from the loop without edits. Confirmed with an induction recording by pixelated.
Beauty and the Bees (Beauty and the Beast),,,,,"October 7, 2002 → September 4, 2018",,,"""a bug's land""",It's Tough to Be a Bug Preshow,,,,,2,
One from “A Cockroach Line” (A Chorus Line),Custom-created songs that sound like bugs humming and chirping.,,,,"October 7, 2002 → September 4, 2018",,,"""a bug's land""",It's Tough to Be a Bug Preshow,"This loop played as a “preshow” in the waiting area of It’s Tough to Be a Bug! and played in the waiting area before the doors opened. This is thought to be the same preshow as the one at WDW’s Animal Kingdom. These custom compositions are renditions of popular tunes as performed by insects (humming and chirping). Tracklist compiled by SSrustworthy based on source audio in circulation. See MouseBits, https://mousebits.com/smf/index.php?topic=10829.msg98914#msg98914. ",~00:09:08,,,1,
Tomorrow from “Antie” (Annie),,,,,"October 7, 2002 → September 4, 2018",,,"""a bug's land""",It's Tough to Be a Bug Preshow,,,,,3,
“Web Side Story” Medley: I Feel Pretty/Tonight etc. (West Side Story),,,,,"October 7, 2002 → September 4, 2018",,,"""a bug's land""",It's Tough to Be a Bug Preshow,,,,,4,
Flight of the Bumblebees (Rimsky Korsakov),,,,,"October 7, 2002 → September 4, 2018",,,"""a bug's land""",It's Tough to Be a Bug Preshow,,,,,5,
Alabamy Home,"The 1930s: The Small Combos (Columbia Jazz Masterpieces, 1987)",,,,,,,Hollywood Pictures Backlot,The Twilight Zone Tower of Terror Queue,,,,Gotham Stompers,18,Loop length 1:00:45.074
Wishing (Will Make It So),"Hits Of '39 (Living Era, 1992)",,,,,,,Hollywood Pictures Backlot,The Twilight Zone Tower of Terror Queue,,,,Vera Lynn,6,
When the Sun Sets Down South,"The Chronological Classics: Sidney Bechet 1937-1938 (Classics, 1991)",,,,,,,Hollywood Pictures Backlot,The Twilight Zone Tower of Terror Queue,,,,"Sydney Bechet, Noble Sissle’s Swingsters",16,
Uptown Blues,,,,,,,,Hollywood Pictures Backlot,The Twilight Zone Tower of Terror Queue,,,,Jimmy Lunceford,7,
Dear Old Southland,"The Chronological Classics: Sidney Bechet 1937-1938 (Classics, 1991)",,,,,,,Hollywood Pictures Backlot,The Twilight Zone Tower of Terror Queue,,,,Noble Sissle,9,
Can’t Get Started,,,,,,,,Hollywood Pictures Backlot,The Twilight Zone Tower of Terror Queue,,,,Bunny Berigan and His Orchestra,4,
Sleepy Time Gal,"Best of the Big Bands (Legacy/Columbia, 1992)",,,,,,,Hollywood Pictures Backlot,The Twilight Zone Tower of Terror Queue,,,,Glenn Miller,3,
Remember,,,,,,,,Hollywood Pictures Backlot,The Twilight Zone Tower of Terror Queue,,,,Red Norvo,8,
We’ll Meet Again,"Hits Of '39 (Living Era, 1992)",,,,,,,Hollywood Pictures Backlot,The Twilight Zone Tower of Terror Queue,,,,Vera Lynn,15,
Jitterbug’s Lullaby,,,,,,,,Hollywood Pictures Backlot,The Twilight Zone Tower of Terror Queue,,,,Johnny Hodges,13,
Inside (This Heart of Mine),,,,,,,,Hollywood Pictures Backlot,The Twilight Zone Tower of Terror Queue,,,,Fats Waller,20,
Deep Purple (Slow Foxtrot),"Hits Of '39 (Living Era, 1992)",,,,,,,Hollywood Pictures Backlot,The Twilight Zone Tower of Terror Queue,,,,Turner Layton,12,
There’s a House in Harlem (For Sale),"The 1930s: The Small Combos (Columbia Jazz Masterpieces, 1987)",,,,,,,Hollywood Pictures Backlot,The Twilight Zone Tower of Terror Queue,"This loop played in The Twilight Zone Tower of Terror queue, from attraction opening in 2004 until closure in 2017. This loop is identical to the Walt Disney World attraction queue loop. See Magic Music, https://community.magicmusic.net/threads/guest-relations-listings.4511/post-32186 and https://forums.mousebits.com/threads/the-twilight-zone-tower-of-terror-lobby-bgm.5466/post-54988.",1:00:45.074,,Henry Allen & His Orchestra,1,
There’s No Two Ways About It,"The 1930s: The Small Combos (Columbia Jazz Masterpieces, 1987)",,,,,,,Hollywood Pictures Backlot,The Twilight Zone Tower of Terror Queue,,,,Frankie Newton & His Uptown Serenaders,19,
Pyramid,,,,,,,,Hollywood Pictures Backlot,The Twilight Zone Tower of Terror Queue,,,,Johnny Hodges,11,
Another World,,,,,,,,Hollywood Pictures Backlot,The Twilight Zone Tower of Terror Queue,,,,Johnny Hodges,14,
Jungle Drums,"The 1930s: The Small Combos (Columbia Jazz Masterpieces, 1987)",,,,,,,Hollywood Pictures Backlot,The Twilight Zone Tower of Terror Queue,,,,Sidney Bechet & His Orchestra,2,
Mood Indigo,,,,,,,,Hollywood Pictures Backlot,The Twilight Zone Tower of Terror Queue,,,,Duke Ellington,5,
Delta Mood,,,,,,,,Hollywood Pictures Backlot,The Twilight Zone Tower of Terror Queue,,,,Cootie Williams & His Rug Cutters,17,
Jeep’s Blues,,,,,,,,Hollywood Pictures Backlot,The Twilight Zone Tower of Terror Queue,,,,Johnny Hodges,10,
Rollicking Night and Day,,,,,,,,Cars Land,Luigi's Rollickin' Roadsters,"This is a collection of songs that play as onride music for the Luigi’s Rollickin’ Roadsters attraction. It was introduced with the opening of Cars Land on June 13, 2012. One song plays per ride duration. A tracklist was compiled based on the Disneyland News press release: https://web.archive.org/web/20180625041327/http://disneylandnews.com/2016/02/25/luigis-rollickin-roadsters-at-cars-land/",N/A,,Sung by Luigi (Tony Shalhoub),1,
Mambo Italiano,,,,,,,,Cars Land,Luigi's Rollickin' Roadsters,,,,Sung by Cousin Rosetta,2,
The Tire-antella,,,,,,,,Cars Land,Luigi's Rollickin' Roadsters,,,,Call outs from Luigi (Tony Shalhoub),3,
"Eh, Cumpari",,,,,,,,Cars Land,Luigi's Rollickin' Roadsters,,,,Sung by Cousin Lou,4,
Funiculi Funicula,,,,,,,,Cars Land,Luigi's Rollickin' Roadsters,,,,Call outs from Luigi (Tony Shalhoub),5,
Honkin’ Haul-O-Ween,Happy Haul-O-Ween from Cars Land: Spooky Songs from Mater and Luigi (2018),,,,"September 1, 2017",,Halloween,Cars Land,Luigi's Honkin' Haul-O-Ween,,,1:34,Tony Shalhoub,,
Chop Top of Carsoli,Happy Haul-O-Ween from Cars Land: Spooky Songs from Mater and Luigi (2018),,,,"September 1, 2017",,Halloween,Cars Land,Luigi's Honkin' Haul-O-Ween,"All tracks from the album, Happy Haul-O-Ween from Cars Land: Spooky Songs from Mater and Luigi (2018)",N/A,1:35,Tony Shalhoub,,
Terror-Antella,Happy Haul-O-Ween from Cars Land: Spooky Songs from Mater and Luigi (2018),,,,"September 1, 2017",,Halloween,Cars Land,Luigi's Honkin' Haul-O-Ween,,,1:34,Tony Shalhoub,,
Luigi the Hero,Happy Haul-O-Ween from Cars Land: Spooky Songs from Mater and Luigi (2018),,,,"September 1, 2017",,Halloween,Cars Land,Luigi's Honkin' Haul-O-Ween,,,1:35,Tony Shalhoub,,
Mambo Italiano (Haul-O-Ween Italiano),Happy Haul-O-Ween from Cars Land: Spooky Songs from Mater and Luigi (2018),,,,"September 1, 2017",,Halloween,Cars Land,Luigi's Honkin' Haul-O-Ween,,,1:34,Tony Shalhoub,,
Joy to the Whirl,Season's Speedings from Cars Land: Holiday Songs from Mater & Luigi (2017),,,,"November 1, 2017",,Christmas,Cars Land,Luigi's Joy to the Whirl,,,1:34,Tony Shalhoub,,
Carol of the Horns,Season's Speedings from Cars Land: Holiday Songs from Mater & Luigi (2017),,,,"November 1, 2017",,Christmas,Cars Land,Luigi's Joy to the Whirl,All tracks from Season's Speedings from Cars Land: Holiday Songs from Mater & Luigi (2017).,N/A,1:34,Tony Shalhoub,,
Jingle Bells di Luigi,Season's Speedings from Cars Land: Holiday Songs from Mater & Luigi (2017),,,,"November 1, 2017",,Christmas,Cars Land,Luigi's Joy to the Whirl,,,1:33,Tony Shalhoub,,
Jolly Joyous Santa Car,Season's Speedings from Cars Land: Holiday Songs from Mater & Luigi (2017),,,,"November 1, 2017",,Christmas,Cars Land,Luigi's Joy to the Whirl,,,1:32,Tony Shalhoub,,
We Wish You Season’s Speedings,Season's Speedings from Cars Land: Holiday Songs from Mater & Luigi (2017),,,,"November 1, 2017",,Christmas,Cars Land,Luigi's Joy to the Whirl,,,1:33,Tony Shalhoub,,
Mater's Jingle Jamboree,Season's Speedings from Cars Land: Holiday Songs from Mater & Luigi (2017),,,,,,Christmas,Cars Land,Mater's Jingle Jamboree,,,1:36,Tow Mater (Larry The Cable Guy),,
"Tractors, Tractors, Tractors",Season's Speedings from Cars Land: Holiday Songs from Mater & Luigi (2017),,,,,,Christmas,Cars Land,Mater's Jingle Jamboree,All tracks from Season's Speedings from Cars Land: Holiday Songs from Mater & Luigi (2017).,N/A,1:32,Tow Mater (Larry The Cable Guy),,
Season's Speedings from the Junkyard,Season's Speedings from Cars Land: Holiday Songs from Mater & Luigi (2017),,,,,,Christmas,Cars Land,Mater's Jingle Jamboree,,,1:32,Tow Mater (Larry The Cable Guy),,
The Gifts of the Mater,Season's Speedings from Cars Land: Holiday Songs from Mater & Luigi (2017),,,,,,Christmas,Cars Land,Mater's Jingle Jamboree,,,1:34,Tow Mater (Larry The Cable Guy),,
Christmas in Radiator Springs,Season's Speedings from Cars Land: Holiday Songs from Mater & Luigi (2017),,,,,,Christmas,Cars Land,Mater's Jingle Jamboree,,,1:34,Tow Mater (Larry The Cable Guy),,
Radiator Rockin' Holiday,Season's Speedings from Cars Land: Holiday Songs from Mater & Luigi (2017),,,,,,Christmas,Cars Land,Mater's Jingle Jamboree,,,1:36,Tow Mater (Larry The Cable Guy),,
Graveyard Jambooree,Happy Haul-O-Ween from Cars Land: Spooky Songs from Mater and Luigi (2017),,,,,,Halloween,Cars Land,Mater's Graveyard JamBooree,,,1:34,Tow Mater (Larry The Cable Guy),,
Mater Haul-O-Ween Square Dance,Happy Haul-O-Ween from Cars Land: Spooky Songs from Mater and Luigi (2017),,,,,,Halloween,Cars Land,Mater's Graveyard JamBooree,,,1:36,Tow Mater (Larry The Cable Guy),,
Welcome to Radiator Screams,Happy Haul-O-Ween from Cars Land: Spooky Songs from Mater and Luigi (2017),,,,,,Halloween,Cars Land,Mater's Graveyard JamBooree,All tracks from Happy Haul-O-Ween from Cars Land: Spooky Songs from Mater and Luigi (2017),N/A,1:34,Tow Mater (Larry The Cable Guy),,
Purple People Eater (Purple Fender Bender),Happy Haul-O-Ween from Cars Land: Spooky Songs from Mater and Luigi (2017),,,,,,Halloween,Cars Land,Mater's Graveyard JamBooree,,,1:37,Tow Mater (Larry The Cable Guy),,
Monster Mash (Monster Truck Smash),Happy Haul-O-Ween from Cars Land: Spooky Songs from Mater and Luigi (2017),,,,,,Halloween,Cars Land,Mater's Graveyard JamBooree,,,1:41,Tow Mater (Larry The Cable Guy),,
Witchy Miss Lizzy Rock,Happy Haul-O-Ween from Cars Land: Spooky Songs from Mater and Luigi (2017),,,,,,Halloween,Cars Land,Mater's Graveyard JamBooree,,,1:38,Tow Mater (Larry The Cable Guy),,
Introduction (Titles),Edward Scissorhands,,,,,,Halloween,"Buena Vista Street, Hollywood Land",Buena Vista Street Halloween Time,,,,Danny Elfman,5,
Goosebumps,Goosebumps,,,,,,Halloween,"Buena Vista Street, Hollywood Land",Buena Vista Street Halloween Time,"This loop played south of the monorail beam and all around Carthay Circle during the Halloween season in 2017. The loop started playing in the evening, and featured Oogie Boogie voiceovers & laughing with some occasional sound effects overlaying the music. This preliminary track list was compiled by pixelated is based on a live recording of the full (southern BVS) Carthay Circle loop. In 2018, the loop played along Hollywood Boulevard in Hollywood Land, but not on Sunset Boulevard or the Hollywood Backlot. See MouseBits, https://mousebits.com/smf/index.php?topic=9659.msg91199#msg91199 (2017) and https://mousebits.com/smf/index.php?topic=9892.msg92978#msg92978 (2018).",01:01:00.047,,"Danny Elfman, Jack Black",1,
Getting Ready,Frankenweenie,,,,,,Halloween,"Buena Vista Street, Hollywood Land",Buena Vista Street Halloween Time,,,,Danny Elfman,15,
The Cookie Factory,Edward Scissorhands,,,,,,Halloween,"Buena Vista Street, Hollywood Land",Buena Vista Street Halloween Time,,,,Danny Elfman,8,
Carrigan and Dibs,Casper,,,,,,Halloween,"Buena Vista Street, Hollywood Land",Buena Vista Street Halloween Time,,,,James Horner,11,
Speeding Through London,Nanny McPhee Returns,,,,,,Halloween,"Buena Vista Street, Hollywood Land",Buena Vista Street Halloween Time,,,,James Newton Howard,6,
'Dying' To Be a Ghost,Casper,,,,,,Halloween,"Buena Vista Street, Hollywood Land",Buena Vista Street Halloween Time,,,,James Horner,18,
We Will End You!,Dark Shadows,,,,,,Halloween,"Buena Vista Street, Hollywood Land",Buena Vista Street Halloween Time,,,,Danny Elfman,17,
End Credit #1,Hitchcock,,,,,,Halloween,"Buena Vista Street, Hollywood Land",Buena Vista Street Halloween Time,,,,Danny Elfman,7,
The Censor,Hitchcock,,,,,,Halloween,"Buena Vista Street, Hollywood Land",Buena Vista Street Halloween Time,,,,Danny Elfman,14,
Grand Demon Parade,We're Back! A Dinosaur's Story,,,,,,Halloween,"Buena Vista Street, Hollywood Land",Buena Vista Street Halloween Time,,,,James Horner,20,
More The End?,Dark Shadows,,,,,,Halloween,"Buena Vista Street, Hollywood Land",Buena Vista Street Halloween Time,,,,Danny Elfman,2,
Main Titles,Beetlejuice,,,,,,Halloween,"Buena Vista Street, Hollywood Land",Buena Vista Street Halloween Time,,,,Danny Elfman,9,
Invisible Fish/Search for Sparky,Frankenweenie,,,,,,Halloween,"Buena Vista Street, Hollywood Land",Buena Vista Street Halloween Time,,,,Danny Elfman,3,
End Credits,Beetlejuice,,,,,,Halloween,"Buena Vista Street, Hollywood Land",Buena Vista Street Halloween Time,,,,Danny Elfman,16,
Main Titles,Sleepy Hollow,,,,,,Halloween,"Buena Vista Street, Hollywood Land",Buena Vista Street Halloween Time,,,,Danny Elfman,12,
Pee Wee's Big Adventure: Overture/Breakfast Machine,Music For A Darkened Theatre Volume One,,,,,,Halloween,"Buena Vista Street, Hollywood Land",Buena Vista Street Halloween Time,,,,"Danny Elfman, National Philharmonic Orchestra",19,
Measle Medicine,Nanny McPhee,,,,,,Halloween,"Buena Vista Street, Hollywood Land",Buena Vista Street Halloween Time,,,,Patrick Doyle,10,
Funeral March for a Marionette,Hitchcock,,,,,,Halloween,"Buena Vista Street, Hollywood Land",Buena Vista Street Halloween Time,,,,Danny Elfman,13,
The British Museum of Poo,Nanny McPhee Returns,,,,,,Halloween,"Buena Vista Street, Hollywood Land",Buena Vista Street Halloween Time,,,,James Newton Howard,4,
Credits,Goosebumps,,,,,,Halloween,"Buena Vista Street, Hollywood Land",Buena Vista Street Halloween Time,,,,"Danny Elfman, Jack Black",21,
 (It's A) Monsters' Holiday,,,,,"September 1, 2017",,Halloween,Cars Land,Radiator Springs Haul-O-Ween,"This loop plays in the ‘downtown Radiator Springs’ area for the ‘Radiator Springs Haul-O-Ween’ Halloween Cars Land overlay.
Track list compiled by pixelated bsaed on his reference recording. See MouseBits, https://mousebits.com/smf/index.php?topic=9645.msg91116#msg91116 (2017).",00:56:01.326, 00:02:32.411,Buck Owens ,1,
 Devil With A Blue Dress On & Good Golly Miss Molly,,,,,"September 1, 2017",,Halloween,Cars Land,Radiator Springs Haul-O-Ween,,, 00:03:19.523,Mitch Ryder ,10,
 The Purple People Eater,,,,,"September 1, 2017",,Halloween,Cars Land,Radiator Springs Haul-O-Ween,,, 00:02:11.120,Sheb Wooley ,6,
 Under Your Spell Again,,,,,"September 1, 2017",,Halloween,Cars Land,Radiator Springs Haul-O-Ween,,, 00:02:40.729,Buck Owens ,17,
 Flip Out,,,,,"September 1, 2017",,Halloween,Cars Land,Radiator Springs Haul-O-Ween,,, 00:02:26.362,Billy Brown ,15,
 Keep a Knocking,,,,,"September 1, 2017",,Halloween,Cars Land,Radiator Springs Haul-O-Ween,,, 00:02:15.232,Little Richard ,12,
 I Ain't Superstitious,,,,,"September 1, 2017",,Halloween,Cars Land,Radiator Springs Haul-O-Ween,,, 00:03:59.084,Eddie Shaw ,22,
 In the Midnight Hour,,,,,"September 1, 2017",,Halloween,Cars Land,Radiator Springs Haul-O-Ween,,, 00:02:18.294,Wilson Pickett ,4,
 Castin' My Spell,,,,,"September 1, 2017",,Halloween,Cars Land,Radiator Springs Haul-O-Ween,,, 00:02:07.936,"Johnny Otis, Marci Lee ",9,
 Superstition,,,,,"September 1, 2017",,Halloween,Cars Land,Radiator Springs Haul-O-Ween,,, 00:04:02.057,Stevie Wonder ,19,
 Something's Got a Hold On Me,,,,,"September 1, 2017",,Halloween,Cars Land,Radiator Springs Haul-O-Ween,,, 00:02:43.589,Etta James ,13,
 I Was A Teenage Monster,,,,,"September 1, 2017",,Halloween,Cars Land,Radiator Springs Haul-O-Ween,,, 00:02:09.470,The Keytones ,5,
 Monster Mash,,,,,"September 1, 2017",,Halloween,Cars Land,Radiator Springs Haul-O-Ween,,, 00:02:56.792,"Bobby ""Boris"" Pickett & the Crypt-Kickers ",11,
 Romp Stompin' Boogie,,,,,"September 1, 2017",,Halloween,Cars Land,Radiator Springs Haul-O-Ween,,, 00:01:54.615,Jay Cee Hill ,18,
 Dead Man's Curve,,,,,"September 1, 2017",,Halloween,Cars Land,Radiator Springs Haul-O-Ween,,, 00:02:21.868,Jan & Dean ,2,
 (You're The) Devil In Disguise,,,,,"September 1, 2017",,Halloween,Cars Land,Radiator Springs Haul-O-Ween,,, 00:02:17.626,"Elvis Presley, The Jordanaires ",8,
 Chicken Rock,,,,,"September 1, 2017",,Halloween,Cars Land,Radiator Springs Haul-O-Ween,,, 00:01:53.118,Fat Daddy Holmes ,3,
 The Monster Hop,,,,,"September 1, 2017",,Halloween,Cars Land,Radiator Springs Haul-O-Ween,,, 00:02:26.401,Bert Convy ,20,
 Nowhere To Run,,,,,"September 1, 2017",,Halloween,Cars Land,Radiator Springs Haul-O-Ween,,, 00:02:51.585,Martha & the Vandellas ,7,
 Skully Gully,,,,,"September 1, 2017",,Halloween,Cars Land,Radiator Springs Haul-O-Ween,,, 00:01:59.726,"Bobby ""Boris"" Pickett & the Crypt-Kickers ",16,
 Wild Thing,,,,,"September 1, 2017",,Halloween,Cars Land,Radiator Springs Haul-O-Ween,,, 00:02:30.902,The Troggs ,14,
 Purple People-Eater Meets The Witch Doctor,,,,,"September 1, 2017",,Halloween,Cars Land,Radiator Springs Haul-O-Ween,,, 00:02:02.877,The Big Bopper ,21,
 Have Yourself A Merry Little Christmas,Putumayo Presents Latin Christmas OR Latin Jazz Christmas ,,,,,,Festival of Holidays,Paradise Gardens Park,Festival of Holidays 2016/2017,"This loop played in Paradise Gardens Park during Festival of Holidays in 2016/2017. Tracks 16-22 were added for the 2017 version of the loop. Tracks 4, 5 and 6 were heard in a 2022 recording, indicating that the same loop may still be in use. This preliminary tracklist was compiled by pixelated based on his reference recording. See MouseBits, https://mousebits.com/smf/index.php?topic=9438.msg91505#msg91505 (2017).","01:01:40.911 (2017);
00:42:59.799 (2016)", 00:04:36.324,Poncho Sanchez,1,
 Cascabel (Jingle Bells),World Christmas ,,,,,,Festival of Holidays,Paradise Gardens Park,Festival of Holidays 2016/2017,,, 00:02:01.018,Yomo Toro And The Boricua All Stars Feat. Ruben Blades & Dave Valentin,20,Added to 2017 loop (not present in 2016)
 Diwali Deepaanni,Dhada OST ,,,,,,Festival of Holidays,Paradise Gardens Park,Festival of Holidays 2016/2017,,, 00:03:50.933,Devi Sri Prasad (composer),6,
" God Rest You, Merry Gentlemen",My Greek Christmas Album ,,,,,,Festival of Holidays,Paradise Gardens Park,Festival of Holidays 2016/2017,,, 00:01:36.847,Viktor Mastoridis,5,
 Maoz Tzur,Maoz Tzur ,,,,,,Festival of Holidays,Paradise Gardens Park,Festival of Holidays 2016/2017,,, 00:03:09.283,Nossa Bossa Nova,2,
" Sevivon Sov, Sov, Sov",Hanukkah Swings ,,,,,,Festival of Holidays,Paradise Gardens Park,Festival of Holidays 2016/2017,,, 00:02:52.331,Kenny Ellis,13,
 Diwali Holi,Dubai Seenu OST (edited) ,,,,,,Festival of Holidays,Paradise Gardens Park,Festival of Holidays 2016/2017,,, 00:03:07.126,Karunya & Kousalya & Deepu,16,Added to 2017 loop (not present in 2016)
 Happy Hanukkah,Happy Hanukkah ,,,,,,Festival of Holidays,Paradise Gardens Park,Festival of Holidays 2016/2017,,, 00:03:25.995,Matisyahu,7,
 We Wish You A Merry Christmas (Bollywood Style Instrumental),A Jolly Bolly Christmas ,,,,,,Festival of Holidays,Paradise Gardens Park,Festival of Holidays 2016/2017,,, 00:01:42.791,Kuljit Bhamra,10,
 Mi Burrito Sabanero (El Burrito De Belen),Música Navídeña (Cumbia Party) ,,,,,,Festival of Holidays,Paradise Gardens Park,Festival of Holidays 2016/2017,,, 00:03:07.940,Kumbiambero 213,18,Added to 2017 loop (not present in 2016)
 Al Hanisim,It's Chanukah Time ,,,,,,Festival of Holidays,Paradise Gardens Park,Festival of Holidays 2016/2017,,, 00:02:57.644,Julie Silver,19,Added to 2017 loop (not present in 2016)
" Aai Diwali, Aai Diwali",Akkad Bakkad Bombay Bo ,,,,,,Festival of Holidays,Paradise Gardens Park,Festival of Holidays 2016/2017,,, 00:01:47.317,Tania Tobaccowala & Keshav Rai & Gaurika Rai,21,Added to 2017 loop (not present in 2016)
 Jingle Bells,My Greek Christmas Album ,,,,,,Festival of Holidays,Paradise Gardens Park,Festival of Holidays 2016/2017,,, 00:02:57.196,Viktor Mastoridis,11,
 Winter Wonderland,We Wish You A Merry Christmas ,,,,,,Festival of Holidays,Paradise Gardens Park,Festival of Holidays 2016/2017,,, 00:02:36.594,Take 6,17,Added to 2017 loop (not present in 2016)
 Diwali,Octopus in London ,,,,,,Festival of Holidays,Paradise Gardens Park,Festival of Holidays 2016/2017,,, 00:02:30.299,Viktor Mastoridis,12,
 Deck The Halls,My Greek Christmas Album ,,,,,,Festival of Holidays,Paradise Gardens Park,Festival of Holidays 2016/2017,,, 00:03:09.488,Viktor Mastoridis,14,
 Oh Chanukah,Hanukkah Favorites ,,,,,,Festival of Holidays,Paradise Gardens Park,Festival of Holidays 2016/2017,,, 00:03:22.413,Bozzi Records,9,
 Let It Snow,We Wish You A Merry Christmas ,,,,,,Festival of Holidays,Paradise Gardens Park,Festival of Holidays 2016/2017,,, 00:03:05.940,Take 6,22,Added to 2017 loop (not present in 2016)
 Ocho Kandelikas (Eight Little Candles),Joy to the World ,,,,,,Festival of Holidays,Paradise Gardens Park,Festival of Holidays 2016/2017,,, 00:02:12.446,Pink Martini,4,
 We Three Kings (Cha Cha Cha),Christmas Present ,,,,,,Festival of Holidays,Paradise Gardens Park,Festival of Holidays 2016/2017,,, 00:02:21.105,Brave Combo,8,
 Oh Chanukah,A Holiday Note From Home ,,,,,,Festival of Holidays,Paradise Gardens Park,Festival of Holidays 2016/2017,,, 00:03:37.215,United States Air Force Airmen Of Note,15,
Deck The Halls (Bollywood Bhangra Style Instrumental),A Jolly Bolly Christmas ,,,,,,Festival of Holidays,Paradise Gardens Park,Festival of Holidays 2016/2017,,, 00:01:32.657,Kuljit Bhamra,3,
Page of Wands 1549/11,Family Movies ANW 1549,,,,,Grizzly Peak Recreation Area,Christmas,Grizzly Peak,Santa's Holiday Visit [REF],,,,"Igor Dvorkin, Duncan Pittock, Ellie Kidd",12,Edited to include 0:10.118 to 2:11.238
Piccolo Pete 1328/8,Vintage Orchestral ANW 1328,,,,,Grizzly Peak Recreation Area,Christmas,Grizzly Peak,Santa's Holiday Visit [REF],"This loop plays at Redwood Creek Challenge Trail for Santa Claus’s Holiday Visit at the Ahwahnee Camp Circle in the Redwood Creek Challenge Trail. First documented during the 2016 holiday season. Tracklist compiled by pixelated, junglecskipper, and IHeartGaming.  Supplemented with information by SSrustworthy. See MouseBits, https://mousebits.com/smf/index.php?topic=9438.msg92234#msg92234 (2017).",00:16:54.464,,Ray Davies,1,
Deck the Hall 1117/20,Cozy Christmas ANW 1117,,,,,Grizzly Peak Recreation Area,Christmas,Grizzly Peak,Santa's Holiday Visit [REF],,,,Christoper Ashmore,3,
Deck the Halls,Joy to the World,,,,,Grizzly Peak Recreation Area,Christmas,Grizzly Peak,Santa's Holiday Visit [REF],,,,The Angel City Brass,2,
Christmas Music Box 1117/6,Cozy Christmas ANW 1117,,,,,Grizzly Peak Recreation Area,Christmas,Grizzly Peak,Santa's Holiday Visit [REF],,,,Christoper Ashmore,4,
Pretty Ballerina 1639/15,Small Ensembles ANW 1639,,,,,Grizzly Peak Recreation Area,Christmas,Grizzly Peak,Santa's Holiday Visit [REF],,,,Robert Bruce,10,Starts at 0:00.730 of source track
Christmas Montage (60) 1027/2,All Kinds of Christmas ANW 1027,,,,,Grizzly Peak Recreation Area,Christmas,Grizzly Peak,Santa's Holiday Visit [REF],,,,Patrick Hawes,8,Edited to include start to 0:24.547; 0:42.228 to end
Ride With Santa 1447/4,Christmas on the Box ANW 1447,,,,,Grizzly Peak Recreation Area,Christmas,Grizzly Peak,Santa's Holiday Visit [REF],,,,Terry Devine-King,6,
Jolly Old St. Nick,Joy to the World,,,,,Grizzly Peak Recreation Area,Christmas,Grizzly Peak,Santa's Holiday Visit [REF],,,,The Angel City Brass,11,
Sleigh Ride (60) 1027/5,All Kinds of Christmas ANW 1027,,,,,Grizzly Peak Recreation Area,Christmas,Grizzly Peak,Santa's Holiday Visit [REF],,,,Patrick Hawes,5,
Christmas Cheer 1117/2,Cozy Christmas ANW 1117,,,,,Grizzly Peak Recreation Area,Christmas,Grizzly Peak,Santa's Holiday Visit [REF],,,,Christopher Ashmore,9,
Up On the Housetop,Joy to the World,,,,,Grizzly Peak Recreation Area,Christmas,Grizzly Peak,Santa's Holiday Visit [REF],,,,The Angel City Brass,7,
"Monsters, Inc.","Monsters, Inc. OST",,,,,,,"Hollywood Land, Hollywood Pictures Backlot",Monsters Inc. Queue [REF],"This loop plays in the exterior queue area for the attraction Monsters, Inc. Mike & Sulley to the Rescue! Tracklist compiled by C33 based on his reference recording. See C33’s post on Magic Music, https://community.magicmusic.net/threads/monsters-inc-queue-music-dca.3746/#post-26602 (2008). The queue is likely the same as WDW’s https://community.magicmusic.net/threads/monsters-inc-laugh-floor-queue-area-music.4921/post-34784. Also see https://forums.mousebits.com/threads/new-esplanade-loop.9555/post-90302",~00:30:11,,Randy Newman,1,
If I Didn't Have You [Instrumental],"Monsters, Inc. Scream Factory Favorites",,,,,,,"Hollywood Land, Hollywood Pictures Backlot",Monsters Inc. Queue [REF],,,,Riders in the Sky,3,"While the version of ""If I Didn't Have You"" on the CD is the same version that plays in the loop, the CD version has some witty banter between band members that does not appear in the loop version. The loop version simply cuts from the point right before that section to the point right after it with a deft cut that actually makes the track flow a little better than the original. What this means more importantly though is that, with the exception of the three non-needledrop (or otherwise unidentified at this point) tracks, it is possible to create an accurate reconstruction."
Sulley and Mike,"Monsters, Inc. OST",,,,,,,"Hollywood Land, Hollywood Pictures Backlot",Monsters Inc. Queue [REF],,,,Randy Newman,13,Starts at 0:50
Oh Celia!,"Monsters, Inc. OST",,,,,,,"Hollywood Land, Hollywood Pictures Backlot",Monsters Inc. Queue [REF],,,,Randy Newman,8,
We Had Some Laughs,"Monsters, Inc. For Your Consideration - Best Original Score (track 55)",,,,,,,"Hollywood Land, Hollywood Pictures Backlot",Monsters Inc. Queue [REF],,,,Randy Newman,11,
Walk to Work,"Monsters, Inc. OST",,,,,,,"Hollywood Land, Hollywood Pictures Backlot",Monsters Inc. Queue [REF],,,,Randy Newman,2,
School,"Monsters, Inc. OST",,,,,,,"Hollywood Land, Hollywood Pictures Backlot",Monsters Inc. Queue [REF],,,,Randy Newman,4,Starts at 0:58
The Scare Floor,"Monsters, Inc. OST",,,,,,,"Hollywood Land, Hollywood Pictures Backlot",Monsters Inc. Queue [REF],,,,Randy Newman,7,
Randall Appears,"Monsters, Inc. OST",,,,,,,"Hollywood Land, Hollywood Pictures Backlot",Monsters Inc. Queue [REF],,,,Randy Newman,6,
Unknown unreleased track,,,,,,,,"Hollywood Land, Hollywood Pictures Backlot",Monsters Inc. Queue [REF],,,,,12,
Big High Wire Hop,"Monsters, Inc. Scream Factory Favorites",,,,,,,"Hollywood Land, Hollywood Pictures Backlot",Monsters Inc. Queue [REF],,,,Riders in the Sky,10,"Edited (ends at 2:10)
This is the score to the Pixar short For the Birds, which played before Monsters, Inc. in theaters."
Number 1,"Monsters, Inc. For Your Consideration - Best Original Score (track 52)",,,,,,,"Hollywood Land, Hollywood Pictures Backlot",Monsters Inc. Queue [REF],,,,Randy Newman,14,Starts at 0:19
Unknown unreleased track,,,,,,,,"Hollywood Land, Hollywood Pictures Backlot",Monsters Inc. Queue [REF],,,5:12,,5,"Track five follows the same melody as track 7, ""The Scare Floor"", but is it's own separate track, with a time of 5:12."
Unknown unreleased track,,,,,,,,"Hollywood Land, Hollywood Pictures Backlot",Monsters Inc. Queue [REF],,,,,9,"While a cursory listen to the loop and track 8, ""Oh Celia!"", makes it seem like they're the same, they're not- in fact ""O Celia!"" gets remixed and expanded into tracks 8 and 9, sort of an ""Extended Mix"" if you will. While parts of this mix clearly come from the needledrop track the track does not ""fit in"" anywhere in the loop version exactly, it comes close for a few seconds and then the timing changes. The rest of the track appears to be original to the loop."
 Assemble,The Avengers ,,,,"May 27, 2017 → September 10, 2017",,,Hollywood Land,Summer of Heroes,"This loop played throughout Hollywood Land during DCA’s Summer of Heroes celebration. The loop also may have played at the SuperHero HQ in Tomorrowland inside the former Innoventions building. Preliminary tracklist compiled by pixelated based on his reference recording. See MouseBits, https://mousebits.com/smf/index.php?topic=9565.msg90386#msg90386 (2017).",00:54:26.901, 00:04:54.273,Alan Silvestri,1,
 Guardians United,Guardians of the Galaxy ,,,,"May 27, 2017 → September 10, 2017",,,Hollywood Land,Summer of Heroes,,, 00:02:30.648,Tyler Bates,9,
 Theme from Ant-Man,Ant-Man ,,,,"May 27, 2017 → September 10, 2017",,,Hollywood Land,Summer of Heroes,,, 00:02:05.976,Christophe Beck,25,
 'New Avengers - Avengers: Age of Ultron',Avengers: Age of Ultron ,,,,"May 27, 2017 → September 10, 2017",,,Hollywood Land,Summer of Heroes,,, 00:02:22.692,Danny Elfman,24,
 Asgard,Thor: The Dark World ,,,,"May 27, 2017 → September 10, 2017",,,Hollywood Land,Summer of Heroes,,, 00:01:46.916,Brian Tyler,19,
 Captain America Main Titles,Captain America: The First Avenger ,,,,"May 27, 2017 → September 10, 2017",,,Hollywood Land,Summer of Heroes,,, 00:00:38.288,Alan Silvestri,4,
 Battle of Vanaheim,Thor: The Dark World ,,,,"May 27, 2017 → September 10, 2017",,,Hollywood Land,Summer of Heroes,,, 00:01:34.220,Brian Tyler,20,
 I Am Iron Man,Iron Man 2 ,,,,"May 27, 2017 → September 10, 2017",,,Hollywood Land,Summer of Heroes,,, 00:01:27.123,John Debney,13,
 Legacy,Thor: The Dark World ,,,,"May 27, 2017 → September 10, 2017",,,Hollywood Land,Summer of Heroes,,, 00:01:31.032,Brian Tyler,17,
 Heroes,Avengers: Age of Ultron ,,,,"May 27, 2017 → September 10, 2017",,,Hollywood Land,Summer of Heroes,,, 00:01:47.012,Danny Elfman,23,
 The Avengers,The Avengers ,,,,"May 27, 2017 → September 10, 2017",,,Hollywood Land,Summer of Heroes,,, 00:01:58.132,Alan Silvestri,2,
 Black Widow Kicks Ass,Iron Man 2 ,,,,"May 27, 2017 → September 10, 2017",,,Hollywood Land,Summer of Heroes,,, 00:00:47.897,John Debney,12,
 Iron Man Battles the Drones,Iron Man 2 ,,,,"May 27, 2017 → September 10, 2017",,,Hollywood Land,Summer of Heroes,,, 00:04:03.515,John Debney,11,
 Lemurian Star,Captain America: The Winter Soldier ,,,,"May 27, 2017 → September 10, 2017",,,Hollywood Land,Summer of Heroes,,, 00:01:24.422,Henry Jackman,5,
 Can You Dig It (Iron Man 3 Main Titles),Iron Man 3 ,,,,"May 27, 2017 → September 10, 2017",,,Hollywood Land,Summer of Heroes,,, 00:02:38.850,Brian Tyler,22,
 The Kyln Escape,Guardians of the Galaxy ,,,,"May 27, 2017 → September 10, 2017",,,Hollywood Land,Summer of Heroes,,, 00:07:09.784,Tyler Bates,8,
 Captain America,Captain America: The First Avenger ,,,,"May 27, 2017 → September 10, 2017",,,Hollywood Land,Summer of Heroes,,, 00:01:02.009,Alan Silvestri,3,
 Attack on 10880 Malibu Point,Iron Man 3 ,,,,"May 27, 2017 → September 10, 2017",,,Hollywood Land,Summer of Heroes,,, 00:03:13.715,Brian Tyler,15,
 Driving With the Top Down,Iron Man ,,,,"May 27, 2017 → September 10, 2017",,,Hollywood Land,Summer of Heroes,,, 00:03:03.291,Ramin Djawadi,10,
 Thor Kills the Destroyer,Thor ,,,,"May 27, 2017 → September 10, 2017",,,Hollywood Land,Summer of Heroes,,, 00:01:49.497,Patrick Doyle,16,
 Groot Spores,Guardians of the Galaxy ,,,,"May 27, 2017 → September 10, 2017",,,Hollywood Land,Summer of Heroes,,, 00:01:02.899,Tyler Bates,7,
" Thor, Son of Odin",Thor: The Dark World ,,,,"May 27, 2017 → September 10, 2017",,,Hollywood Land,Summer of Heroes,,, 00:01:11.593,Brian Tyler,21,
 Iron Man 3,Iron Man 3 ,,,,"May 27, 2017 → September 10, 2017",,,Hollywood Land,Summer of Heroes,,, 00:01:45.354,Brian Tyler,14,
 Taking a Stand,Captain America: The Winter Soldier ,,,,"May 27, 2017 → September 10, 2017",,,Hollywood Land,Summer of Heroes,,, 00:02:00.787,Henry Jackman,6,
 Thor: The Dark World,Thor: The Dark World ,,,,"May 27, 2017 → September 10, 2017",,,Hollywood Land,Summer of Heroes,,, 00:00:36.963,Brian Tyler,18,
  Living Thing,,,,,"May 27, 2017",,,Hollywood Land,Mission: BREAKOUT! (exterior),,,,ELO,14,
  Boys are Back in Town,,,,,"May 27, 2017",,,Hollywood Land,Mission: BREAKOUT! (exterior),,,,Thin Lizzy,13,
  Southern Nights,,,,,"May 27, 2017",,,Hollywood Land,Mission: BREAKOUT! (exterior),,,,Glen Campbell,8,
  Magic,,,,,"May 27, 2017",,,Hollywood Land,Mission: BREAKOUT! (exterior),,,,Pilot,4,
  Walk Away,,,,,"May 27, 2017",,,Hollywood Land,Mission: BREAKOUT! (exterior),,,,James Gang,5,
  Lake Shore Drive,,,,,"May 27, 2017",,,Hollywood Land,Mission: BREAKOUT! (exterior),,,,Aliotta Haynes Jeremiah,7,
  Mr. Blue Sky,,,,,"May 27, 2017",,,Hollywood Land,Mission: BREAKOUT! (exterior),"This loop played near the exterior attraction sign for the ‘Guardians of the Galaxy – Mission: BREAKOUT!' attraction. This is a preliminary tracklist compiled by CThaddeus based on a reference recording by pixelated. See MouseBits, https://mousebits.com/smf/index.php?topic=9565.msg90433#msg90433 (2017).",00:57:46.019,Preceded by a ~0.38-0.66 secs silent gap,ELO,1,
  Rock and Roll All Nite,,,,,"May 27, 2017",,,Hollywood Land,Mission: BREAKOUT! (exterior),,,,KISS,17,
  My Sweet Lord,All Things Must Pass,,,,"May 27, 2017",,,Hollywood Land,Mission: BREAKOUT! (exterior),,,,George Harrison,9,
  Hooked on a Feeling,,,,,"May 27, 2017",,,Hollywood Land,Mission: BREAKOUT! (exterior),,,,Blue Suede,3,
  Don't Stop Me Now,,,,,"May 27, 2017",,,Hollywood Land,Mission: BREAKOUT! (exterior),,,,Queen,6,
  Spirit in the Sky,,,,,"May 27, 2017",,,Hollywood Land,Mission: BREAKOUT! (exterior),,,,Norman Greenbaum,12,
  Still the One,,,,,"May 27, 2017",,,Hollywood Land,Mission: BREAKOUT! (exterior),,,,Orleans,16,
  Best of My Love,,,,,"May 27, 2017",,,Hollywood Land,Mission: BREAKOUT! (exterior),,,,The Emotions,2,
  Surrender,,,,,"May 27, 2017",,,Hollywood Land,Mission: BREAKOUT! (exterior),,,,Cheap Trick,11,
  Brandy (You're a Fine Girl),,,,,"May 27, 2017",,,Hollywood Land,Mission: BREAKOUT! (exterior),,,,Looking Glass,10,
  O-o-h Child,,,,,"May 27, 2017",,,Hollywood Land,Mission: BREAKOUT! (exterior),,,,The Five Stairsteps,15,
Faces of the Heart [General Hospital Opening Theme],The Music of General Hospital,,Walt Disney Records,,"February 8, 2001 → November 3, 2002",,,Hollywood Pictures Backlot,ABC Soap Opera Bistro Central,"This loop played throughout all areas of the ABC Soap Opera Bistro while in operation from February 8, 2001 until November 3, 2002. The loop included themes from the ABC Soap Operas Port Charles, All My Children, One Life to Live, and General Hospital. See https://mousebits.com/smf/index.php?topic=7104.msg98932#msg98932 (MouseBits; 2012). The actual BGM loop was compiled by Greg Lhotka in 1999 according to a demo imagineering CD. No live reference recording is available; this tracklist was compiled based on a presumed source track in limited circulation, checked against YouTube footage.",00:52:34.495,0:34.546,David Koz,1,Preceded by 00.36 second of silence
Kevin & Lucy Love Theme [Port Charles],Unreleased,,,,"February 8, 2001 → November 3, 2002",,,Hollywood Pictures Backlot,ABC Soap Opera Bistro Central,,,2:24.113,,4,
Street Scene [All My Children],Unreleased,,,,"February 8, 2001 → November 3, 2002",,,Hollywood Pictures Backlot,ABC Soap Opera Bistro Central,,,2:08.288,,21,
All My Children Theme (1995 sax arrangement) [Opening Theme],Unreleased,,,,"February 8, 2001 → November 3, 2002",,,Hollywood Pictures Backlot,ABC Soap Opera Bistro Central,,,0:42.309,David Benoit,7,
Robin and Stone's Theme,The Music of General Hospital,,Walt Disney Records,,"February 8, 2001 → November 3, 2002",,,Hollywood Pictures Backlot,ABC Soap Opera Bistro Central,,,2:16.671,Marty Davich,5,
Romance [All My Children],Unreleased,,,,"February 8, 2001 → November 3, 2002",,,Hollywood Pictures Backlot,ABC Soap Opera Bistro Central,,,2:23.989,,16,
One Life to Live (2000) [Closing Theme],Unreleased,,,,"February 8, 2001 → November 3, 2002",,,Hollywood Pictures Backlot,ABC Soap Opera Bistro Central,,,1:36.661,,22,
General Hospital (Autumn Breeze),Hits of the Soaps,,,,"February 8, 2001 → November 3, 2002",,,Hollywood Pictures Backlot,ABC Soap Opera Bistro Central,,,2:07.826,The Hollywood Television Orchestra,12,
One Life to Live Theme (2000) [Opening Theme],Unreleased,,,,"February 8, 2001 → November 3, 2002",,,Hollywood Pictures Backlot,ABC Soap Opera Bistro Central,,,0:31.661,,6,
Kevin & Lucy Love Theme [Port Charles],Unreleased,,,,"February 8, 2001 → November 3, 2002",,,Hollywood Pictures Backlot,ABC Soap Opera Bistro Central,,,2:23.831,,8,Repeated; same as track 4
One Life to Live,Hits of the Soaps,,IndieBlu,,"February 8, 2001 → November 3, 2002",,,Hollywood Pictures Backlot,ABC Soap Opera Bistro Central,,,2:37.125,The Hollywood Television Orchestra,2,
Untitled [One Life to Live],Unreleased,,,,"February 8, 2001 → November 3, 2002",,,Hollywood Pictures Backlot,ABC Soap Opera Bistro Central,,,2:16.323,,17,Untitled according to demo CD
Frank & Julie [Port Charles],Unreleased,,,,"February 8, 2001 → November 3, 2002",,,Hollywood Pictures Backlot,ABC Soap Opera Bistro Central,,,2:24.022,,11,
Funky Dark [All My Children],Unreleased,,,,"February 8, 2001 → November 3, 2002",,,Hollywood Pictures Backlot,ABC Soap Opera Bistro Central,,,2:09.679,,14,
Robin and Stone's Theme,The Music of General Hospital,,,,"February 8, 2001 → November 3, 2002",,,Hollywood Pictures Backlot,ABC Soap Opera Bistro Central,,,2:16.299,Marty Davich,23,
Faces of the Heart [Closing Theme],The Music of General Hospital,,Walt Disney Records,,"February 8, 2001 → November 3, 2002",,,Hollywood Pictures Backlot,ABC Soap Opera Bistro Central,,,3:40.513,David Koz,15,
Latin Sex [One Life to Live],Unreleased,,,,"February 8, 2001 → November 3, 2002",,,Hollywood Pictures Backlot,ABC Soap Opera Bistro Central,,,2:03.347,,13,
Kevin & Eve [Port Charles],Unreleased,,,,"February 8, 2001 → November 3, 2002",,,Hollywood Pictures Backlot,ABC Soap Opera Bistro Central,,,2:40.590,,19,
All My Children,Hits of the Soaps,,IndieBlu,,"February 8, 2001 → November 3, 2002",,,Hollywood Pictures Backlot,ABC Soap Opera Bistro Central,,,2:55.031,The Hollywood Television Orchestra,3,
Luke and Laura's Theme,The Music of General Hospital,,Walt Disney Records,,"February 8, 2001 → November 3, 2002",,,Hollywood Pictures Backlot,ABC Soap Opera Bistro Central,,,3:15.095,Marty Davich,20,
All My Children (1995 sax) [End Titles],Unreleased,,,,"February 8, 2001 → November 3, 2002",,,Hollywood Pictures Backlot,ABC Soap Opera Bistro Central,,,2:01.243,David Benoit,18,
Funky Tension [All My Children],Unreleased,,,,"February 8, 2001 → November 3, 2002",,,Hollywood Pictures Backlot,ABC Soap Opera Bistro Central,,,2:08.671,,24,
Nasty Tension [All My Children],Unreleased,,,,"February 8, 2001 → November 3, 2002",,,Hollywood Pictures Backlot,ABC Soap Opera Bistro Central,,,2:25.783,,10,
Untitled [One Life to Live],Unreleased,,,,"February 8, 2001 → November 3, 2002",,,Hollywood Pictures Backlot,ABC Soap Opera Bistro Central,,,2:30.509,,9,Untitled according to demo CD
It's Breezy,MEOS-3 - Media Music Release No. 12 - No. 3 - Musical Weather Report [Reel M-127],,,,,,,Hollywood Pictures Backlot,Superstar Limo Queue [REF],"This loop played in the indoor and outdoor queue area of Superstar Limo. Listing compiled by Glen Barker, SoCalRyan, and SSrustworthy. See https://librarymusicthemes.com/index.php?topic=1399.new#new (2018).
It was also posted on the https://pbarrie.libsyn.com/podcast/wttm-cvs-ss48-cheesy-awesome-the-superstar-limo-background-music-loop. See Magic Music, Re:https://community.magicmusic.net/threads/buddy-baker-monorail-theme-fan.1774/#post-12120 (2004). Also see MouseBits, https://mousebits.com/smf/index.php?topic=9999.msg98848#msg98848 (2022).",1:04:30.068,00:02:20.065,Jan Kimberly,1,
Orchestra & Girls #8,MECS-2 - Media Music Release No. 6 - No. 2 - Up Up & Go Girls [Reel X-138],,,,,,,Hollywood Pictures Backlot,Superstar Limo Queue [REF],,,00:01:00.190,Henrik Nielsen,3,
Beat Man,MEMS-7 - Media Music Release No. 3 - No. 7 - Beat Music [Reel X-105],,,,,,,Hollywood Pictures Backlot,Superstar Limo Queue [REF],,,00:01:00.837,Henrik Nielsen,4,
Tijuana Fiesta,MEM-2 - Media Music Release No. 3 - No. 2 - Bossa Nova - Tijuana Fiesta [Reel X-104],,,,,,,Hollywood Pictures Backlot,Superstar Limo Queue [REF],,,00:00:56.713,Henrik Nielsen,2,
Curtain Time,Hi-Q Reel L-147,,,,,,,Hollywood Pictures Backlot,Superstar Limo Queue [REF],,,00:01:42.097,Ib Glindemann,7,Released as “Miss April” on 50 Years on Stage by Ib Glindemann but with an extended outro
It's Windy,MEOS-3 - Media Music Release No. 12 - No. 3 - Musical Weather Report [Reel M-128],,,,,,,Hollywood Pictures Backlot,Superstar Limo Queue [REF],,,00:02:23.177,Jan Kimberly,5,
Samba Ramba,PSE-51 - Media Music The Professional - No. 51 - Vintage,,,,,,,Hollywood Pictures Backlot,Superstar Limo Queue [REF],,,00:02:00.378,Ole Georg,8,Uploaded to Ole Georg’s Soundcloud
Orchestra & Voices #3,"MEBS-2 - Record No. 2 - Media Music Release No. 5 - No. 2 - Up, Up, And Go! [Reel X-119]",,,,,,,Hollywood Pictures Backlot,Superstar Limo Queue [REF],,,00:00:57.626,Dan Kirsten,6,Fade in
Orchestra & Girls #1,MECS-2 - Media Music Release No. 6 - No. 2 - Up Up & Go Girls [Reel X-137],,,,,,,Hollywood Pictures Backlot,Superstar Limo Queue [REF],,,00:00:59.854,Henrik Nielsen,9,
Resort Life,MEBS-7 - Media Music Release No. 5 - No. 7 - Holiday Strings/Fashion [Reel M-108],,,,,,,Hollywood Pictures Backlot,Superstar Limo Queue [REF],,,00:02:19.756,Dan Kirsten,10,
Holidays,MMUS-1 - Media Music Release No. 1 - No. 1 - Domesticated Western World [Reel M-61],,,,,,,Hollywood Pictures Backlot,Superstar Limo Queue [REF],,,00:01:04.104,Ib Glindemann,15,Fade in
Outdoor Life #2,MEGS-8 - Media Music Release No. 7 - No. 8 - Outdoor Life/Supersoundic Strings [Reel L-163],,,,,,,Hollywood Pictures Backlot,Superstar Limo Queue [REF],,,00:01:38.497,Henrik Nielsen,12,
Tijuana,Omnimusic OM 149 - Time Frames,,,,,,,Hollywood Pictures Backlot,Superstar Limo Queue [REF],,,00:01:45.363,Michael Carubia,13,
Vast Resources,MEOS-4 - Media Music Release No. 12 - No. 4 - Modern Life-Styles [Reel L-178],,,,,,,Hollywood Pictures Backlot,Superstar Limo Queue [REF],,,00:02:16.822,Jan Kimberly,16,Speed altered; early fade out
Movie-of-the-Week Open,Media Music Release No. 6 - No. 10 - Open and Close Themes [Reel L-158],,,,,,,Hollywood Pictures Backlot,Superstar Limo Queue [REF],,,00:01:05.827,Erik Markman,11,Edited to remove musical introduction
Orchestra & Voices #2,"MEBS-2 - Media Music Release No. 5 - No. 2 - Up, Up, And Go! [Reel X-119]",,,,,,,Hollywood Pictures Backlot,Superstar Limo Queue [REF],,,00:00:59.332,Dan Kirsten,14,
Bright Holiday Open AKA Holiday Signature (1940's),MECS-10 - Media Music Release No. 6 - No. 10 - Open and Close Themes [Reel L-157],,,,,,,Hollywood Pictures Backlot,Superstar Limo Queue [REF],,,00:00:56.946,Henrik Nielsen,21,
Optimist People #7,MEKS-4 - Media Music Release No. 10 - No. 4 - Commercial Lifestyles/Moog [Reel X-188],,,,,,,Hollywood Pictures Backlot,Superstar Limo Queue [REF],,,00:02:20.621,Robert Ascot,19,
Today's Action #10,MEHS-1 - Media Music Release No. 8 - No. 1 - Today's Action [Reel X-168],,,,,,,Hollywood Pictures Backlot,Superstar Limo Queue [REF],,,00:01:48.671,Neil Amsterdam,22,
Rio Fire,MEMS-2 - Media Music Release No. 3 - No. 2 - Bossa Nova - Tijuana Fiesta [Reel X-103],,,,,,,Hollywood Pictures Backlot,Superstar Limo Queue [REF],,,00:01:00.995,Henrik Nielsen,20,
Window Shopping,MELS-9 - Media Music Release No. 11 - No. 9 - Then & Now/Here & There [Reel L-176],,,,,,,Hollywood Pictures Backlot,Superstar Limo Queue [REF],,,00:01:45.166,Robert Ascot,25,
Swingin’ Domestic AKA Swing Domestic (1940's),Hi-Q Reel L-143,,,,,,,Hollywood Pictures Backlot,Superstar Limo Queue [REF],,,00:01:04.719,Ib Glindemann,18,
Domestic Noon AKA Light Domestic (1940’s),MMUS-1 - Media Music Release No. 1 - No. 1 - Domesticated Western World [Reel L- 143],,,,,,,Hollywood Pictures Backlot,Superstar Limo Queue [REF],,,00:01:21.814,Ib Glindemann,23,
Bossa & Soul,MEMS-2 - Media Music Release No. 3 - No. 2 - Bossa Nova - Tijuana Fiesta [Reel X-103],,,,,,,Hollywood Pictures Backlot,Superstar Limo Queue [REF],,,00:00:58.693,Henrik Nielsen,17,
Sunshine Smile,Hi-Q Reel X-79,,,,,,,Hollywood Pictures Backlot,Superstar Limo Queue [REF],,,00:00:59.137,Ib Glindemann,24,
Busy Schedule,MEBS-7 - Media Music Release No. 5 - No. 7 - Holiday Strings/Fashion [Reel M-107],,,,,,,Hollywood Pictures Backlot,Superstar Limo Queue [REF],,,00:01:49.678,Dan Kirsten,30,
Carnival,Media Music Release No. 3 - No. 2 - Bossa Nova - Tijuana Fiesta [Reel X-104],,,,,,,Hollywood Pictures Backlot,Superstar Limo Queue [REF],,,00:00:59.592,Henrik Nielsen,28,
Busman's Holiday,MEMS-3 - Media Music Release No. 3 - No. 3 - Holiday Strings [Reel L-155],,,,,,,Hollywood Pictures Backlot,Superstar Limo Queue [REF],,,00:01:01.332,Henrik Nielsen,27,
Runaway Strings,MEMS-3 - Media Music Release No. 3 - No. 3 - Holiday Strings [Reel L-155],,,,,,,Hollywood Pictures Backlot,Superstar Limo Queue [REF],,,00:00:53.626,Henrik Nielsen,26,Starts later in track to omit musical introduction
Outdoor Life #1,MEGS-8 - Media Music Release No. 7 - No. 8 - Outdoor Life/Supersoundic Strings [Reel L-163],,,,,,,Hollywood Pictures Backlot,Superstar Limo Queue [REF],,,00:01:27.645,Henrik Nielsen,29,fade in late; fade out early; edited
Raindrops In Motion,MELS-5 - Media Music Release No. 11 - No. 5 - Contempo/Nostalgia [Reel L-170],,,,,,,Hollywood Pictures Backlot,Superstar Limo Queue [REF],,,00:01:45.803,Tom Elliot,31,
Latin Happening,MEDS-5 - Media Music Release No. 2 - No. 5 - Latin Jazz/Cocktail Combos [Reel X-61],,,,,,,Hollywood Pictures Backlot,Superstar Limo Queue [REF],,,00:01:38.390,Henrik Nielsen,32,
Sunshine Patrol,MEMS-3 - Record No. 3 - Media Music Release No. 3 - No. 3 - Holiday Strings [Reel L-155],,,,,,,Hollywood Pictures Backlot,Superstar Limo Queue [REF],,,00:01:00.369,Henrik Nielsen,33,
Neutral Strings #2,MEHS-7 - Media Music Release No. 8 - No. 7 - Neutral Strings in Motion [Reel L-99],,,,,,,Hollywood Pictures Backlot,Superstar Limo Queue [REF],,,00:01:29.866,Neil Amsterdam,35,Fade in late; fade out early; edited
Show Music #3 AKA Showtime #9,MEHS-3 - Media Music Release No. 8 - No. 3 - Big Band Era/Show Music [Reel X-164],,,,,,,Hollywood Pictures Backlot,Superstar Limo Queue [REF],,,00:01:02.062,Neil Amsterdam,37,
Flower Children,MEM-2 - Media Music Release No. 4 - No. 2 - Beat Music [Reel X-114],,,,,,,Hollywood Pictures Backlot,Superstar Limo Queue [REF],,,00:00:58.642,Dan Kirsten,36,
Trade Empire,MEOS-4 - Media Music Release No. 12 - No. 4 - Modern Life-Styles [Reel L-177],,,,,,,Hollywood Pictures Backlot,Superstar Limo Queue [REF],,,00:01:50.910,Jan Kimberly,34,
Bull Market,MEOS-4 - Media Music Release No. 12 - No. 4 - Modern Life-Styles [Reel L-178],,,,,,,Hollywood Pictures Backlot,Superstar Limo Queue [REF],,,00:02:16.768,Jan Kimberly,38,
"Bright Latin Rhythm (""Meringue"") AKA Promenade Merengue",OGM Premium Archives 25 [Reel X-38],,,,,,,Hollywood Pictures Backlot,Superstar Limo Queue [REF],,,00:02:12.380,Spencer Moore AKA Stan Livingston,39,Uploaded as Promenade Merengue to Ole Georg’s Soundcloud
March AKA A Year in Harmony #3,Media Music Release No. 11 - No. 1 - The Year In Harmony [Reel M-123],,,,,,,Hollywood Pictures Backlot,Superstar Limo Queue [REF],,,00:01:43.676,Tom Elliot,40,
November AKA A Year in Harmony #4,Media Music Release No. 11 - No. 1 - The Year In Harmony [Reel M-124],,,,,,,Hollywood Pictures Backlot,Superstar Limo Queue [REF],,,00:01:55.275,Tom Elliot,42,
Happy Holiday,Media Music Release No. 5 - No. 7 - Holiday Strings/Fashion [Reel M-107],,,,,,,Hollywood Pictures Backlot,Superstar Limo Queue [REF],,,00:01:49.736,Dan Kirsten,41,
On A Beautiful Day,MELS-5 - Media Music Release No. 11 - No. 5 - Contempo/Nostalgia [Reel L-169],,,,,,,Hollywood Pictures Backlot,Superstar Limo Queue [REF],,,00:01:46.531,Tom Elliot,43,
Santa Barbara,"Nights of Fire!, track 1 ",,,,"April 24, 2009 → June 7, 2009",,Food and Wine Festival,Performance Corridor,Food and Wine Festival 2009 [REF],"This loop played throughout Sunshine Plaza, Hollywood Pictures Backlot and Pacific Wharf, replacing those areas' normal loops during the 2009 iteration of the Food and Wine Festival BGM. Tracklist compiled by pixelated and C33 based pixelated’s reference recording. C33 notes: ""Except for the few second pause between the last track and the first track when the loop restarts, each track almost always begins over the ending of the previous one, with no gaps in between. In many cases the track will start to fade out before the next track begins and some of the tracks are edited to be shorter in length (sometimes significantly so), as indicated. The transitions are in some cases fairly jarring.” See MouseBits, https://forums.mousebits.com/threads/disneys-california-food-and-wine-festival-loop-playlist-2009.4884/. ",52:50.796, 4:45.802,Benise,1,album track is around 0.103 secs. faster than the recording
Kodo-Inside the Sun Remix,"II, track 12 ",,,,"April 24, 2009 → June 7, 2009",,Food and Wine Festival,Performance Corridor,Food and Wine Festival 2009 [REF],,, 4:05.422,Yoshida Brothers,13,
Jig Medley: Brother John's Jig/Kinyon's No,"Celtic Dance, track 8 ",,,,"April 24, 2009 → June 7, 2009",,Food and Wine Festival,Performance Corridor,Food and Wine Festival 2009 [REF],,, 3:31.790,John Whelan,14,
Picking Flowers,"Music from the Tea Lands, track 2 ",,,,"April 24, 2009 → June 7, 2009",,Food and Wine Festival,Performance Corridor,Food and Wine Festival 2009 [REF],,, 1:56.214,Lei Qiang,5,album track is around 0.071 secs. faster than the recording
Salsa Salsa,"Nights of Fire!, track 3 ",,,,"April 24, 2009 → June 7, 2009",,Food and Wine Festival,Performance Corridor,Food and Wine Festival 2009 [REF],,, 5:00.609,Benise,10,
Miracle,"Eastern Energy, track 1 ",,,,"April 24, 2009 → June 7, 2009",,Food and Wine Festival,Performance Corridor,Food and Wine Festival 2009 [REF],,, 2:41.325,Twelve Girls Band,2,album track is around 0.100 secs. faster than the recording
Caminos,"Caminos, track 1 ",,,,"April 24, 2009 → June 7, 2009",,Food and Wine Festival,Performance Corridor,Food and Wine Festival 2009 [REF],,, 3:18.494,Alturas,15,
Morea,"Caminos, track 2 ",,,,"April 24, 2009 → June 7, 2009",,Food and Wine Festival,Performance Corridor,Food and Wine Festival 2009 [REF],,, 2:57.175,Alturas,12,
The £5 Flute/Donald McLennan's Exercise/What Pain Have I Endured Since Last Year,"Celtic Dance, track 4 ",,,,"April 24, 2009 → June 7, 2009",,Food and Wine Festival,Performance Corridor,Food and Wine Festival 2009 [REF],,, 2:58.354,Old Blind Dogs,9,
Freedom,"Eastern Energy, track 5 ",,,,"April 24, 2009 → June 7, 2009",,Food and Wine Festival,Performance Corridor,Food and Wine Festival 2009 [REF],,, 3:47.320,Twelve Girls Band,8,
Calliope House/The Cowboy Jig,"Celtic Dance, track 3",,,,"April 24, 2009 → June 7, 2009",,Food and Wine Festival,Performance Corridor,Food and Wine Festival 2009 [REF],,, 3:32.420,"Alasdair Fraser, Paul Machlis",3,"loop track stops at 3:32.861 of album track, album track is around 0.129 secs. faster than the recording"
Fantasy,"Journey, track 2 ",,,,"April 24, 2009 → June 7, 2009",,Food and Wine Festival,Performance Corridor,Food and Wine Festival 2009 [REF],,, 3:17.256,Ali Akbar Khan,7,
Ya Rayah (Party),"The Definitive Collection, track 1",,,,"April 24, 2009 → June 7, 2009",,Food and Wine Festival,Performance Corridor,Food and Wine Festival 2009 [REF],,, 1:22.724,Rachid Taha,4,"loop track stops at 1:24.012 of album track, album track is around 0.050 secs. faster than the recording"
Awakenings,"Caminos, track 6 ",,,,"April 24, 2009 → June 7, 2009",,Food and Wine Festival,Performance Corridor,Food and Wine Festival 2009 [REF],,, 3:17.466,Alturas,6,
Journey,"Journey, track 6 ",,,,"April 24, 2009 → June 7, 2009",,Food and Wine Festival,Performance Corridor,Food and Wine Festival 2009 [REF],,, 3:31.769,Ali Akbar Khan,16,
The Empress,"Music from the Tea Lands, track 9",,,,"April 24, 2009 → June 7, 2009",,Food and Wine Festival,Performance Corridor,Food and Wine Festival 2009 [REF],,, 2:40.288,Ancient Future,11,Playback problem: loop version has a 0.069 sec. silent gap at 1:19.310 and then skips ahead by 1:08.080
 Santa Barbara,"Nights of Fire!, track 1",,,,"April 6, 2010 → May 31, 2010",,Food and Wine Festival,Performance Corridor,Food and Wine Festival 2010,"A preliminary tracklist for the 2010 iteration of the Food and Wine Festival BGM. Tracklist compiled by pixelated a based on his reference recording. See MouseBits, https://forums.mousebits.com/threads/new-bgm-for-disneys-california-food-wine-festival.5312/post-40081. ",57:00.161, 4:35.207,Benise,1,Edited
 The Empress,"Music from the Tea Lands, track 9 ",,,,"April 6, 2010 → May 31, 2010",,Food and Wine Festival,Performance Corridor,Food and Wine Festival 2010,,, 3:50.389,Ancient Future,2,
 All I See Is You,Greatest Hits ,,,,"April 6, 2010 → May 31, 2010",,Food and Wine Festival,Performance Corridor,Food and Wine Festival 2010,,, 3:36.384,Dave Koz,3,
 Morea,"Caminos, track 2 ",,,,"April 6, 2010 → May 31, 2010",,Food and Wine Festival,Performance Corridor,Food and Wine Festival 2010,,, 2:57.014,Alturas,5,
 Caminos,"Caminos, track 1 ",,,,"April 6, 2010 → May 31, 2010",,Food and Wine Festival,Performance Corridor,Food and Wine Festival 2010,,, 3:18.404,Alturas,12,
 Spring of Dream,Freedom ,,,,"April 6, 2010 → May 31, 2010",,Food and Wine Festival,Performance Corridor,Food and Wine Festival 2010,,, 4:44.495,Twelve Girls Band,14,
 Cafe Rio,Full Circle ,,,,"April 6, 2010 → May 31, 2010",,Food and Wine Festival,Performance Corridor,Food and Wine Festival 2010,,, 4:02.991,David Benoit,6,
 Beat Street,Full Circle ,,,,"April 6, 2010 → May 31, 2010",,Food and Wine Festival,Performance Corridor,Food and Wine Festival 2010,,, 4:05.516,David Benoit,13,
 Life In The Fast Lane,Greatest Hits ,,,,"April 6, 2010 → May 31, 2010",,Food and Wine Festival,Performance Corridor,Food and Wine Festival 2010,,, 4:03.304,Dave Koz,11,
 Latin Quarter,Urban Gypsy ,,,,"April 6, 2010 → May 31, 2010",,Food and Wine Festival,Performance Corridor,Food and Wine Festival 2010,,, 4:41.995,Marc Antoine,8,
 Ya Rayah (Party),"The Definitive Collection, track 1",,,,"April 6, 2010 → May 31, 2010",,Food and Wine Festival,Performance Corridor,Food and Wine Festival 2010,,, 1:05.619,Rachid Taha,9,Edited
 Overland Blues,Yoshida Brothers III,,,,"April 6, 2010 → May 31, 2010",,Food and Wine Festival,Performance Corridor,Food and Wine Festival 2010,,, 3:55.615,Yoshida Brothers,4,
 Salsa Salsa,"Nights of Fire!, track 3 ",,,,"April 6, 2010 → May 31, 2010",,Food and Wine Festival,Performance Corridor,Food and Wine Festival 2010,,, 4:13.656,Benise,15,
 Drive Time,The Best of David Benoit 1987-1995 ,,,,"April 6, 2010 → May 31, 2010",,Food and Wine Festival,Performance Corridor,Food and Wine Festival 2010,,, 4:29.327,David Benoit,10,
 Awakenings,"Caminos, track 6 ",,,,"April 6, 2010 → May 31, 2010",,Food and Wine Festival,Performance Corridor,Food and Wine Festival 2010,,, 3:16.643,Alturas,7,
 Big Shot,Global Force ,,,,"April 1, 2016 → May 1, 2016",,Food and Wine Festival,Performance Corridor,Food and Wine Festival 2016,"A preliminary tracklist for the 2016 iteration of the Food and Wine Festival BGM. Tracklist compiled by pixelated based on his reference recording. See MouseBits,  https://forums.mousebits.com/threads/dca-food-and-wine-2017-complete-playlist.9515/.",01:00:57.743, 00:04:19.285,3rd Force,1,
 All I See Is You,Saxophonic ,,,,"April 1, 2016 → May 1, 2016",,Food and Wine Festival,Performance Corridor,Food and Wine Festival 2016,,, 00:03:31.513,Dave Koz,2,Loop track starts 4-5 secs. into the source track.
 Drive Time,Best Of David Benoit 1987-1995 ,,,,"April 1, 2016 → May 1, 2016",,Food and Wine Festival,Performance Corridor,Food and Wine Festival 2016,,, 00:04:28.704,David Benoit,7,
 Cafe Rio,Full Circle ,,,,"April 1, 2016 → May 1, 2016",,Food and Wine Festival,Performance Corridor,Food and Wine Festival 2016,,, 00:04:02.358,David Benoit,3,
 Tuesday Swings,Tuesday Swings ,,,,"April 1, 2016 → May 1, 2016",,Food and Wine Festival,Performance Corridor,Food and Wine Festival 2016,,, 00:05:33.293,Jazz Funk Soul,10,
 Beat Street,Full Circle ,,,,"April 1, 2016 → May 1, 2016",,Food and Wine Festival,Performance Corridor,Food and Wine Festival 2016,,, 00:04:02.848,David Benoit,11,
 Silverado,Silver ,,,,"April 1, 2016 → May 1, 2016",,Food and Wine Festival,Performance Corridor,Food and Wine Festival 2016,,, 00:05:52.514,Fourplay,12,
 Drumline,Drumline ,,,,"April 1, 2016 → May 1, 2016",,Food and Wine Festival,Performance Corridor,Food and Wine Festival 2016,,, 00:04:07.619,Boney James,4,
 A Little Attitude,Futuresoul ,,,,"April 1, 2016 → May 1, 2016",,Food and Wine Festival,Performance Corridor,Food and Wine Festival 2016,,, 00:03:43.882,Boney James,8,Loop track starts 3-5 secs. into the source track.
 We'll Be Together,Global Force ,,,,"April 1, 2016 → May 1, 2016",,Food and Wine Festival,Performance Corridor,Food and Wine Festival 2016,,, 00:04:12.025,3rd Force,14,
 Life In The Fast Lane,Life In The Fast Lane ,,,,"April 1, 2016 → May 1, 2016",,Food and Wine Festival,Performance Corridor,Food and Wine Festival 2016,,, 00:04:02.022,Dave Koz,9,
 Our Thing,More Serious Business ,,,,"April 1, 2016 → May 1, 2016",,Food and Wine Festival,Performance Corridor,Food and Wine Festival 2016,,, 00:03:44.514,Jazz Funk Soul,6,
 You'll Know When You Know,More Serious Business ,,,,"April 1, 2016 → May 1, 2016",,Food and Wine Festival,Performance Corridor,Food and Wine Festival 2016,,, 00:04:36.074,Jazz Funk Soul,13,
 Latin Quarter,Urban Gypsy ,,,,"April 1, 2016 → May 1, 2016",,Food and Wine Festival,Performance Corridor,Food and Wine Festival 2016,,, 00:04:41.084,Marc Antoine,5,
Sunshine,,,,,"March 10, 2017 → April 16, 2017",,Food and Wine Festival,Performance Corridor,"Food and Wine Festival 2017, Food and Wine Festival 2018","A preliminary tracklist for the 2017 and presumably 2018 iteration of the Food and Wine Festival BGM. Tracklist compiled by Castmem928 based on a YouTube video. See MouseBits,  https://forums.mousebits.com/threads/dca-food-and-wine-2017-complete-playlist.9515/.",Unknown,,Matisyahu,1,
California Dreamin,,,,,"March 10, 2017 → April 16, 2017",,Food and Wine Festival,Performance Corridor,"Food and Wine Festival 2017, Food and Wine Festival 2018",,,,Freischwimmer,6,
Con Sabor Latino,,,,,"March 10, 2017 → April 16, 2017",,Food and Wine Festival,Performance Corridor,"Food and Wine Festival 2017, Food and Wine Festival 2018",,,,Poncho Sanchez,2,
The Gateway,,,,,"March 10, 2017 → April 16, 2017",,Food and Wine Festival,Performance Corridor,"Food and Wine Festival 2017, Food and Wine Festival 2018",,,,Red Hot Chili Peppers,13,
Anywhere You Want To Go,,,,,"March 10, 2017 → April 16, 2017",,Food and Wine Festival,Performance Corridor,"Food and Wine Festival 2017, Food and Wine Festival 2018",,,,Santana,7,
Let It Go,,,,,"March 10, 2017 → April 16, 2017",,Food and Wine Festival,Performance Corridor,"Food and Wine Festival 2017, Food and Wine Festival 2018",,,,Dam Funk and Snoop Dogg,9,
The Wire,,,,,"March 10, 2017 → April 16, 2017",,Food and Wine Festival,Performance Corridor,"Food and Wine Festival 2017, Food and Wine Festival 2018",,,,HAIM,15,
Show You The Way,,,,,"March 10, 2017 → April 16, 2017",,Food and Wine Festival,Performance Corridor,"Food and Wine Festival 2017, Food and Wine Festival 2018",,,,Thundercat featuring Michael McDonald and Kenny Loggins,4,
California,,,,,"March 10, 2017 → April 16, 2017",,Food and Wine Festival,Performance Corridor,"Food and Wine Festival 2017, Food and Wine Festival 2018",,,,Laurie Antonioli,3,
Sunshine,,,,,"March 10, 2017 → April 16, 2017",,Food and Wine Festival,Performance Corridor,"Food and Wine Festival 2017, Food and Wine Festival 2018",,,,Powers,8,
Queen Of California,,,,,"March 10, 2017 → April 16, 2017",,Food and Wine Festival,Performance Corridor,"Food and Wine Festival 2017, Food and Wine Festival 2018",,,,John Mayer,14,
Where Would I Be?,,,,,"March 10, 2017 → April 16, 2017",,Food and Wine Festival,Performance Corridor,"Food and Wine Festival 2017, Food and Wine Festival 2018",,,,Gwen Stefani,11,
Do You Know The Way To San Jose,My Friends & Me (2006),,,,"March 10, 2017 → April 16, 2017",,Food and Wine Festival,Performance Corridor,"Food and Wine Festival 2017, Food and Wine Festival 2018",,,,Celia Cruz and Dionne Warwick,10,
Oakland Zone,,,,,"March 10, 2017 → April 16, 2017",,Food and Wine Festival,Performance Corridor,"Food and Wine Festival 2017, Food and Wine Festival 2018",,,,Tower of Power,12,
Porquito Para Aqui,,,,,"March 10, 2017 → April 16, 2017",,Food and Wine Festival,Performance Corridor,"Food and Wine Festival 2017, Food and Wine Festival 2018",,,,Los Lobos,5,
California,"Songs of Shadow, Songs of Light ",,,,"March 1, 2019 → April 23, 2019",,Food and Wine Festival,Performance Corridor,Food and Wine Festival 2019,,,03:46.6,Laurie Antonioli,9,Edited 0:00-3:46
Sunshine,Spark Seeker,,,,"March 1, 2019 → April 23, 2019",,Food and Wine Festival,Performance Corridor,Food and Wine Festival 2019,,,03:32.8,Matisyahu,7,
The Wire,Days Are Gone,,,,"March 1, 2019 → April 23, 2019",,Food and Wine Festival,Performance Corridor,Food and Wine Festival 2019,,,03:34.4,HAIM,6,Edited 0:00-3:39
Do You Know The Way To San Jose,My Friends & Me,,,,"March 1, 2019 → April 23, 2019",,Food and Wine Festival,Performance Corridor,Food and Wine Festival 2019,"A preliminary tracklist for the 2019 iteration of the Food and Wine Festival BGM. Tracklist compiled by pixelated based on his reference induction recording. See MouseBits,  https://forums.mousebits.com/threads/dca-food-and-wine-festival-loop-track-list-2019.10184/.",00:58:09.271,04:02.3,Dionne Warwick & Celia Cruz,1,Edited 0:00-4:03
The Getaway,The Getaway,,,,"March 1, 2019 → April 23, 2019",,Food and Wine Festival,Performance Corridor,Food and Wine Festival 2019,,,04:08.6,Red Hot Chili Peppers,4,
Show You The Way,Drunk,,,,"March 1, 2019 → April 23, 2019",,Food and Wine Festival,Performance Corridor,Food and Wine Festival 2019,,,03:15.4,"Thundercat Featuring Flying Lotus, Michael McDonald & Kenny Loggins",10,Edited 0:00-3:16
Oakland Zone,Oakland Zone,,,,"March 1, 2019 → April 23, 2019",,Food and Wine Festival,Performance Corridor,Food and Wine Festival 2019,,,04:46.1,Tower Of Power,3,
California Dreamin’ [Radio Edit],California Dreamin [Single],,,,"March 1, 2019 → April 23, 2019",,Food and Wine Festival,Performance Corridor,Food and Wine Festival 2019,,,03:26.4,Freischwimmer,12,
Poquito Para Aqui,Gates Of Gold,,,,"March 1, 2019 → April 23, 2019",,Food and Wine Festival,Performance Corridor,Food and Wine Festival 2019,,,03:49.5,Los Lobos,11,
Let It Go,7 Days Of Funk,,,,"March 1, 2019 → April 23, 2019",,Food and Wine Festival,Performance Corridor,Food and Wine Festival 2019,,,04:17.8,7 Days Of Funk,15,Edited 0:00-4:15
Sunshine,Sunshine [Single],,,,"March 1, 2019 → April 23, 2019",,Food and Wine Festival,Performance Corridor,Food and Wine Festival 2019,,,04:11.1,POWERS,14,Edited 0:01-End
Queen Of California,Born And Raised,,,,"March 1, 2019 → April 23, 2019",,Food and Wine Festival,Performance Corridor,Food and Wine Festival 2019,,,03:49.4,John Mayer,5,Edited 0:00-3:43
Anywhere You Want To Go,Santana IV,,,,"March 1, 2019 → April 23, 2019",,Food and Wine Festival,Performance Corridor,Food and Wine Festival 2019,,,03:36.0,Santana,13,Edited 0:26-3:55
Con Sabor Latino,Psychedelic Blues,,,,"March 1, 2019 → April 23, 2019",,Food and Wine Festival,Performance Corridor,Food and Wine Festival 2019,,,04:38.9,Poncho Sanchez,8,
Where Would I Be?,This Is What The Truth Feels Like,,,,"March 1, 2019 → April 23, 2019",,Food and Wine Festival,Performance Corridor,Food and Wine Festival 2019,,,03:13.7,Gwen Stefani,2,Follows silent gap of 00:00.2 seconds
Do You Know The Way To San Jose,My Friends & Me,,,,"February 28, 2020 → March 16, 2020",,Food and Wine Festival,Performance Corridor,"Food and Wine Festival 2020, Food and Wine Festival 2022, Food and Wine Festival 2023","This is a preliminary tracklist for the 2020-2023 Food and Wine Festival loop. Tracklist compiled by Pixelated and junglecskipper based on a reference recording by pixelated. 15 tracks were added to the end of the 2019 F&W Loop similar to what was done to the Festival of Holidays loop in 2017. See Mousebits, https://forums.mousebits.com/threads/dca-food-and-wine-festival-2020-bgm.10291/.",01:43:06.427,00:04:02.022,Dionne Warwick & Celia Cruz,1,
"Land of 1000 Dances (featuring Glove
  & Chali 2na)",G. Love & Special Sauce,,,,"February 28, 2020 → March 16, 2020",,Food and Wine Festival,Performance Corridor,"Food and Wine Festival 2020, Food and Wine Festival 2022, Food and Wine Festival 2023",,,00:03:05.144,Ozomatli,23,Edited 0:02-End
Poquito Para Aqui,Gates Of Gold,,,,"February 28, 2020 → March 16, 2020",,Food and Wine Festival,Performance Corridor,"Food and Wine Festival 2020, Food and Wine Festival 2022, Food and Wine Festival 2023",,,00:03:49.349,Los Lobos,11,
Breaking Down the Door (featuring Buika),Africa Speaks,,,,"February 28, 2020 → March 16, 2020",,Food and Wine Festival,Performance Corridor,"Food and Wine Festival 2020, Food and Wine Festival 2022, Food and Wine Festival 2023",,,00:04:26.952,Santana,19,
The Getaway,The Getaway,,,,"February 28, 2020 → March 16, 2020",,Food and Wine Festival,Performance Corridor,"Food and Wine Festival 2020, Food and Wine Festival 2022, Food and Wine Festival 2023",,,00:04:08.705,Red Hot Chili Peppers,4,
Where Would I Be?,This Is What The Truth Feels Like,,,,"February 28, 2020 → March 16, 2020",,Food and Wine Festival,Performance Corridor,"Food and Wine Festival 2020, Food and Wine Festival 2022, Food and Wine Festival 2023",,,00:03:13.910,Gwen Stefani,2,
West Coast Poplock,Low Rider Magazine Soundtrack Vol. 2,,,,"February 28, 2020 → March 16, 2020",,Food and Wine Festival,Performance Corridor,"Food and Wine Festival 2020, Food and Wine Festival 2022, Food and Wine Festival 2023",,,00:02:25.072,Ronnie Hudson & the Street People,22,Edited 0:06-2:27
Oakland Zone,Oakland Zone,,,,"February 28, 2020 → March 16, 2020",,Food and Wine Festival,Performance Corridor,"Food and Wine Festival 2020, Food and Wine Festival 2022, Food and Wine Festival 2023",,,00:04:44.943,Tower of Power,3,
California Soul [Diplo Remix],Verve Remixed,,,,"February 28, 2020 → March 16, 2020",,Food and Wine Festival,Performance Corridor,"Food and Wine Festival 2020, Food and Wine Festival 2022, Food and Wine Festival 2023",,,00:01:55.622,"Diplo, Marlena Shaw",18,Edited 1:52-3:45
Settle Down (So Shifty Remix),Settle Down,,,,"February 28, 2020 → March 16, 2020",,Food and Wine Festival,Performance Corridor,"Food and Wine Festival 2020, Food and Wine Festival 2022, Food and Wine Festival 2023",,,00:03:37.503,No Doubt,26,
Show You The Way,Drunk,,,,"February 28, 2020 → March 16, 2020",,Food and Wine Festival,Performance Corridor,"Food and Wine Festival 2020, Food and Wine Festival 2022, Food and Wine Festival 2023",,,00:03:15.271,Thundercat,10,Edited 0:00-3:16
California Dreamin’ [Radio Edit],California Dreamin [Single],,,,"February 28, 2020 → March 16, 2020",,Food and Wine Festival,Performance Corridor,"Food and Wine Festival 2020, Food and Wine Festival 2022, Food and Wine Festival 2023",,,00:03:26.267,Freischwimmer,12,
Questions (Feat. Jakob Dylan & Eric Clapton),Echo in the Canyon OST,,,,"February 28, 2020 → March 16, 2020",,Food and Wine Festival,Performance Corridor,"Food and Wine Festival 2020, Food and Wine Festival 2022, Food and Wine Festival 2023",,,00:03:12.211,"Jakob Dylan, Eric Clapton",28,
Let It Go,7 Days Of Funk,,,,"February 28, 2020 → March 16, 2020",,Food and Wine Festival,Performance Corridor,"Food and Wine Festival 2020, Food and Wine Festival 2022, Food and Wine Festival 2023",,,00:04:16.914,7 Days of Funk,15,Edited 0:00-4:15
Sunshine,Sunshine [Single],,,,"February 28, 2020 → March 16, 2020",,Food and Wine Festival,Performance Corridor,"Food and Wine Festival 2020, Food and Wine Festival 2022, Food and Wine Festival 2023",,,00:04:10.995,POWERS,14,Edited 0:01-End
"California Love (featuring Roger Troutman, Dr. Dre)",2Pac’s Greatest Hits,,,,"February 28, 2020 → March 16, 2020",,Food and Wine Festival,Performance Corridor,"Food and Wine Festival 2020, Food and Wine Festival 2022, Food and Wine Festival 2023",,,00:00:41.963,2Pac,21,Edited 0:00-0:43
West Coast Love,The Juice: Vol 2,,,,"February 28, 2020 → March 16, 2020",,Food and Wine Festival,Performance Corridor,"Food and Wine Festival 2020, Food and Wine Festival 2022, Food and Wine Festival 2023",,,00:03:32.075,Emotional Oranges,25,
California,"Songs of Shadow, Songs of Light ",,,,"February 28, 2020 → March 16, 2020",,Food and Wine Festival,Performance Corridor,"Food and Wine Festival 2020, Food and Wine Festival 2022, Food and Wine Festival 2023",,,00:03:46.357,Laurie Antonioli,9,Edited 0:00-3:46
The Wire,Days Are Gone,,,,"February 28, 2020 → March 16, 2020",,Food and Wine Festival,Performance Corridor,"Food and Wine Festival 2020, Food and Wine Festival 2022, Food and Wine Festival 2023",,,00:03:34.112,HAIM,6,Edited 0:00-3:39
Malibu,Younger Now,,,,"February 28, 2020 → March 16, 2020",,Food and Wine Festival,Performance Corridor,"Food and Wine Festival 2020, Food and Wine Festival 2022, Food and Wine Festival 2023",,,00:03:43.628,Miley Cyrus,29,
Then There Were Two,Spies in Disguise,,,,"February 28, 2020 → March 16, 2020",,Food and Wine Festival,Performance Corridor,"Food and Wine Festival 2020, Food and Wine Festival 2022, Food and Wine Festival 2023",,,00:02:29.186,"Mark Ronson, Anderson .Paak",30,
Queen of California,Born And Raised,,,,"February 28, 2020 → March 16, 2020",,Food and Wine Festival,Performance Corridor,"Food and Wine Festival 2020, Food and Wine Festival 2022, Food and Wine Festival 2023",,,00:03:49.731,John Mayer,5,Edited 0:00-3:43
California,Delta Spirit,,,,"February 28, 2020 → March 16, 2020",,Food and Wine Festival,Performance Corridor,"Food and Wine Festival 2020, Food and Wine Festival 2022, Food and Wine Festival 2023",,,00:03:17.195,Delta Spirit,20,
Con Sabor Latino,Psychedelic Blues,,,,"February 28, 2020 → March 16, 2020",,Food and Wine Festival,Performance Corridor,"Food and Wine Festival 2020, Food and Wine Festival 2022, Food and Wine Festival 2023",,,00:04:38.755,Poncho Sanchez,8,
California,Did it for the Party,,,,"February 28, 2020 → March 16, 2020",,Food and Wine Festival,Performance Corridor,"Food and Wine Festival 2020, Food and Wine Festival 2022, Food and Wine Festival 2023",,,00:03:17.422,Big & Rich,24,
Sunshine,Spark Seeker,,,,"February 28, 2020 → March 16, 2020",,Food and Wine Festival,Performance Corridor,"Food and Wine Festival 2020, Food and Wine Festival 2022, Food and Wine Festival 2023",,,00:03:32.790,Matisyahu,7,
Uneventful Days (St. Vincent Remix),Uneventful Days (St. Vincent Remix),,,,"February 28, 2020 → March 16, 2020",,Food and Wine Festival,Performance Corridor,"Food and Wine Festival 2020, Food and Wine Festival 2022, Food and Wine Festival 2023",,,00:02:51.610,"Beck, St. Vincent",27,
La Bamba,La Bamba [Single],,,,"February 28, 2020 → March 16, 2020",,Food and Wine Festival,Performance Corridor,"Food and Wine Festival 2020, Food and Wine Festival 2022, Food and Wine Festival 2023",,,00:03:03.316,Ozomatli,17,
Anywhere You Want To Go,Santana IV,,,,"February 28, 2020 → March 16, 2020",,Food and Wine Festival,Performance Corridor,"Food and Wine Festival 2020, Food and Wine Festival 2022, Food and Wine Festival 2023",,,00:03:35.849,Santana,13,Edited 0:26-3:55
101,101,,,,"February 28, 2020 → March 16, 2020",,Food and Wine Festival,Performance Corridor,"Food and Wine Festival 2020, Food and Wine Festival 2022, Food and Wine Festival 2023",,,00:03:21.185,Walla,16,Alt source: 101 - HØØNCH - Audio Paradiso (Unverified as to which is the true source)
Immortals,,,,,"March 18, 2021 → April 5, 2021",,A Touch of Disney,Performance Corridor,A Touch of Disney v.2,"This was the second version of the “A Touch of Disney” event loop, which had several songs added to the original loop on the same day of the event debut. This was a limited-time ticketed event held in March and April 2021 that allowed walking access to much of the Disney California Adventure park while the parks remained closed due to the pandemic. This version was compiled by elecTRONrabbit on the Mousecord discord server.","~3 hours and 5 minutes w/o announcements
",,Fall Out Boy,1,
Main Title Sequence / Winnie the Pooh,,,,,"March 18, 2021 → April 5, 2021",,A Touch of Disney,Performance Corridor,A Touch of Disney v.2,,,,Zooey Deschanel & M. Ward,23,
"It's All Right (feat. Celeste) [From ""Soul""/ Duet Version]",,,,,"March 18, 2021 → April 5, 2021",,A Touch of Disney,Performance Corridor,A Touch of Disney v.2,,,,Jon Batiste,55,
A Dream Is a Wish Your Heart Makes,,,,,"March 18, 2021 → April 5, 2021",,A Touch of Disney,Performance Corridor,A Touch of Disney v.2,,,,Disney Channel Stars,26,
I2I,,,,,"March 18, 2021 → April 5, 2021",,A Touch of Disney,Performance Corridor,A Touch of Disney v.2,,,,DCappella,47,
"The Rainbow Connection (From ""The Muppet Movie"")",,,,,"March 18, 2021 → April 5, 2021",,A Touch of Disney,Performance Corridor,A Touch of Disney v.2,,,,Gwen Stefani,58,
"Zero To Hero (From ""Hercules"")",,,,,"March 18, 2021 → April 5, 2021",,A Touch of Disney,Performance Corridor,A Touch of Disney v.2,,,,Ariana Grande,45,
A Dream Is a Wish (Reggae Version),,,,,"March 18, 2021 → April 5, 2021",,A Touch of Disney,Performance Corridor,A Touch of Disney v.2,,,,Shyam Moses,50,
True to Your Heart,,,,,"March 18, 2021 → April 5, 2021",,A Touch of Disney,Performance Corridor,A Touch of Disney v.2,,,,The Wailing Souls,18,
I Wan'na Be Like You,,,,,"March 18, 2021 → April 5, 2021",,A Touch of Disney,Performance Corridor,A Touch of Disney v.2,,,,Imagination Movers,44,
Dig a Little Deeper,,,,,"March 18, 2021 → April 5, 2021",,A Touch of Disney,Performance Corridor,A Touch of Disney v.2,,,,China Anne McClain,33,
F¤rger I En Vind,,,,,"March 18, 2021 → April 5, 2021",,A Touch of Disney,Performance Corridor,A Touch of Disney v.2,,,,Julia Adams,8,
Who's Afraid of the Big Bad Wolf,,,,,"March 18, 2021 → April 5, 2021",,A Touch of Disney,Performance Corridor,A Touch of Disney v.2,,,,The Circle Session Players,21,
Go the Distance,,,,,"March 18, 2021 → April 5, 2021",,A Touch of Disney,Performance Corridor,A Touch of Disney v.2,,,,Lucas Grabeel,12,
The Tiki Tiki Tiki Room,,,,,"March 18, 2021 → April 5, 2021",,A Touch of Disney,Performance Corridor,A Touch of Disney v.2,,,,Los Lobos,38,
Trust In Me,,,,,"March 18, 2021 → April 5, 2021",,A Touch of Disney,Performance Corridor,A Touch of Disney v.2,,,,Selena Gomez,28,
Be Our Guest,,,,,"March 18, 2021 → April 5, 2021",,A Touch of Disney,Performance Corridor,A Touch of Disney v.2,,,,"Mitchell Hope, Spencer Lee, Kala Balch & Marco Marinangeli",13,
There's a Great Big Beautiful Tomorrow,,,,,"March 18, 2021 → April 5, 2021",,A Touch of Disney,Performance Corridor,A Touch of Disney v.2,,,,They Might Be Giants,57,
La vita a New Orleans,,,,,"March 18, 2021 → April 5, 2021",,A Touch of Disney,Performance Corridor,A Touch of Disney v.2,,,,Sergio Cammariere,10,
Supercalifragilisticoespialidoso,,,,,"March 18, 2021 → April 5, 2021",,A Touch of Disney,Performance Corridor,A Touch of Disney v.2,,,,La Santa Cecilia,51,
Heigh-Ho,,,,,"March 18, 2021 → April 5, 2021",,A Touch of Disney,Performance Corridor,A Touch of Disney v.2,,,,Los Lobos,41,
You've Got a Friend In Me,,,,,"March 18, 2021 → April 5, 2021",,A Touch of Disney,Performance Corridor,A Touch of Disney v.2,,,,The Circle Session Players,19,
You've Got a Friend in Me,,,,,"March 18, 2021 → April 5, 2021",,A Touch of Disney,Performance Corridor,A Touch of Disney v.2,,,,Jordan Fisher & Olivia Holt,46,
Si Humano Fuera Ya,,,,,"March 18, 2021 → April 5, 2021",,A Touch of Disney,Performance Corridor,A Touch of Disney v.2,,,,"King Africa (Claudio Gustavo Duffy), Alex Ubago & Chila Lynn",11,
"Remember Me (feat. Natalia Lafourcade) [From ""Coco""] (Steerner
  Remix)",,,,,"March 18, 2021 → April 5, 2021",,A Touch of Disney,Performance Corridor,A Touch of Disney v.2,,,,Miguel,14,
How Far I'll Go,,,,,"March 18, 2021 → April 5, 2021",,A Touch of Disney,Performance Corridor,A Touch of Disney v.2,,,,DCappella,40,
"Friend Like Me (From ""Aladdin"")",,,,,"March 18, 2021 → April 5, 2021",,A Touch of Disney,Performance Corridor,A Touch of Disney v.2,,,,Ne-Yo,42,
The Second Star to the Right,,,,,"March 18, 2021 → April 5, 2021",,A Touch of Disney,Performance Corridor,A Touch of Disney v.2,,,,T-Squad,15,
Circle of Life (Remix),,,,,"March 18, 2021 → April 5, 2021",,A Touch of Disney,Performance Corridor,A Touch of Disney v.2,,,,Disney Channel Circle of Stars,37,
When You Wish Upon a Star,,,,,"March 18, 2021 → April 5, 2021",,A Touch of Disney,Performance Corridor,A Touch of Disney v.2,,,,Glenn Miller,48,
Reflection,,,,,"March 18, 2021 → April 5, 2021",,A Touch of Disney,Performance Corridor,A Touch of Disney v.2,,,,Everlife,4,
I'm Your Girl (From Descendants: Wicked World),,,,,"March 18, 2021 → April 5, 2021",,A Touch of Disney,Performance Corridor,A Touch of Disney v.2,,,,Dove Cameron & Sofia Carson,36,
Bajo El Mar,,,,,"March 18, 2021 → April 5, 2021",,A Touch of Disney,Performance Corridor,A Touch of Disney v.2,,,,Alejandro Sanz,54,
It's a Small World,,,,,"March 18, 2021 → April 5, 2021",,A Touch of Disney,Performance Corridor,A Touch of Disney v.2,,,,We Love Disney Artists,49,
Sl¥ Dig Fri,,,,,"March 18, 2021 → April 5, 2021",,A Touch of Disney,Performance Corridor,A Touch of Disney v.2,,,,Kamferdrops,17,
What We Got (Mickey's Birthday Song) [Alex Ghenea Remix],,,,,"March 18, 2021 → April 5, 2021",,A Touch of Disney,Performance Corridor,A Touch of Disney v.2,,,,Tony Ferrari,22,
I Wan'na Be Like You (The Monkey Song),,,,,"March 18, 2021 → April 5, 2021",,A Touch of Disney,Performance Corridor,A Touch of Disney v.2,,,,DCappella,53,
Get'cha Head in the Game,,,,,"March 18, 2021 → April 5, 2021",,A Touch of Disney,Performance Corridor,A Touch of Disney v.2,,,,DCappella,34,
Good to Be Bad,,,,,"March 18, 2021 → April 5, 2021",,A Touch of Disney,Performance Corridor,A Touch of Disney v.2,,,,"Dove Cameron, Sofia Carson, Booboo Stewart, Cameron Boyce, Jadah Marie & Anna Cathcart",3,
"Try Everything (From ""Zootropolis"")",,,,,"March 18, 2021 → April 5, 2021",,A Touch of Disney,Performance Corridor,A Touch of Disney v.2,,,,Shakira,30,
Cruella de Vil,,,,,"March 18, 2021 → April 5, 2021",,A Touch of Disney,Performance Corridor,A Touch of Disney v.2,,,,Los Lobos,56,
Todos Quieren Ser Un Gato Jazz,,,,,"March 18, 2021 → April 5, 2021",,A Touch of Disney,Performance Corridor,A Touch of Disney v.2,,,,"Esteman, Caloncho & Mon Laferte",39,
The Bare Necessities,,,,,"March 18, 2021 → April 5, 2021",,A Touch of Disney,Performance Corridor,A Touch of Disney v.2,,,,Dr. John & The Nite Trippers,43,
Heigh-Ho (The Dwarf's Marching Song),,,,,"March 18, 2021 → April 5, 2021",,A Touch of Disney,Performance Corridor,A Touch of Disney v.2,,,,Louis Armstrong,29,
Ever Ever After,,,,,"March 18, 2021 → April 5, 2021",,A Touch of Disney,Performance Corridor,A Touch of Disney v.2,,,,Jordan Pruitt,9,
A Whole New World,,,,,"March 18, 2021 → April 5, 2021",,A Touch of Disney,Performance Corridor,A Touch of Disney v.2,,,,Collin Raye,16,
In This Place,,,,,"March 18, 2021 → April 5, 2021",,A Touch of Disney,Performance Corridor,A Touch of Disney v.2,,,,SVEA,7,
Kiss the Girl,,,,,"March 18, 2021 → April 5, 2021",,A Touch of Disney,Performance Corridor,A Touch of Disney v.2,,,,DCappella,6,
Grim Grinning Ghosts,,,,,"March 18, 2021 → April 5, 2021",,A Touch of Disney,Performance Corridor,A Touch of Disney v.2,,,,Los Lobos,35,
Ev'rybody Wants to Be a Cat,,,,,"March 18, 2021 → April 5, 2021",,A Touch of Disney,Performance Corridor,A Touch of Disney v.2,,,,Michael G & The Easy Star All-Stars,27,
Part of Your World,,,,,"March 18, 2021 → April 5, 2021",,A Touch of Disney,Performance Corridor,A Touch of Disney v.2,,,,Jessica Simpson,5,
"A Spoonful of Sugar (From ""Mary Poppins"")",,,,,"March 18, 2021 → April 5, 2021",,A Touch of Disney,Performance Corridor,A Touch of Disney v.2,,,,Kacey Musgraves,31,
"Two Worlds (From ""Tarzan"")",,,,,"March 18, 2021 → April 5, 2021",,A Touch of Disney,Performance Corridor,A Touch of Disney v.2,,,,Andreas Wijk,24,
"Let It Go (From ""Frozen"")",,,,,"March 18, 2021 → April 5, 2021",,A Touch of Disney,Performance Corridor,A Touch of Disney v.2,,,,Rascal Flatts & Lucy Hale,52,
You Can Fly! You Can Fly! You Can Fly!,,,,,"March 18, 2021 → April 5, 2021",,A Touch of Disney,Performance Corridor,A Touch of Disney v.2,,,,The Circle Session Players,20,
Under the Sea,,,,,"March 18, 2021 → April 5, 2021",,A Touch of Disney,Performance Corridor,A Touch of Disney v.2,,,,Squirrel Nut Zippers,32,
When She Loved Me,,,,,"March 18, 2021 → April 5, 2021",,A Touch of Disney,Performance Corridor,A Touch of Disney v.2,,,,Bridgit Mendler,2,
So This Is Love,,,,,"March 18, 2021 → April 5, 2021",,A Touch of Disney,Performance Corridor,A Touch of Disney v.2,,,,The Cheetah Girls,25,
The Sorcerer’s Apprentice,Fantasia 2000,,,,"February 8, 2001",,,"Hollywood Land, Hollywood Pictures Backlot",Sorcerer's Workshop: Magic Mirror Realm,This loop plays in the first room of the Sorcerer’s Workshop in the Animation Building. Verified by SSrustworthy via reference recording.,6:10.748,,The Philadelphia Orchestra,1,Edited
The Flik Machine,a bug’s life OST,,,,"October 7, 2002 → September 4, 2018",,,"""a bug's land""",Flik's Flyers,"This track played as onride music for the Flik’s Flyers attraction. It was introduced with the opening of Cars Land on June 13, 2012.  It is only audible during the ride duration. Track edits confirmed by SSrustworthy based on a reference recording by pixelated. See MouseBits, https://mousebits.com/smf/index.php?topic=10829.msg98914#msg98914 (2022).","00:01:24.553 (with narration);
00:01:21.625 (music-only)",,Randy Newman,1,"Edited; the attraction plays most of the latter half of the soundtrack version of Flik's Machine, starting from 00:01:25:685. The attraction version is only slightly edited, editing out a portion from ~2:40 to 2:44 of the album track. "
Fashionette,Down Peacock Alley,,,,"May 18, 2011",Golden Vine Winery,,Golden State,Blue Sky Cellar v.4,"This loop was the fourth version of the Blue Sky Cellar BGM, which debuted on May 18, 2011. Playlist compiled by wedroy1923 based on a reference recording by pixelated. See MouseBits, https://mousebits.com/smf/index.php?topic=7842.msg69946#msg69946.",00:50:33,,Palm Court Theatre Orchestra,1,
The Chrysanthemum,Scott Joplin: The Red Back Book,,,,"May 18, 2011",Golden Vine Winery,,Golden State,Blue Sky Cellar v.4,,,,New England Ragtime Ensemble,5,
Wien Bleibt Wien,Orient Express,,,,"May 18, 2011",Golden Vine Winery,,Golden State,Blue Sky Cellar v.4,,,,I Salonisti,3,
Fragrance,Salon to Swing,,,,"May 18, 2011",Golden Vine Winery,,Golden State,Blue Sky Cellar v.4,,,,Palm Court Theatre Orchestra,6,
Ariel's Undersea Adventure Queue Music,,,,,"May 18, 2011",Golden Vine Winery,,Golden State,Blue Sky Cellar v.4,,,,,4,
The Nonpareil,Scott Joplin: The Red Back Book,,,,"May 18, 2011",Golden Vine Winery,,Golden State,Blue Sky Cellar v.4,,,,Southland Stingers,2,
Main Titles,The Little Mermaid Motion Picture Soundtrack,,,,"May 18, 2011",Golden Vine Winery,,Golden State,Blue Sky Cellar v.4,,,,Alan Menken,10,
La Petite Tonkinoise,Down Peacock Alley,,,,"May 18, 2011",Golden Vine Winery,,Golden State,Blue Sky Cellar v.4,,,,Palm Court Theatre Orchestra,9,
Tell Her at Twilight,Down Peacock Alley,,,,"May 18, 2011",Golden Vine Winery,,Golden State,Blue Sky Cellar v.4,,,,Palm Court Theatre Orchestra,8,
"Oh, You Beautiful Doll",Titanic: Music Heard on the Fateful Voyage,,,,"May 18, 2011",Golden Vine Winery,,Golden State,Blue Sky Cellar v.4,,,,Ian Whitcomb,7,
Jig,The Little Mermaid Motion Picture Soundtrack,,,,"May 18, 2011",Golden Vine Winery,,Golden State,Blue Sky Cellar v.4,,,,Alan Menken,14,
Wedding Announcement,The Little Mermaid Motion Picture Soundtrack,,,,"May 18, 2011",Golden Vine Winery,,Golden State,Blue Sky Cellar v.4,,,,Alan Menken,12,
Fanfare,The Little Mermaid Motion Picture Soundtrack,,,,"May 18, 2011",Golden Vine Winery,,Golden State,Blue Sky Cellar v.4,,,,Alan Menken,11,
Fireworks,The Little Mermaid Motion Picture Soundtrack,,,,"May 18, 2011",Golden Vine Winery,,Golden State,Blue Sky Cellar v.4,,,,Alan Menken,13,
Bedtime,The Little Mermaid Motion Picture Soundtrack,,,,"May 18, 2011",Golden Vine Winery,,Golden State,Blue Sky Cellar v.4,,,,Alan Menken,16,
Tour of the Kingdom,The Little Mermaid Motion Picture Soundtrack,,,,"May 18, 2011",Golden Vine Winery,,Golden State,Blue Sky Cellar v.4,,,,Alan Menken,15,
Happy Ending,The Little Mermaid Motion Picture Soundtrack,,,,"May 18, 2011",Golden Vine Winery,,Golden State,Blue Sky Cellar v.4,,,,Alan Menken,17,
On the Level You're a Little Devil,On the Boardwalk,,,,"May 18, 2011",Golden Vine Winery,,Golden State,Blue Sky Cellar v.4,,,,Paragon Ragtime Orchestra,18,
"Avengers Campus: Welcome Recruits (From ""Avengers Campus"")","Avengers Campus: Welcome Recruits (From ""Avengers Campus"")",,,,,,,Avengers Campus,Avengers Campus,"This loop is a synchronized theme that plays in several areas throughout Avengers Campus. The various versions feature different instrumentation. These play separately in the following areas: 
-Avengers Campus Entrance
-Avengers Campus Central Loop A
-Avengers Campus Central Loop B
-Avengers Campus Central Loop C
-WEB SLINGERS Outdoor Queue
-PYM Test Kitchen Loop
-Doctor Strange Ancient Sanctum Loop
-Guardians of the Galaxy Outdoor Queue
The entrance version was released by WDI through Theme Park Productions. See MouseBits, https://mousebits.com/smf/index.php?topic=10661.msg98091#msg98091 (2022).",,11:55,Avengers Campus Orchestra,1,
Muy Tranquilo,Street Bangerz Vol. 3,,,,,,,Pixar Pier,Lamplight Lounge [INC],,,,Gramatik,,Unknown location in loop
Zip-a-dee-doo-dah,Disneyland Forever,,,,"January 1, 2013",,,Pacific Wharf,Blue Sky Cellar v.8 [REF],"This loop was the eighth version of the Blue Sky Cellar BGM for the Fantasy Faire exhibit. Playlist based on a reference recording by pixelated and compiled by RocketRodsXPR and wedroy1923. See MouseBits, https://mousebits.com/smf/index.php?topic=6732.msg70127#msg70127 and https://mousebits.com/smf/index.php?topic=7842.msg69947#msg69947 (2013).",Unknown,,"Disney Gallery, 1994",1,
Give a Little Whistle,Disneyland Forever,,,,"January 1, 2013",,,Pacific Wharf,Blue Sky Cellar v.8 [REF],,,,"Disney Gallery, 1994",3,
I'm Late,Disneyland Forever,,,,"January 1, 2013",,,Pacific Wharf,Blue Sky Cellar v.8 [REF],,,,"Disney Gallery, 1994",2,
A Dream is a Wish Your Heart Makes,,,,,"January 1, 2013",,,Pacific Wharf,Blue Sky Cellar v.8 [REF],,,,Royal Philharmonic Orchestra,4,
I Wonder,Disneyland Forever,,,,"January 1, 2013",,,Pacific Wharf,Blue Sky Cellar v.8 [REF],,,,"Disney Gallery, 1994",8,
Bibbidi Bobbidi Boo,Disney's Delightful Piano Melody,,,,"January 1, 2013",,,Pacific Wharf,Blue Sky Cellar v.8 [REF],,,,Kentaro Haneda,10,
The Princess Diaries Waltz,The Princess Diaries Score,,,,"January 1, 2013",,,Pacific Wharf,Blue Sky Cellar v.8 [REF],,,,John Debney,11,
Belle,Disneyland Forever,,,,"January 1, 2013",,,Pacific Wharf,Blue Sky Cellar v.8 [REF],,,,"Disney Gallery, 1994",7,
Ev'rybody Has a Laughing Place,Disneyland Forever,,,,"January 1, 2013",,,Pacific Wharf,Blue Sky Cellar v.8 [REF],,,,"Disney Gallery, 1994",9,
When You Wish Upon a Star,Just the Music Volume 1,,,,"January 1, 2013",,,Pacific Wharf,Blue Sky Cellar v.8 [REF],,,,,12,
Heigh Ho,,,,,"January 1, 2013",,,Pacific Wharf,Blue Sky Cellar v.8 [REF],,,,,6,
The Work Song,Disneyland Forever,,,,"January 1, 2013",,,Pacific Wharf,Blue Sky Cellar v.8 [REF],,,,"Disney Gallery, 1994",5,
You Can Fly,Disneyland Forever,,,,"January 1, 2013",,,Pacific Wharf,Blue Sky Cellar v.8 [REF],,,,"Disney Gallery, 1994",17,
Unknown,,,,,"January 1, 2013",,,Pacific Wharf,Blue Sky Cellar v.8 [REF],,,,,13,
Unknown,,,,,"January 1, 2013",,,Pacific Wharf,Blue Sky Cellar v.8 [REF],,,,,15,
I'm Wishing,Disneyland Forever,,,,"January 1, 2013",,,Pacific Wharf,Blue Sky Cellar v.8 [REF],,,,"Disney Gallery, 1994",16,
So This is Love (Waltz),Disney's Cinderella [1995],,,,"January 1, 2013",,,Pacific Wharf,Blue Sky Cellar v.8 [REF],,,,,14,
Hans Vonk & the Bavarian Radio Symphony Orchestra,Masters of Classical Music Vol. 6: Tchaikovsky,,,,"January 1, 2013",,,Pacific Wharf,Blue Sky Cellar v.8 [REF],,,,,19,
Hail to the Princess Aurora (Instrumental),Sleeping Beauty Motion Picture Soundtrack,,,,"January 1, 2013",,,Pacific Wharf,Blue Sky Cellar v.8 [REF],,,,,22,
"Bourrée (from Handel's Water Music, Suite in D Major)",Water Music,,,,"January 1, 2013",,,Pacific Wharf,Blue Sky Cellar v.8 [REF],,,,The English Concert with Trevor Pinnock,21,
"Intradas for Trumpets, Horns, & Timpani",Music for Ceremony and Celebration,,,,"January 1, 2013",,,Pacific Wharf,Blue Sky Cellar v.8 [REF],,,,Richard Giangiulio & the Dallas Symphony Brass and Percussion,18,
Tour of the Kingdom,Little Mermaid Motion Picture Soundtrack,,,,"January 1, 2013",,,Pacific Wharf,Blue Sky Cellar v.8 [REF],,,,,20,
Unknown,,,,,"January 1, 2013",,,Pacific Wharf,Blue Sky Cellar v.8 [REF],,,,,23,
I'm Wishing,Disneyland Forever,,,,"January 1, 2013",,,Pacific Wharf,Blue Sky Cellar v.8 [REF],,,,"Disney Gallery, 1994",26,
Royal Fanfare and Reception at the Palace,Disney's Cinderella [1995],,,,"January 1, 2013",,,Pacific Wharf,Blue Sky Cellar v.8 [REF],,,,,25,
Queen Clarisse,The Princess Diaries Score,,,,"January 1, 2013",,,Pacific Wharf,Blue Sky Cellar v.8 [REF],,,,John Debney,24,
Once Upon a Dream,Disneyland Forever,,,,"January 1, 2013",,,Pacific Wharf,Blue Sky Cellar v.8 [REF],,,,"Disney Gallery, 1994",27,
Bibbidi Bobbidi Boo,Bibbidi Bobbidi Bach,,,,"January 1, 2013",,,Pacific Wharf,Blue Sky Cellar v.8 [REF],,,,Eugenia Zukerman,29,
Mouret's Symphonies and Fanfares for the King’s Supper / Rondeau,Music For People Who Hate Classical Music Volume 1,,,,"January 1, 2013",,,Pacific Wharf,Blue Sky Cellar v.8 [REF],,,,,28,
So This is Love,Disneyland Forever,,,,"January 1, 2013",,,Pacific Wharf,Blue Sky Cellar v.8 [REF],,,,"Disney Gallery, 1994",30,
"Rigaudon (from Handel's Water Music, Suite in G Major)",Water Music,,,,"January 1, 2013",,,Pacific Wharf,Blue Sky Cellar v.8 [REF],,,,The English Concert with Trevor Pinnock,31,
Dress Building,Disney's Cinderella [1995],,,,"January 1, 2013",,,Pacific Wharf,Blue Sky Cellar v.8 [REF],,,,,32,
Once Upon a Dream,Just the Music Volume 1,,,,"January 1, 2013",,,Pacific Wharf,Blue Sky Cellar v.8 [REF],,,,,34,
Unknown,,,,,"January 1, 2013",,,Pacific Wharf,Blue Sky Cellar v.8 [REF],,,,,33,
Whistle While You Work,Disneyland Forever,,,,"January 1, 2013",,,Pacific Wharf,Blue Sky Cellar v.8 [REF],,,,"Disney Gallery, 1994",36,
A Dream is a Wish Your Heart Makes,Heigh-Ho! Mozart,,,,"January 1, 2013",,,Pacific Wharf,Blue Sky Cellar v.8 [REF],,,,Donald Fraser,35,
Hi-Diddle-Dee-Dee,Disneyland Forever,,,,"January 1, 2013",,,Pacific Wharf,Blue Sky Cellar v.8 [REF],,,,"Disney Gallery, 1994",37,
Just Around the Riverbend,Bibbidi Bobbidi Bach,,,,"January 1, 2013",,,Pacific Wharf,Blue Sky Cellar v.8 [REF],,,,English Chamber Orchestra,38,
Heigh Ho,Heigh-Ho! Mozart,,,,"January 1, 2013",,,Pacific Wharf,Blue Sky Cellar v.8 [REF],,,,Eugenia Zukerman,40,
A Cottage in the Woods,Sleeping Beauty Motion Picture Soundtrack,,,,"January 1, 2013",,,Pacific Wharf,Blue Sky Cellar v.8 [REF],,,,,39,[Edited: 01.22 - End]
Little Wooden Head,Disneyland Forever,,,,"January 1, 2013",,,Pacific Wharf,Blue Sky Cellar v.8 [REF],,,,"Disney Gallery, 1994",43,
Bibbidi Bobbidi Boo,,,,,"January 1, 2013",,,Pacific Wharf,Blue Sky Cellar v.8 [REF],,,,,42,
Spoonful of Sugar,Disneyland Forever,,,,"January 1, 2013",,,Pacific Wharf,Blue Sky Cellar v.8 [REF],,,,"Disney Gallery, 1994",41,
Once Upon a Dream,Disneyland Forever,,,,"January 1, 2013",,,Pacific Wharf,Blue Sky Cellar v.8 [REF],,,,"Disney Gallery, 1994",45,
Andalasia,Enchanted Motion Picture Soundtrack,,,,"January 1, 2013",,,Pacific Wharf,Blue Sky Cellar v.8 [REF],,,,,44,
I've Got No Strings,Disneyland Forever,,,,"January 1, 2013",,,Pacific Wharf,Blue Sky Cellar v.8 [REF],,,,"Disney Gallery, 1994",46,
I'm Wishing,Symphonic Suites of the Animated Classics,,,,"January 1, 2013",,,Pacific Wharf,Blue Sky Cellar v.8 [REF],,,,,47,
The Gifts of Beauty and Song,Sleeping Beauty Motion Picture Soundtrack,,,,"January 1, 2013",,,Pacific Wharf,Blue Sky Cellar v.8 [REF],,,,,48,
Jafar’s Hour,Aladdin OST,,,,"January 16, 2003 → January 11, 2016",,,Hollywood Pictures Backlot,Hyperion Theater Queue v.2,,,,Alan Menken,5,
Marketplace,Aladdin OST,,,,"January 16, 2003 → January 11, 2016",,,Hollywood Pictures Backlot,Hyperion Theater Queue v.2,,,,Alan Menken,3,
The Cave of Wonders,Aladdin OST,,,,"January 16, 2003 → January 11, 2016",,,Hollywood Pictures Backlot,Hyperion Theater Queue v.2,"This loop played in the waiting area for Aladdin: A Musical Spectacular at the Hyperion Theater, which was in operation from 2003-2016. This tracklist is based on a reconstuction by MouseBits user Avastindy using their reference recording. See MouseBits, https://mousebits.com/smf/index.php?topic=10342.msg95354#msg95354 (2020).",~00:15:05,,Alan Menken,1,
Aladdin’s Word,Aladdin OST,,,,"January 16, 2003 → January 11, 2016",,,Hollywood Pictures Backlot,Hyperion Theater Queue v.2,,,,Alan Menken,2,
Street Urchins,Aladdin OST,,,,"January 16, 2003 → January 11, 2016",,,Hollywood Pictures Backlot,Hyperion Theater Queue v.2,,,,Alan Menken,4,
The Ends of the Earth,Aladdin OST,,,,"January 16, 2003 → January 11, 2016",,,Hollywood Pictures Backlot,Hyperion Theater Queue v.2,,,,Alan Menken,6,
"Overture/Introduction  ",Snow White (1932),,,,"November 16, 2007",,,Hollywood Land,Snow White's 70th Anniversary Event,"This loop played inside the Animation Building alongside a series of clips from Snow White and the Seven Dwarves. Preliminary tracklist compiled by RocketRodsXPR based on YouTube videos. See MouseBits, https://mousebits.com/smf/index.php?topic=7599.msg66930#msg66930 (2012).",~7 minutes,,,1,Marked as beginning of loop as it seems to be the cleanest break.
Making Pies,Snow White (1932),,,,"November 16, 2007",,,Hollywood Land,Snow White's 70th Anniversary Event,,,,,3,
With a Smile and a Song,Snow White (1932),,,,"November 16, 2007",,,Hollywood Land,Snow White's 70th Anniversary Event,,,,,4,"Underscore "
"Why Grumpy, You Do Care",Snow White (1932),,,,"November 16, 2007",,,Hollywood Land,Snow White's 70th Anniversary Event,,,,,2,
Some Day My Prince Will Come,Snow White (1932),,,,"November 16, 2007",,,Hollywood Land,Snow White's 70th Anniversary Event,,,,,5,Underscore only
Pleasant Dreams,Snow White (1932),,,,"November 16, 2007",,,Hollywood Land,Snow White's 70th Anniversary Event,,,,,6,
Radiator Rock,Music of Cars Land [2012],,,,,,,Cars Land,Downtown Radiator Springs,,,3:22.955,Joe Louis Walker,48,
Mariachi Romantico 1513/7,Latin - Mexico ANW 1513,,,,"September 19, 2018 → November 4, 2018",,"Festival of Holidays, Halloween",Paradise Gardens Park,"Miguel from ""Coco""  Meet and Greet, Plaza de la Familia [REF]",,,,Tim Devine,3,
El Mariachi Magnifico 1513/5,Latin - Mexico ANW 1513,,,,"September 19, 2018 → November 4, 2018",,"Festival of Holidays, Halloween",Paradise Gardens Park,"Miguel from ""Coco""  Meet and Greet, Plaza de la Familia [REF]",,,,Tim Devine,2,
Zacatecas (Marcha Zacatecas),Serie 20 éxitos,,,,"September 19, 2018 → November 4, 2018",,"Festival of Holidays, Halloween",Paradise Gardens Park,"Miguel from ""Coco""  Meet and Greet, Plaza de la Familia [REF]",,,,Mariachi Vargas de Tecalitlán,6,1.0004 playback speed of the source track
Jarabe Michoacano,Serie 20 éxitos,,,,"September 19, 2018 → November 4, 2018",,"Festival of Holidays, Halloween",Paradise Gardens Park,"Miguel from ""Coco""  Meet and Greet, Plaza de la Familia [REF]",,,,Mariachi Vargas de Tecalitlán,7,1.0004 playback speed of the source track
El Zopilote Mojado,Serie 20 éxitos,,,,"September 19, 2018 → November 4, 2018",,"Festival of Holidays, Halloween",Paradise Gardens Park,"Miguel from ""Coco""  Meet and Greet, Plaza de la Familia [REF]",,,,Mariachi Vargas de Tecalitlán,8,1.0004 playback speed of the source track
Mariachi Tipico 2092/5,Mexican Fiesta ANW 2092,,,,"September 19, 2018 → November 4, 2018",,"Festival of Holidays, Halloween",Paradise Gardens Park,"Miguel from ""Coco""  Meet and Greet, Plaza de la Familia [REF]",,,,Juan Carlos Rodriguez | Iker Gastaminza,5,
Mariachi Alegre 2092/1,Mexican Fiesta ANW 2092,,,,"September 19, 2018 → November 4, 2018",,"Festival of Holidays, Halloween",Paradise Gardens Park,"Miguel from ""Coco""  Meet and Greet, Plaza de la Familia [REF]",,,,Juan Carlos Rodriguez | Iker Gastaminza,4,
Baila de los Sombreros 1513/2,Latin - Mexico ANW 1513,,,,"September 19, 2018 → November 4, 2018",,"Festival of Holidays, Halloween",Paradise Gardens Park,"Miguel from ""Coco""  Meet and Greet, Plaza de la Familia [REF]","This loop played in Paradise Gardens Park starting in 2018 for the seasonal ‘Plaza de la Familia` layover. This event is held during the Halloween season to celebrate Dia de Los Muertos. Prior to 2018,  this area played the ¡Viva Navidad! loop. Playlist compiled by RocketRodsXPR based on a recording by pixelated. See MouseBits, https://mousebits.com/smf/index.php?topic=9898.msg93016#msg93016.",00:24:17.615,,Tim Devine,1,
Baila de los Sombreros 1513/2,Latin - Mexico ANW 1513,,,,,,Festival of Holidays,Paradise Gardens Park,¡Viva Navidad! [REF],,,,Tim Devine,5,
Mariachi Romantico 1513/7,Latin - Mexico ANW 1513,,,,,,Festival of Holidays,Paradise Gardens Park,¡Viva Navidad! [REF],,,,Tim Devine,8,
Asi es mi Tierra Caliente 2 1513/9,Latin - Mexico ANW 1513,,,,,,Festival of Holidays,Paradise Gardens Park,¡Viva Navidad! [REF],,,,Tim Devine,6,
Chaparita De Mi Vida 2 1513/31,Latin - Mexico ANW 1513,,,,,,Festival of Holidays,Paradise Gardens Park,¡Viva Navidad! [REF],,,,Tim Devine,7,
Escuchame 2 1513/54,Latin - Mexico ANW 1513,,,,,,Festival of Holidays,Paradise Gardens Park,¡Viva Navidad! [REF],,,,Tim Devine | Francisca Gonzales,9,
Mexican Midnight 1498/13,Livin’ La Vida Latino ANW 1498,,,,,,Festival of Holidays,Paradise Gardens Park,¡Viva Navidad! [REF],"This loop plays in Paradise Gardens Park as part of the ¡Viva Navidad! celebration, a seasonal affair from Halloween through the Holiday season. Playlist compiled by RocketRodsXPR based on a recording by pixelated.  See MouseBits, https://mousebits.com/smf/index.php?topic=9460.msg92248#msg92248.",00:27:54.376,,Jeremy Sherman,1,
Ritmo Caliente 2 1513/72,Latin - Mexico ANW 1513,,,,,,Festival of Holidays,Paradise Gardens Park,¡Viva Navidad! [REF],,,,Tim Devine | Teresa Mendoza,10,
El Mariachi Magnifico 1513/5,Latin - Mexico ANW 1513,,,,,,Festival of Holidays,Paradise Gardens Park,¡Viva Navidad! [REF],,,,Tim Devine,2,
Montes de Malaga 1101/1,Spain ANW 1101,,,,,,Festival of Holidays,Paradise Gardens Park,¡Viva Navidad! [REF],,,,Miguel Moreno,3,
Sea of Cortez 1629/7,Latin America ANW 1629,,,,,,Festival of Holidays,Paradise Gardens Park,¡Viva Navidad! [REF],,,,Jeremy Sherman,4,
Ev’rybody Wants to Be a Cat,The Circle Sessions (The Music of Carthay Circle),,,3,"June 15, 2012",,,Buena Vista Street,Carthay Circle Lounge [INC],,,,The Circle Session Players,20,
Once Upon a Dream,The Circle Sessions: The Music of Carthay Circle - Vol. 2,,,13,"June 15, 2012",,,Buena Vista Street,Carthay Circle Lounge [INC],,,,The Circle Session Players,15,
Cruella De Vil,The Circle Sessions: The Music of Carthay Circle - Vol. 2,,,4,"June 15, 2012",,,Buena Vista Street,Carthay Circle Lounge [INC],,,,The Circle Session Players,25,
Almost There,The Circle Sessions: The Music of Carthay Circle - Vol. 2,,,11,"June 15, 2012",,,Buena Vista Street,Carthay Circle Lounge [INC],,,,The Circle Session Players,26,
I See the Light,The Circle Sessions: The Music of Carthay Circle - Vol. 2,,,10,"June 15, 2012",,,Buena Vista Street,Carthay Circle Lounge [INC],,,,The Circle Session Players,5,
A Dream is a Wish Your Heart Makes,The Circle Sessions (The Music of Carthay Circle),,,1,"June 15, 2012",,,Buena Vista Street,Carthay Circle Lounge [INC],,,,The Circle Session Players,2,
Baby Mine,The Circle Sessions: The Music of Carthay Circle - Vol. 2,,,7,"June 15, 2012",,,Buena Vista Street,Carthay Circle Lounge [INC],,,,The Circle Session Players,11,
A Whole New World,The Circle Sessions (The Music of Carthay Circle),,,5,"June 15, 2012",,,Buena Vista Street,Carthay Circle Lounge [INC],,,,The Circle Session Players,3,
You Can Fly! You Can Fly! You Can Fly!,The Circle Sessions: The Music of Carthay Circle - Vol. 2,,,2,"June 15, 2012",,,Buena Vista Street,Carthay Circle Lounge [INC],,,,The Circle Session Players,6,
King of New York,The Circle Sessions: The Music of Carthay Circle - Vol. 2,,,8,"June 15, 2012",,,Buena Vista Street,Carthay Circle Lounge [INC],,,,The Circle Session Players,8,
If I Didn't Have You,The Circle Sessions (The Music of Carthay Circle),,,9,"June 15, 2012",,,Buena Vista Street,Carthay Circle Lounge [INC],,,,The Circle Session Players,22,
Married Life,The Circle Sessions (The Music of Carthay Circle),,,10,"June 15, 2012",,,Buena Vista Street,Carthay Circle Lounge [INC],,,,The Circle Session Players,7,
You've Got a Friend in Me,The Circle Sessions (The Music of Carthay Circle),,,12,"June 15, 2012",,,Buena Vista Street,Carthay Circle Lounge [INC],,,,The Circle Session Players,14,
Alice in Wonderland,The Circle Sessions (The Music of Carthay Circle),,,6,"June 15, 2012",,,Buena Vista Street,Carthay Circle Lounge [INC],,,,The Circle Session Players,9,
Who's Afraid of the Big Bad Wolf?,The Circle Sessions: The Music of Carthay Circle - Vol. 2,,,5,"June 15, 2012",,,Buena Vista Street,Carthay Circle Lounge [INC],,,,The Circle Session Players,10,
True Love's Kiss,The Circle Sessions: The Music of Carthay Circle - Vol. 2,,,1,"June 15, 2012",,,Buena Vista Street,Carthay Circle Lounge [INC],"A preliminary tracklist for the downstairs Carthay Circle Lounge based on a trip report from wedroy1923 in 2017. The Disney Parks Blog has said regarding the Carthay Circle loops, “Guests on the first level will often hear these pieces represented by an ensemble trio, while those dining in the restaurant upstairs, will enjoy the same music but in a variety of light jazz piano tones.” Recordings have noted that the lounge is not quite synced with the upstairs piano loop, but many of the songs are in the same order. This tracklist is based on a WDI demo CD in a private collection. See MouseBits, https://mousebits.com/smf/index.php?topic=9537.msg90119#msg90119 (2017). Also see the Disney Parks Blog, https://web.archive.org/web/20121104212841/http://disneyparks.disney.go.com/blog/2012/11/new-album-captures-the-perfect-tone-for-carthay-circle-restaurant-and-lounge-at-disney-california-adventure-park.",Unknown,,The Circle Session Players,1,
Some Day My Prince Will Come,The Circle Sessions (The Music of Carthay Circle),,,11,"June 15, 2012",,,Buena Vista Street,Carthay Circle Lounge [INC],,,,The Circle Session Players,23,
Let's Go Fly a Kite,The Circle Sessions: The Music of Carthay Circle - Vol. 2,,,3,"June 15, 2012",,,Buena Vista Street,Carthay Circle Lounge [INC],,,,The Circle Session Players,24,
I Wan’na Be Like You (The Monkey Song),The Circle Sessions: The Music of Carthay Circle - Vol. 2,,,6,"June 15, 2012",,,Buena Vista Street,Carthay Circle Lounge [INC],,,,The Circle Session Players,12,
Winnie the Pooh,The Circle Sessions (The Music of Carthay Circle),,,4,"June 15, 2012",,,Buena Vista Street,Carthay Circle Lounge [INC],,,,The Circle Session Players,4,
Little April Shower,The Circle Sessions: The Music of Carthay Circle - Vol. 2,,,12,"June 15, 2012",,,Buena Vista Street,Carthay Circle Lounge [INC],,,,The Circle Session Players,13,
Be Our Guest,The Circle Sessions (The Music of Carthay Circle),,,2,"June 15, 2012",,,Buena Vista Street,Carthay Circle Lounge [INC],,,,The Circle Session Players,21,
Transformation,Beauty and the Beast (Special Edition Soundtrack),,,,"June 1, 2004 → May 1, 2012",,,Hollywood Pictures Backlot,Hollywood Pictures Backlot v.2,,,00:03:11.930,Alan Menken,7,Edited to include 1:35.543 - 4:47.476
 When You Wish Upon a Star,Disneymania 6 ,,,,,,Food and Wine Festival,Hollywood Land,F&W Jr. Chef Preshow 2019,"This loop played as the preshow for the Jr. Chef  interactive experience at the Disney California Adventure Food & Wine festival held from March 1 through April 23, 2019. This is a preliminary tracklist compiled by pixelated based on his reference recording. There is only one silent gap in this loop and a fair number of tracks overlap. See MouseBits, https://mousebits.com/smf/index.php?topic=10186.msg94538#msg94538 (2019).",00:56:20.223, 00:02:34.110,Kate Voegele,1,Preceded by 0.5 second silent gap.
 Under the Sea,Mouse House Dance Mixes ,,,,,,Food and Wine Festival,Hollywood Land,F&W Jr. Chef Preshow 2019,,, 00:03:47.778,Mark Lennon,16,
 Colors of the Wind,Disneymania 5 ,,,,,,Food and Wine Festival,Hollywood Land,F&W Jr. Chef Preshow 2019,,, 00:03:11.124,Vanessa Hudgens,6,
 The Second Star to the Right,Disneymania 5 ,,,,,,Food and Wine Festival,Hollywood Land,F&W Jr. Chef Preshow 2019,,, 00:02:39.029,T-Squad,5,
 You'll Be in My Heart,Disneymania 4 ,,,,,,Food and Wine Festival,Hollywood Land,F&W Jr. Chef Preshow 2019,,, 00:04:09.523,Teddy Geiger,8,
 Kiss the Girl,Disneymania 6 ,,,,,,Food and Wine Festival,Hollywood Land,F&W Jr. Chef Preshow 2019,,, 00:03:09.692,Colbie Caillat,2,
 He Lives in You,Disneymania 6 ,,,,,,Food and Wine Festival,Hollywood Land,F&W Jr. Chef Preshow 2019,,, 00:03:43.746,Elijah Kelley,3,
 Part of Your World,Disneymania ,,,,,,Food and Wine Festival,Hollywood Land,F&W Jr. Chef Preshow 2019,,, 00:02:53.093,Jessica Simpson,10,
 Hakuna Matata,Disneymania ,,,,,,Food and Wine Festival,Hollywood Land,F&W Jr. Chef Preshow 2019,,, 00:03:33.622,Baha Men,9,
 Beauty and the Beast,Disneymania ,,,,,,Food and Wine Festival,Hollywood Land,F&W Jr. Chef Preshow 2019,,, 00:03:23.318,Jump5,13,
 Can You Feel the Love Tonight,Mouse House Dance Mixes ,,,,,,Food and Wine Festival,Hollywood Land,F&W Jr. Chef Preshow 2019,,, 00:03:38.343,Jilien,15,
 It's a Small World (Rapmania! Mix),Disneymania 3 ,,,,,,Food and Wine Festival,Hollywood Land,F&W Jr. Chef Preshow 2019,,, 00:02:50.090,Fan 3,14,
 Someday,Mouse House Dance Mixes ,,,,,,Food and Wine Festival,Hollywood Land,F&W Jr. Chef Preshow 2019,,, 00:03:41.717,Donna Summer,17,
 I Just Can't Wait to Be King,Mouse House Dance Mixes ,,,,,,Food and Wine Festival,Hollywood Land,F&W Jr. Chef Preshow 2019,,, 00:03:24.433,Denny Leroux,11,
 So This Is Love,Disneymania 5 ,,,,,,Food and Wine Festival,Hollywood Land,F&W Jr. Chef Preshow 2019,,, 00:03:20.453,The Cheetah Girls,4,
 A Dream Is a Wish Your Heart Makes,Disneymania 4 ,,,,,,Food and Wine Festival,Hollywood Land,F&W Jr. Chef Preshow 2019,,, 00:03:37.979,Disney Channel Stars,7,
" The Tiki, Tiki, Tiki Room",Disneymania ,,,,,,Food and Wine Festival,Hollywood Land,F&W Jr. Chef Preshow 2019,,, 00:02:42.163,Hilary Duff,12,
Celebrity Skin,,,,,,,,Hollywood Land,Captain Marvel Meet and Greet,"This loop played at the Captain Marvel Meet and Greet in Hollywood Land in 2019. Preliminary tracklist compiled by SorcererParker, CThaddeus, and monorail91. See MouseBits, https://mousebits.com/smf/index.php?topic=10060.msg93989#msg93989 (2019).",Unknown,,Hole,1,“Celebrity Skin” only plays when Capt. Marvel arrives.
Love is All Around,,,,,,,,Hollywood Land,Captain Marvel Meet and Greet,,,,Joan Jett and the Blackhearts,9,
Heartbreaker,,,,,,,,Hollywood Land,Captain Marvel Meet and Greet,,,,Pat Benetar,3,
All I Want,,,,,,,,Hollywood Land,Captain Marvel Meet and Greet,,,,Toad the Wet Sprocket,19,
Learning to Fly,,,,,,,,Hollywood Land,Captain Marvel Meet and Greet,,,,Tom Petty,20,
Have You Seen Me Lately?,,,,,,,,Hollywood Land,Captain Marvel Meet and Greet,,,,Counting Crows,16,
Trouble,,,,,,,,Hollywood Land,Captain Marvel Meet and Greet,,,,P!nk,15,
The Warrior,,,,,,,,Hollywood Land,Captain Marvel Meet and Greet,,,,Patty Smyth,6,
Learn to Fly,,,,,,,,Hollywood Land,Captain Marvel Meet and Greet,,,,Foo Fighters,10,
Just A Girl,,,,,,,,Hollywood Land,Captain Marvel Meet and Greet,,,,No Doubt,21,
Spiderwebs,,,,,,,,Hollywood Land,Captain Marvel Meet and Greet,,,,No Doubt,5,
I Do,,,,,,,,Hollywood Land,Captain Marvel Meet and Greet,,,,Lisa Loeb,4,
Kookie's Caper,,,,,,,,Hollywood Land,Captain Marvel Meet and Greet,,,,The Warren Baker Orchestra,22,
Today,,,,,,,,Hollywood Land,Captain Marvel Meet and Greet,,,,The Smashing Pumpkins,12,
Learn to Fly,,,,,,,,Hollywood Land,Captain Marvel Meet and Greet,,,,Foo Fighters,2,
Welcome to Paradise,,,,,,,,Hollywood Land,Captain Marvel Meet and Greet,,,,Green Day,14,
What a Wonderful World,,,,,,,,Hollywood Land,Captain Marvel Meet and Greet,,,,The Ramones,7,
Hazy Shade of Winter,,,,,,,,Hollywood Land,Captain Marvel Meet and Greet,,,,The Bangles,18,
Human,,,,,,,,Hollywood Land,Captain Marvel Meet and Greet,,,,The Killers,8,
There She Goes,,,,,,,,Hollywood Land,Captain Marvel Meet and Greet,,,,The La's,13,
Runaway Train,,,,,,,,Hollywood Land,Captain Marvel Meet and Greet,,,,Soul Asylum,11,
My Hero,,,,,,,,Hollywood Land,Captain Marvel Meet and Greet,,,,Foo Fighters,17,
"Once Upon a Dream (instrumental mix, no vocals)",Maleficent: Original Motion Picture Soundtrack,,,,"April 18, 2014",,,"""a bug's land""",Maleficent Exclusive Sneak Peek,"This loop played in the exterior area adjacent to the “it’s tough to be a bug” theater during the Maleficent Exclusive Sneak Peek event, which opened on April 18, 2014. Verified tracklist compiled by pixelated based on his reference recording. He noted that the loop probably synchronized with the screenings. See MouseBits, https://mousebits.com/smf/index.php?topic=8590.msg80986#msg80986 (2014).",00:15:01 +/- 0.2 secs.,3:12.170,James Newton Howard,1,"Edited to include ~0:03.987 to ~3:16.157 of the album track. The album track fades out so it's possible this track overlaps the next track. I.e., the next track starts at ~3:16.157 and mixes in with this track."
The Christening,Maleficent: Original Motion Picture Soundtrack,,,,"April 18, 2014",,,"""a bug's land""",Maleficent Exclusive Sneak Peek,,,1:17.248,James Newton Howard,2,The loop track uses ~4:13.431 to the end of the album track. The fadeout at the end of this track overlaps with the fade-in at the start of the next track.
Aurora and the Fawn,Maleficent: Original Motion Picture Soundtrack,,,,"April 18, 2014",,,"""a bug's land""",Maleficent Exclusive Sneak Peek,,,0:58.964,James Newton Howard,4,"The loop track uses 0:00 to 0:58.964 of the album track, ending with the last piano note. This track starts at ~4:35.435 of the previous track; i.e., when the previous track has faded out to complete silence."
Aurora and the Fawn,Maleficent: Original Motion Picture Soundtrack,,,,"April 18, 2014",,,"""a bug's land""",Maleficent Exclusive Sneak Peek,,,0:22.846,James Newton Howard,6,The loop track uses ~1:42.432 to ~2:05.278 of the album track. The album track's own fadeout leads into the next loop track.
Maleficent Suite,Maleficent: Original Motion Picture Soundtrack,,,,"April 18, 2014",,,"""a bug's land""",Maleficent Exclusive Sneak Peek,,,2:56.928,James Newton Howard,5,"The loop track uses ~1:28.786 to ~4:25.714 of the album track.
<Orchestral swell with cymbal crash followed by 2 tambourine shakes, length 0:05.590>"
Maleficent Flies,Maleficent: Original Motion Picture Soundtrack,,,,"April 18, 2014",,,"""a bug's land""",Maleficent Exclusive Sneak Peek,,,4:39.920,James Newton Howard,3,"The loop track uses the full album track; i.e., this is the only unedited album track in the loop. This track starts at ~5:20.459 of the previous track so this track's beginning fadein overlaps with the ending fadeout of the previous track. The next track starts when the fadeout at the end of this track finally goes completely silent."
The Christening,Maleficent: Original Motion Picture Soundtrack,,,,"April 18, 2014",,,"""a bug's land""",Maleficent Exclusive Sneak Peek,,,1:37.195,James Newton Howard,7,"Track 7 chorus fadeout overlapped with quiet swirling strings, length 0:04.845. Theater doors close around this time."
Grand Finale: Barnum & Bailey's Favorite (March),Under the Bigtop: 100 Years of Circus Music,,,,"October 7, 2002 → September 4, 2018",,,"""a bug's land""",Tuck and Roll's Drive 'Em Buggies,,,,The Great American Main Street Band,4,
Dogs and Ponies: Honey Boys on Parade (March); Snare Drum and Chord,Under the Bigtop: 100 Years of Circus Music,,,,"October 7, 2002 → September 4, 2018",,,"""a bug's land""",Tuck and Roll's Drive 'Em Buggies,,,,The Great American Main Street Band,5,
Jugglers: Stop It! (One Step); Snare Drum & Chord,Under the Bigtop: 100 Years of Circus Music,,,,"October 7, 2002 → September 4, 2018",,,"""a bug's land""",Tuck and Roll's Drive 'Em Buggies,,,,The Great American Main Street Band,7,
Overture: William Tell,Unknown,,,,,,,Paradise Gardens Park,Silly Symphony Swings,"These two tracks alternate as the musical selection for the attraction music when Silly Symphony Swings is in motion. The first track version starts with an excerpt of The Storm (the song that summons the tornado in The Band Concert cartoon short) and then proceeds to the finale piece of William Tell Overture for the remainder. The second version plays William Tell Overture for the entire duration. See MouseBits, https://mousebits.com/smf/index.php?topic=5547.msg42432#msg42432",,,Gioachino Rossini,1,
Circus Music (custom-arranged by WDI),Unreleased,,,,"June 15, 2012",,,Buena Vista Street,Big Top Toys,"The Big Top Toys loop is identical to the WDW Magic Kingdom’s Storybook Circus loop, which is a ~1 hr long loop consisting of several circus marches and Dumbo themes rearranged for a small circus band. The DCA loop is slowed down slightly (0.997521 playback rate as confirmed by pixelated based on his partial reference recording, see https://mousebits.com/smf/index.php?topic=7449.msg67654#msg67654). Also see MouseBits for a partial list of tune names, https://mousebits.com/smf/index.php?topic=8386.msg78365#msg78365, and https://mousebits.com/smf/index.php?topic=7806.msg87642#msg87642.","01:06:48.133 (not slowed down)
",,Stephen James Taylor (Arranger),1,See loop notes
Instant Concert,2010 Gurkha Festival of Music,,,,,,,Paradise Gardens Park,Instant Concert: Just Add Water,"This is not necessarily a loop, but a collection of songs from the Instant Concert series with Goofy at Paradise Pier.  Compiled by RocketRodsXPR. See MouseBits, https://mousebits.com/smf/index.php?topic=7896.msg70476#msg70476 (2013).",,,The Band of the Brigade of Gurkhas,,
Baroque Hoedown,A Disney Spectacular,,,,,,,Paradise Gardens Park,Instant Concert: Just Add Water,,,,Cincinnati Pops Orchestra,,"Alternate version of the show if Goofy is not available, if the weather is too hot, or if they just decide not to use him for whatever reason."
Rhapsody from Hunger(y),,,,,,,,Paradise Gardens Park,Instant Concert: Just Add Water,,,,Spike Jones,,
Holiday for Strings,,,,,,,,Paradise Gardens Park,Instant Concert: Just Add Water,,,,Spike Jones,,Edited
Tour of the Kingdom,The Little Mermaid Motion Picture Soundtrack,,,,"April 26, 2019",,,Hollywood Land,Mickey's Philharmagic Queue [PRE],,,,,23,
"Piano Concerto No. 2, Op. 102",Fantasia 2000 Motion Picture Soundtrack,,,,"April 26, 2019",,,Hollywood Land,Mickey's Philharmagic Queue [PRE],"This loop plays inside the Sunset Theater in the queueing area for Philharmagic. Tracklist compiled by wedroy1923 and disneykw. Presumed to be the same as the WDW loop. See MouseBits, https://mousebits.com/smf/index.php?topic=5020.msg66882#msg66882 (2010).",00:46:30,01:22,,1,Edited 00.00 - 01.22
Carnival of the Animals: Finale,Fantasia 2000 Motion Picture Soundtrack,,,,"April 26, 2019",,,Hollywood Land,Mickey's Philharmagic Queue [PRE],,,,,12,Edited 00.06 - End
Pomp and Circumstance,Fantasia 2000 Motion Picture Soundtrack,,,,"April 26, 2019",,,Hollywood Land,Mickey's Philharmagic Queue [PRE],,,02:06,,6,Edited 00.00 - 02.06
Jane Finds the Treasure,Return to Neverland Motion Picture Soundtrack,,,,"April 26, 2019",,,Hollywood Land,Mickey's Philharmagic Queue [PRE],,,,Joel McNeely,16,
Reunion (The Second Star to the Right),Return to Neverland Motion Picture Soundtrack,,,,"April 26, 2019",,,Hollywood Land,Mickey's Philharmagic Queue [PRE],,,,Joel McNeely,21,
Pines of Rome,Fantasia 2000 Motion Picture Soundtrack,,,,"April 26, 2019",,,Hollywood Land,Mickey's Philharmagic Queue [PRE],,,,,22,Edited 00.00 - 01.48
Firebird Suite,Fantasia 2000 Motion Picture Soundtrack,,,,"April 26, 2019",,,Hollywood Land,Mickey's Philharmagic Queue [PRE],,,,,20,
Happy Ending,The Little Mermaid Motion Picture Soundtrack,,,,"April 26, 2019",,,Hollywood Land,Mickey's Philharmagic Queue [PRE],,,,Alan Menken,8,Edited 01.08 - 02.23
Main Title,Return to Neverland Motion Picture Soundtrack,,,,"April 26, 2019",,,Hollywood Land,Mickey's Philharmagic Queue [PRE],,,01:39,Joel McNeely,3,Edited 00.15 - 01.54
Jane Can Fly,Return to Neverland Motion Picture Soundtrack,,,,"April 26, 2019",,,Hollywood Land,Mickey's Philharmagic Queue [PRE],,,00:51,Joel McNeely,5,Edited 00.54 - 01.45
Jane Saves Tink and Pan,Return to Neverland Motion Picture Soundtrack,,,,"April 26, 2019",,,Hollywood Land,Mickey's Philharmagic Queue [PRE],,,,Alan Menken,13,Edited 00.00 - 00.55
Flying Home,Return to Neverland Motion Picture Soundtrack,,,,"April 26, 2019",,,Hollywood Land,Mickey's Philharmagic Queue [PRE],,,,Joel McNeely,17,
Main Titles,The Little Mermaid Motion Picture Soundtrack,,,,"April 26, 2019",,,Hollywood Land,Mickey's Philharmagic Queue [PRE],,,,Alan Menken,10,
Beauty and the Beast,,,,,"April 26, 2019",,,Hollywood Land,Mickey's Philharmagic Queue [PRE],,,~02.14,,7,
Mickey Mouse Club March,,,,,"April 26, 2019",,,Hollywood Land,Mickey's Philharmagic Queue [PRE],,,~02.16,,2,
To the Fair,Beauty and the Beast Motion Picture Soundtrack,,,,"April 26, 2019",,,Hollywood Land,Mickey's Philharmagic Queue [PRE],,,,,9,Edited 00.13 - End
Bedtime,The Little Mermaid Motion Picture Soundtrack,,,,"April 26, 2019",,,Hollywood Land,Mickey's Philharmagic Queue [PRE],,,,Alan Menken,14,
The Kiss,Aladdin Motion Picture Soundtrack,,,,"April 26, 2019",,,Hollywood Land,Mickey's Philharmagic Queue [PRE],,,,,19,
Transformation,Beauty and the Beast Motion Picture Soundtrack,,,,"April 26, 2019",,,Hollywood Land,Mickey's Philharmagic Queue [PRE],,,,Alan Menken,11,Edited 00.00 - 04.46
Once Upon a Dream,,,,,"April 26, 2019",,,Hollywood Land,Mickey's Philharmagic Queue [PRE],,,02:58,,4,
Mickey's PhilharMagic Medley,https://www.yesasia.com/us/tokyo-disney-land-mickeys-philharmagic-japan-version/1023826247-0-0-0-en/info.html,,,,"April 26, 2019",,,Hollywood Land,Mickey's Philharmagic Queue [PRE],,,,,15,
Dance of the Reed Flutes,,,,,"April 26, 2019",,,Hollywood Land,Mickey's Philharmagic Queue [PRE],,,,,18,
Flight Through Neverland,Return to Neverland Motion Picture Soundtrack,,,,"April 26, 2019",,,Hollywood Land,Mickey's Philharmagic Queue [PRE],,,,Joel McNeely,25,Edited 00.52 - 02.32
Belle,,,,,"April 26, 2019",,,Hollywood Land,Mickey's Philharmagic Queue [PRE],,,,,24,~01.11
Andy's Birthday,Toy Story OST ,,,,"April 13, 2018 → September 3, 2018",,Pixar Fest,Paradise Gardens Park,Pixar Fest,"This loop played in Pardise Gardens Park during Pixar Fest in 2018. It also played in the Esplanade with a slightly shorter/faster playback time (likely due to the different playback systems). Compiled by junglecskipper. Paradise Park loop length based on reference recording by Pixelated. See MouseBits, https://mousebits.com/smf/index.php?topic=9747.msg91902#msg91902 and https://mousebits.com/smf/index.php?topic=9820.msg92750#msg92750. ",01:04:27.374,,Randy Newman,1,Track edited 00:00-00:13
You've Got a Friend,Toy Story 2 OST,,,,"April 13, 2018 → September 3, 2018",,Pixar Fest,Paradise Gardens Park,Pixar Fest,,,,Tom Scott,16,
Opening Race,Cars OST ,,,,"April 13, 2018 → September 3, 2018",,Pixar Fest,Paradise Gardens Park,Pixar Fest,,,,Randy Newman,5,Edited 00:00-00:27
Wall*E,Wall-e OST,,,,"April 13, 2018 → September 3, 2018",,Pixar Fest,Paradise Gardens Park,Pixar Fest,,,,Thomas Newman,26,
Run With the Herd,The Good Dinosaur OST ,,,,"April 13, 2018 → September 3, 2018",,Pixar Fest,Paradise Gardens Park,Pixar Fest,,,,Mychael Danna,23,Edited 01:41-03:19
The Scare Floor,"Monsters, Inc. OST",,,,"April 13, 2018 → September 3, 2018",,Pixar Fest,Paradise Gardens Park,Pixar Fest,,,,Randy Newman,32,
The Incredits,The Incredibles OST ,,,,"April 13, 2018 → September 3, 2018",,Pixar Fest,Paradise Gardens Park,Pixar Fest,,,,Michael Giacchino,19,Edited 00:00-04:46
Merida's Home,Brave OST,,,,"April 13, 2018 → September 3, 2018",,Pixar Fest,Paradise Gardens Park,Pixar Fest,,,,Patrick Doyle,20,
Ride Like the Wind,Toy Story 2 OST ,,,,"April 13, 2018 → September 3, 2018",,Pixar Fest,Paradise Gardens Park,Pixar Fest,,,,Randy Newman,12,Edited 00:56-01:20
Migration Song,Finding Nemo OST,,,,"April 13, 2018 → September 3, 2018",,Pixar Fest,Paradise Gardens Park,Pixar Fest,,,,Thomas Newman,10,
Andy's Birthday,Toy Story OST ,,,,"April 13, 2018 → September 3, 2018",,Pixar Fest,Paradise Gardens Park,Pixar Fest,,,,Randy Newman,21,Edited 00:00-00:13
It's Finn McMissile!,Cars 2 OST ,,,,"April 13, 2018 → September 3, 2018",,Pixar Fest,Paradise Gardens Park,Pixar Fest,,,,Michael Giacchino,35,Edited 03:17-04:42
The Axiom,WALL-E OST ,,,,"April 13, 2018 → September 3, 2018",,Pixar Fest,Paradise Gardens Park,Pixar Fest,,,,Thomas Newman,17,Edited 00:00-01:15
The Glory Days,The Incredibles OST ,,,,"April 13, 2018 → September 3, 2018",,Pixar Fest,Paradise Gardens Park,Pixar Fest,,,,Michael Giacchino,34,Edited 00:00-01:31
Gnarly Chop,Finding Dory OST,,,,"April 13, 2018 → September 3, 2018",,Pixar Fest,Paradise Gardens Park,Pixar Fest,,,,Thomas Newman,24,
A Bug's Life Suite,A Bug's Life OST ,,,,"April 13, 2018 → September 3, 2018",,Pixar Fest,Paradise Gardens Park,Pixar Fest,,,,Randy Newman,8,Edited 00:00-01:22
Field Trip,Finding Nemo OST,,,,"April 13, 2018 → September 3, 2018",,Pixar Fest,Paradise Gardens Park,Pixar Fest,,,,Thomas Newman,3,
Up with End Credits,Up OST ,,,,"April 13, 2018 → September 3, 2018",,Pixar Fest,Paradise Gardens Park,Pixar Fest,,,,Micheal Giacchino,27,Edited 01:41-03:11
Fiesta Espectacular,Coco OST,,,,"April 13, 2018 → September 3, 2018",,Pixar Fest,Paradise Gardens Park,Pixar Fest,,,,Michael Giacchino,29,
Define Dancing,WALL-E OST,,,,"April 13, 2018 → September 3, 2018",,Pixar Fest,Paradise Gardens Park,Pixar Fest,,,,Thomas Newman,11,
Colette Shows Him Le Ropes,Ratatoullie OST,,,,"April 13, 2018 → September 3, 2018",,Pixar Fest,Paradise Gardens Park,Pixar Fest,,,,Michael Giacchino,33,
Jessie and the Round Up Gang,Toy Story 2 OST ,,,,"April 13, 2018 → September 3, 2018",,Pixar Fest,Paradise Gardens Park,Pixar Fest,,,,Randy Newman,13,Edited 00:00-00:47
72 Degrees and Sunny,WALL-E OST ,,,,"April 13, 2018 → September 3, 2018",,Pixar Fest,Paradise Gardens Park,Pixar Fest,,,,Thomas Newman,18,Edited 00:00-00:42
End Creditouilles,Ratatouille OST ,,,,"April 13, 2018 → September 3, 2018",,Pixar Fest,Paradise Gardens Park,Pixar Fest,,,,Michael Giacchino,2,Edited 00:00-02:23
Fiesta con de la Cruz,Coco OST,,,,"April 13, 2018 → September 3, 2018",,Pixar Fest,Paradise Gardens Park,Pixar Fest,,,,Michael Giacchino,14,
The Cleaner,Toy Story 2 OST,,,,"April 13, 2018 → September 3, 2018",,Pixar Fest,Paradise Gardens Park,Pixar Fest,,,,Randy Newman,31,
The Joy of Credits,Inside Out OST ,,,,"April 13, 2018 → September 3, 2018",,Pixar Fest,Paradise Gardens Park,Pixar Fest,,,,Michael Giacchino,30,Edited 00:00-02:23
Plaza de la Cruz,Coco OST,,,,"April 13, 2018 → September 3, 2018",,Pixar Fest,Paradise Gardens Park,Pixar Fest,,,,Michael Giacchino,28,
"Monsters, Inc",Monsters Inc. OST,,,,"April 13, 2018 → September 3, 2018",,Pixar Fest,Paradise Gardens Park,Pixar Fest,,,,Randy Newman,7,
McQueen and Sally,Cars OST,,,,"April 13, 2018 → September 3, 2018",,Pixar Fest,Paradise Gardens Park,Pixar Fest,,,,Randy Newman,36,
The Turtle Lope,Finding Nemo OST ,,,,"April 13, 2018 → September 3, 2018",,Pixar Fest,Paradise Gardens Park,Pixar Fest,,,,Thomas Newman,25,Edited 01:11-02:04
The Flik Machine,A Bug's Life OST,,,,"April 13, 2018 → September 3, 2018",,Pixar Fest,Paradise Gardens Park,Pixar Fest,,,,Randy Newman,22,
Fish Who Wander,Finding Dory OST,,,,"April 13, 2018 → September 3, 2018",,Pixar Fest,Paradise Gardens Park,Pixar Fest,,,,Thomas Newman,15,
Up With Titles,Up OST,,,,"April 13, 2018 → September 3, 2018",,Pixar Fest,Paradise Gardens Park,Pixar Fest,,,,Michael Giacchino,9,
First Day of School,Inside Out OST ,,,,"April 13, 2018 → September 3, 2018",,Pixar Fest,Paradise Gardens Park,Pixar Fest,,,,Michael Giacchino,4,Edited 00:00-00:53
Woody's a Star,Toy Story 2 OST ,,,,"April 13, 2018 → September 3, 2018",,Pixar Fest,Paradise Gardens Park,Pixar Fest,,,,Randy Newman,6,Edited 00:43-01:27
Circus Bugs Performing,Unreleased,,,,,,,"""a bug's land""",Flik's Fun Fair,,,,,2,
See loop notes,Unreleased,,,,,,,Hollywood Pictures Backlot,The Twilight Zone Tower of Terror Exit,"This loop plays from speakers hanging from the ceiling in the hallways leading from the unload to the gift shop. This is a custom, non-needledrop arrangement of music that seems to be floating around in source from various collectors. The track is called “Unload - Exit Hallway BGM.” See MouseBits, https://mousebits.com/smf/index.php?topic=3574.msg23958#msg23958 (2008), https://mousebits.com/smf/index.php?topic=2906.msg18685#msg18685 (2008), and https://community.magicmusic.net/threads/c33-notes-3-31-09.4108/#post-29698 (2009). ",~00:03:11,,,1,
California Dreamin’,The Best Of The Mamas & The Papas (20th Century Masters) [1999],,,,"November 1, 2001 → January 1, 2002",,Christmas,Sunshine Plaza,Sunshine Plaza Holiday v.1 [PRE],"This loop played in Sunshine Plaza during DCA’s first Holiday season in 2001, but was replaced by 2002. MouseBits member Jarvis says: “At the time, they just stuck four Christmas songs into the regular loop (edited in very badly, too, as I recall--you could hear the regular loop fading out and the Christmas song fading in). I think the four songs did up making the real Christmas loop, which started in 2002.” Tracks added based on labeled tracks in limited circulation; no reference recording is available. See MouseBits, https://mousebits.com/smf/index.php?topic=6912.msg58376#msg58376 (2011). ",Unknown,,The Mamas and The Papas,1,
Look of Love,,,,,"October 8, 2010 → April 15, 2012",,ElecTRONica,Hollywood Pictures Backlot,ElecTRONica: Flynn's Arcade,"This loop played inside of Flynn’s Arcade during ElecTRONica, which operated from 2010 to 2012. This is a preliminary track listing compiled by MouseBits user CThaddeus. The songs were interrupted by an ad for ""TRON: Legacy"" approximately every fifteen minutes, and not in the same places each time the loop plays. See MouseBits, https://mousebits.com/smf/index.php?topic=5949.msg51536#msg51536 (2011).",Unknown,,ABC,1,
867-5309 (Jenny),,,,,"October 8, 2010 → April 15, 2012",,ElecTRONica,Hollywood Pictures Backlot,ElecTRONica: Flynn's Arcade,,,,Tommy Tutone,8,
Gloria,,,,,"October 8, 2010 → April 15, 2012",,ElecTRONica,Hollywood Pictures Backlot,ElecTRONica: Flynn's Arcade,,,,Laura Brannigan,2,
Juke Box Hero,,,,,"October 8, 2010 → April 15, 2012",,ElecTRONica,Hollywood Pictures Backlot,ElecTRONica: Flynn's Arcade,,,,Foreigner,6,
Vacation,,,,,"October 8, 2010 → April 15, 2012",,ElecTRONica,Hollywood Pictures Backlot,ElecTRONica: Flynn's Arcade,,,,The Go-Go’s,7,
Let’s Dance,,,,,"October 8, 2010 → April 15, 2012",,ElecTRONica,Hollywood Pictures Backlot,ElecTRONica: Flynn's Arcade,,,,David Bowie,5,
Rock the Casbah,,,,,"October 8, 2010 → April 15, 2012",,ElecTRONica,Hollywood Pictures Backlot,ElecTRONica: Flynn's Arcade,,,,The Clash,3,
Do I Do,,,,,"October 8, 2010 → April 15, 2012",,ElecTRONica,Hollywood Pictures Backlot,ElecTRONica: Flynn's Arcade,,,,Stevie Wonder,9,
I Love Rock n’ Roll,,,,,"October 8, 2010 → April 15, 2012",,ElecTRONica,Hollywood Pictures Backlot,ElecTRONica: Flynn's Arcade,,,,Joan Jett & The Blackhearts,4,
Jesse’s Girl,,,,,"October 8, 2010 → April 15, 2012",,ElecTRONica,Hollywood Pictures Backlot,ElecTRONica: Flynn's Arcade,,,,Rick Springfield,12,
Freeze Frame,,,,,"October 8, 2010 → April 15, 2012",,ElecTRONica,Hollywood Pictures Backlot,ElecTRONica: Flynn's Arcade,,,,J. Geils Band,15,
Shake it Up,,,,,"October 8, 2010 → April 15, 2012",,ElecTRONica,Hollywood Pictures Backlot,ElecTRONica: Flynn's Arcade,,,,The Cars,21,
Rio,,,,,"October 8, 2010 → April 15, 2012",,ElecTRONica,Hollywood Pictures Backlot,ElecTRONica: Flynn's Arcade,,,,Duran Duran,11,
Hold Me,,,,,"October 8, 2010 → April 15, 2012",,ElecTRONica,Hollywood Pictures Backlot,ElecTRONica: Flynn's Arcade,,,,Fleetwood Mac,27,
Don’t Stop Believin’,,,,,"October 8, 2010 → April 15, 2012",,ElecTRONica,Hollywood Pictures Backlot,ElecTRONica: Flynn's Arcade,,,,Journey,23,
I Ran,,,,,"October 8, 2010 → April 15, 2012",,ElecTRONica,Hollywood Pictures Backlot,ElecTRONica: Flynn's Arcade,,,,Flock of Seagulls,28,
I Will Follow,,,,,"October 8, 2010 → April 15, 2012",,ElecTRONica,Hollywood Pictures Backlot,ElecTRONica: Flynn's Arcade,,,,U2,14,
We Got the Beat,,,,,"October 8, 2010 → April 15, 2012",,ElecTRONica,Hollywood Pictures Backlot,ElecTRONica: Flynn's Arcade,,,,The Go-Go’s,18,
Billie Jean,,,,,"October 8, 2010 → April 15, 2012",,ElecTRONica,Hollywood Pictures Backlot,ElecTRONica: Flynn's Arcade,,,,Michael Jackson,29,
Kick it Live From 9 to 5,,,,,"October 8, 2010 → April 15, 2012",,ElecTRONica,Hollywood Pictures Backlot,ElecTRONica: Flynn's Arcade,,,,Sugarhill Gang,19,
Beat it,,,,,"October 8, 2010 → April 15, 2012",,ElecTRONica,Hollywood Pictures Backlot,ElecTRONica: Flynn's Arcade,,,,Michael Jackson,22,
Tom Sawyer,,,,,"October 8, 2010 → April 15, 2012",,ElecTRONica,Hollywood Pictures Backlot,ElecTRONica: Flynn's Arcade,,,,Rush,30,
Let’s Groove,,,,,"October 8, 2010 → April 15, 2012",,ElecTRONica,Hollywood Pictures Backlot,ElecTRONica: Flynn's Arcade,,,,"Earth, Wind, and Fire",25,
Who Can it Be Now?,,,,,"October 8, 2010 → April 15, 2012",,ElecTRONica,Hollywood Pictures Backlot,ElecTRONica: Flynn's Arcade,,,,Men at Work,31,
Our Lips Are Sealed,,,,,"October 8, 2010 → April 15, 2012",,ElecTRONica,Hollywood Pictures Backlot,ElecTRONica: Flynn's Arcade,,,,The Go-Go’s,24,
Kids in America,,,,,"October 8, 2010 → April 15, 2012",,ElecTRONica,Hollywood Pictures Backlot,ElecTRONica: Flynn's Arcade,,,,Kim Wilde,13,
Mickey,,,,,"October 8, 2010 → April 15, 2012",,ElecTRONica,Hollywood Pictures Backlot,ElecTRONica: Flynn's Arcade,,,,Toni Basil,26,
Da Da Da I Don't Love You You Don't Love Me Aha Aha Aha (Long Version),,,,,"October 8, 2010 → April 15, 2012",,ElecTRONica,Hollywood Pictures Backlot,ElecTRONica: Flynn's Arcade,,,,Trio,16,
Working for the Weekend,,,,,"October 8, 2010 → April 15, 2012",,ElecTRONica,Hollywood Pictures Backlot,ElecTRONica: Flynn's Arcade,,,,Loverboy,20,
THe Waiting,,,,,"October 8, 2010 → April 15, 2012",,ElecTRONica,Hollywood Pictures Backlot,ElecTRONica: Flynn's Arcade,,,,Tom Petty and the Heartbreakers,17,
Eye of the Tiger,,,,,"October 8, 2010 → April 15, 2012",,ElecTRONica,Hollywood Pictures Backlot,ElecTRONica: Flynn's Arcade,,,,Survivor,10,
Rural Market Jive 998/7,Ethno Ambience ANW 998,,,,"June 7, 2019 → September 2, 2019",,,Paradise Gardens Park,The Tale of the Lion King Interstitial,"This loop played before and after showings of The Tale of the Lion King, an outdoor musical production that ran on the Palisades Stage from June 7, 2019 to September 2, 2019. This loop was compiled on Discord by RocketRodsXPR and pixelated based on a reference recording by pixelated. Version numbers of the Audio Network tracks have not been confirmed. See MouseBits, https://mousebits.com/smf/index.php?topic=10882.msg99178#msg99178 (2023).",00:33.23.7,,"Johan Junior Botha, Graham Clifford",1,
Fish River Canyon 2150/5,Marimba Moods 2150,,,,"June 7, 2019 → September 2, 2019",,,Paradise Gardens Park,The Tale of the Lion King Interstitial,,,,Ian Trapp,10,
Under Wraps 2 2849/93,African Lifestyle 2 ANW 2849,,,,"June 7, 2019 → September 2, 2019",,,Paradise Gardens Park,The Tale of the Lion King Interstitial,,,,Terry Devine King,5,
Battanga 1840/1,Panoramic Percussion ANW 1840,,,,"June 7, 2019 → September 2, 2019",,,Paradise Gardens Park,The Tale of the Lion King Interstitial,,,,Miles Bould,8,
Lazy Sunshine 2849/8,African Lifestyle 2 ANW 2849,,,,"June 7, 2019 → September 2, 2019",,,Paradise Gardens Park,The Tale of the Lion King Interstitial,,,,Terry Devine King,7,
Hamba 997/2,Sowrto Ambience ANW 997,,,,"June 7, 2019 → September 2, 2019",,,Paradise Gardens Park,The Tale of the Lion King Interstitial,,,,"Johan Junior Botha, Graham Clifford",2,
After the Rain 1840/6,Panoramic Percussion ANW 1840,,,,"June 7, 2019 → September 2, 2019",,,Paradise Gardens Park,The Tale of the Lion King Interstitial,,,,Miles Bould,4,
Block To Block 2162/3,Artisan Percussion ANW 2162,,,,"June 7, 2019 → September 2, 2019",,,Paradise Gardens Park,The Tale of the Lion King Interstitial,,,,Miles Bould,3,
Taxi Rank Special ANW 998/8,Ethno Ambience ANW 998,,,,"June 7, 2019 → September 2, 2019",,,Paradise Gardens Park,The Tale of the Lion King Interstitial,,,,"Johan Junior Botha, Graham Clifford",6,
Anba Fond 2 2418/40,African Odyssey ANW 2418,,,,"June 7, 2019 → September 2, 2019",,,Paradise Gardens Park,The Tale of the Lion King Interstitial,,,,John Andrew Barrow,9,
Hamba 997/2,Sowrto Ambience ANW 997,,,,"June 7, 2019 → September 2, 2019",,,Paradise Gardens Park,The Tale of the Lion King Interstitial,,,,"Johan Junior Botha, Graham Clifford",16,Repeat of earlier track
Cheetah 1741/4,African Fusions ANW 1741,,,,"June 7, 2019 → September 2, 2019",,,Paradise Gardens Park,The Tale of the Lion King Interstitial,,,,Lincoln Grounds,13,
Wamhanya 996/6,Harare Streets ANW 996,,,,"June 7, 2019 → September 2, 2019",,,Paradise Gardens Park,The Tale of the Lion King Interstitial,,,,"Cecil Zinyuku, Graham Clifford",11,
Jambo 1741/1,African Fusions ANW 1741,,,,"June 7, 2019 → September 2, 2019",,,Paradise Gardens Park,The Tale of the Lion King Interstitial,,,,Lincoln Grounds,15,
Namasiya 1840/5,Panoramic Percussion ANW 1840,,,,"June 7, 2019 → September 2, 2019",,,Paradise Gardens Park,The Tale of the Lion King Interstitial,,,,Miles Bould,12,
Cheetah 5 1741/38,African Fusions ANW 1741,,,,"June 7, 2019 → September 2, 2019",,,Paradise Gardens Park,The Tale of the Lion King Interstitial,,,,Lincoln Grounds,14,
Heigh-Ho (The Dwarf's Marching Song),,,,,"March 18, 2021 → April 5, 2021",,A Touch of Disney,Performance Corridor,A Touch of Disney v.1,"This was the original BGM for the “A Touch of Disney” event, which was not much longer than an hour. This was a limited-time ticketed event held in March and April 2021 that allowed walking access to much of the Disney California Adventure park while the parks remained closed due to the pandemic. VJ said that this was the loop at opening, which looped twice and was identical both times before additional songs were added (see v.2). Tracklist compiled by VJ on the Mousecord discord server based on YouTube videos.",~1-1.5 hours,,Louis Armstrong,1,
"Try Everything (From ""Zootropolis"")",,,,,"March 18, 2021 → April 5, 2021",,A Touch of Disney,Performance Corridor,A Touch of Disney v.1,,,,Shakira,2,
"A Spoonful of Sugar (From ""Mary Poppins"")",,,,,"March 18, 2021 → April 5, 2021",,A Touch of Disney,Performance Corridor,A Touch of Disney v.1,,,,Kacey Musgraves,3,
Under the Sea,,,,,"March 18, 2021 → April 5, 2021",,A Touch of Disney,Performance Corridor,A Touch of Disney v.1,,,,Squirrel Nut Zippers,4,
Dig a Little Deeper,,,,,"March 18, 2021 → April 5, 2021",,A Touch of Disney,Performance Corridor,A Touch of Disney v.1,,,,China Anne McClain,5,
Get'cha Head in the Game,,,,,"March 18, 2021 → April 5, 2021",,A Touch of Disney,Performance Corridor,A Touch of Disney v.1,,,,DCappella,6,
Grim Grinning Ghosts,,,,,"March 18, 2021 → April 5, 2021",,A Touch of Disney,Performance Corridor,A Touch of Disney v.1,,,,Los Lobos,7,
I'm Your Girl (From Descendants: Wicked World),,,,,"March 18, 2021 → April 5, 2021",,A Touch of Disney,Performance Corridor,A Touch of Disney v.1,,,,Dove Cameron & Sofia Carson,8,
Circle of Life (Remix),,,,,"March 18, 2021 → April 5, 2021",,A Touch of Disney,Performance Corridor,A Touch of Disney v.1,,,,Disney Channel Circle of Stars,9,
The Tiki Tiki Tiki Room,,,,,"March 18, 2021 → April 5, 2021",,A Touch of Disney,Performance Corridor,A Touch of Disney v.1,,,,Los Lobos,10,
Todos Quieren Ser Un Gato Jazz,,,,,"March 18, 2021 → April 5, 2021",,A Touch of Disney,Performance Corridor,A Touch of Disney v.1,,,,"Esteman, Caloncho & Mon Laferte",11,
How Far I'll Go,,,,,"March 18, 2021 → April 5, 2021",,A Touch of Disney,Performance Corridor,A Touch of Disney v.1,,,,DCappella,12,
Heigh-Ho,,,,,"March 18, 2021 → April 5, 2021",,A Touch of Disney,Performance Corridor,A Touch of Disney v.1,,,,Los Lobos,13,
"Friend Like Me (From ""Aladdin"")",,,,,"March 18, 2021 → April 5, 2021",,A Touch of Disney,Performance Corridor,A Touch of Disney v.1,,,,Ne-Yo,14,
The Bare Necessities,,,,,"March 18, 2021 → April 5, 2021",,A Touch of Disney,Performance Corridor,A Touch of Disney v.1,,,,Dr. John & The Nite Trippers,15,
I Wan'na Be Like You,,,,,"March 18, 2021 → April 5, 2021",,A Touch of Disney,Performance Corridor,A Touch of Disney v.1,,,,Imagination Movers,16,
"Zero To Hero (From ""Hercules"")",,,,,"March 18, 2021 → April 5, 2021",,A Touch of Disney,Performance Corridor,A Touch of Disney v.1,,,,Ariana Grande,17,
You've Got a Friend in Me,,,,,"March 18, 2021 → April 5, 2021",,A Touch of Disney,Performance Corridor,A Touch of Disney v.1,,,,Jordan Fisher & Olivia Holt,18,
I2I,,,,,"March 18, 2021 → April 5, 2021",,A Touch of Disney,Performance Corridor,A Touch of Disney v.1,,,,DCappella,19,
When You Wish Upon a Star,,,,,"March 18, 2021 → April 5, 2021",,A Touch of Disney,Performance Corridor,A Touch of Disney v.1,,,,Glenn Miller,20,
It's a Small World,,,,,"March 18, 2021 → April 5, 2021",,A Touch of Disney,Performance Corridor,A Touch of Disney v.1,,,,We Love Disney Artists,21,
A Dream Is a Wish (Reggae Version),,,,,"March 18, 2021 → April 5, 2021",,A Touch of Disney,Performance Corridor,A Touch of Disney v.1,,,,Shyam Moses,22,
Supercalifragilisticoespialidoso,,,,,"March 18, 2021 → April 5, 2021",,A Touch of Disney,Performance Corridor,A Touch of Disney v.1,,,,La Santa Cecilia,23,
"Let It Go (From ""Frozen"")",,,,,"March 18, 2021 → April 5, 2021",,A Touch of Disney,Performance Corridor,A Touch of Disney v.1,,,,Rascal Flatts & Lucy Hale,24,
I Wan'na Be Like You (The Monkey Song),,,,,"March 18, 2021 → April 5, 2021",,A Touch of Disney,Performance Corridor,A Touch of Disney v.1,,,,DCappella,25,
Bajo El Mar,,,,,"March 18, 2021 → April 5, 2021",,A Touch of Disney,Performance Corridor,A Touch of Disney v.1,,,,Alejandro Sanz,26,
"It's All Right (feat. Celeste) [From ""Soul""/ Duet Version]",,,,,"March 18, 2021 → April 5, 2021",,A Touch of Disney,Performance Corridor,A Touch of Disney v.1,,,,Jon Batiste,27,
Cruella de Vil,,,,,"March 18, 2021 → April 5, 2021",,A Touch of Disney,Performance Corridor,A Touch of Disney v.1,,,,Los Lobos,28,
There's a Great Big Beautiful Tomorrow,,,,,"March 18, 2021 → April 5, 2021",,A Touch of Disney,Performance Corridor,A Touch of Disney v.1,,,,They Might Be Giants,29,
"The Rainbow Connection (From ""The Muppet Movie"")",,,,,"March 18, 2021 → April 5, 2021",,A Touch of Disney,Performance Corridor,A Touch of Disney v.1,,,,Gwen Stefani,30,
Atta,A Bug’s Life OST,,,,,,,"""a bug's land""","""it's a bug's land""","This loop played in the exterior queue for It's Tough to Be a Bug! (ITTBAB) and across from the Blue Sky Cellar on the parade route. It is comprised music edited directly from the movie soundtrack with some insect noises occasionally bridging together tracks. Tracklist compiled by C33 based on a source track of unknown origin. C33 says: “I'm not sure of the source of the recording, due to the quality and some noise artifacts it does not appear to be ""source"" audio, however it is in stereo which is unusual for induction recordings. It may, nevertheless, be a stereo induction recording. The loop is comprised of tracks from the official soundtrack, some of which are edited as noted. There are also bug sounds/noises interspersed with and on top of some of the tracks.” See MouseBits, https://mousebits.com/smf/index.php?topic=10829.msg99069#msg99069 (2022) and Magic Music, https://community.magicmusic.net/threads/a-bugs-land-area-music.5252/. ",00:21:47,,Randy Newman,1,Preceded by a few seconds of silence. Cuts to next track with a chime flourish.
Seed to Tree,A Bug’s Life OST,,,,,,,"""a bug's land""","""it's a bug's land""",,,,Randy Newman,2,Crossfade into next track
Flik Leaves,A Bug’s Life OST,,,,,,,"""a bug's land""","""it's a bug's land""",,,,Randy Newman,3,
Loser,A Bug’s Life OST,,,,,,,"""a bug's land""","""it's a bug's land""",,,,Randy Newman,4,Edited
Flik’s Return,A Bug’s Life OST,,,,,,,"""a bug's land""","""it's a bug's land""",,,,Randy Newman,5,A small snippet of intense music is edited out. Track is follwed by insect chirping SFX.
A Bug’s Life Suite,A Bug’s Life OST,,,,,,,"""a bug's land""","""it's a bug's land""",,,,Randy Newman,6,"Almost in full, minus a dramatic portion in the middle. Followed by insect chirps."
Atta,A Bug’s Life OST,,,,,,,"""a bug's land""","""it's a bug's land""",,,,Randy Newman,7,Preceded by a few seconds of silence. Cuts to next track with a chime flourish.
Seed to Tree,A Bug’s Life OST,,,,,,,"""a bug's land""","""it's a bug's land""",,,,Randy Newman,8,Crossfade into next track
Flik Leaves,A Bug’s Life OST,,,,,,,"""a bug's land""","""it's a bug's land""",,,,Randy Newman,9,
Loser,A Bug’s Life OST,,,,,,,"""a bug's land""","""it's a bug's land""",,,,Randy Newman,10,Edited
Flik’s Return,A Bug’s Life OST,,,,,,,"""a bug's land""","""it's a bug's land""",,,,Randy Newman,11,A small snippet of intense music is edited out. Track is follwed by insect chirping SFX.
A Bug’s Life Suite,A Bug’s Life OST,,,,,,,"""a bug's land""","""it's a bug's land""",,,,Randy Newman,12,"Almost in full, minus a dramatic portion in the middle. Followed by insect chirps."
A Dream is a Wish,The Circle Sessions: Piano Performances from Carthay Circle - Vol. 2,,,,"June 15, 2012",,,Buena Vista Street,Carthay Circle Restaurant [REF],"This loop plays upstairs in the Carthay Circle Restaurant. The Disney Parks Blog has said regarding the Carthay Circle loops, “Guests on the first level will often hear these pieces represented by an ensemble trio, while those dining in the restaurant upstairs, will enjoy the same music but in a variety of light jazz piano tones.” Recordings have noted that the lounge is not quite synced with the upstairs piano loop, but many of the songs are in the same order. Several songs in this loop are repeated to fill time gaps, and some unreleased alt takes are present. See MouseBits, https://mousebits.com/smf/index.php?topic=8018.msg72181#msg72181 (2013) and https://mousebits.com/smf/index.php?topic=10920.msg99364#msg99364 (2023). Also see the Disney Parks Blog, https://web.archive.org/web/20121104212841/http://disneyparks.disney.go.com/blog/2012/11/new-album-captures-the-perfect-tone-for-carthay-circle-restaurant-and-lounge-at-disney-california-adventure-park.",01:16:54.473,00:02:59.465,Bill Cantos,1,
A Whole New World,The Circle Sessions: Piano Performances from Carthay Circle - Vol. 2,,,,"June 15, 2012",,,Buena Vista Street,Carthay Circle Restaurant [REF],,,00:02:49.612,Bill Cantos,2,
Winnie the Pooh,The Circle Sessions (Piano Performances from Carthay Circle),,,,"June 15, 2012",,,Buena Vista Street,Carthay Circle Restaurant [REF],,,00:03:10.065,Bill Cantos,3,
I See the Light,The Circle Sessions: Piano Performances from Carthay Circle - Vol. 2,,,,"June 15, 2012",,,Buena Vista Street,Carthay Circle Restaurant [REF],,,00:01:28.441,Bill Cantos,4,
Once Upon a Dream,The Circle Sessions (Piano Performances from Carthay Circle),,,,"June 15, 2012",,,Buena Vista Street,Carthay Circle Restaurant [REF],,,00:02:25.596,Bill Cantos,5,Edited start-1:40.285; 2:06.485-end
You Can Fly! You Can Fly! You Can Fly!,The Circle Sessions: Piano Performances from Carthay Circle - Vol. 2,,,,"June 15, 2012",,,Buena Vista Street,Carthay Circle Restaurant [REF],,,00:02:16.175,Bill Cantos,6,
Married Life,The Circle Sessions (Piano Performances from Carthay Circle),,,,"June 15, 2012",,,Buena Vista Street,Carthay Circle Restaurant [REF],,,00:02:51.781,Bill Cantos,7,
King of New York,The Circle Sessions (Piano Performances from Carthay Circle),,,,"June 15, 2012",,,Buena Vista Street,Carthay Circle Restaurant [REF],,,00:02:03.828,Bill Cantos,8,Possible start of loop; preceded by 0.358 second gap
Some Day My Prince Will Come,The Circle Sessions (Piano Performances from Carthay Circle),,,,"June 15, 2012",,,Buena Vista Street,Carthay Circle Restaurant [REF],,,00:02:18.284,Bill Cantos,9,
Alice in Wonderland,The Circle Sessions (Piano Performances from Carthay Circle),,,,"June 15, 2012",,,Buena Vista Street,Carthay Circle Restaurant [REF],,,00:02:41.703,Bill Cantos,10,
Who's Afraid Of The Big Bad Wolf ,The Circle Sessions (Piano Performances from Carthay Circle),,,,"June 15, 2012",,,Buena Vista Street,Carthay Circle Restaurant [REF],,,00:02:56.859,Bill Cantos,11,
Baby Mine,The Circle Sessions: Piano Performances from Carthay Circle - Vol. 2,,,,"June 15, 2012",,,Buena Vista Street,Carthay Circle Restaurant [REF],,,00:02:17.839,Bill Cantos,12,
I Wan'na Be Like You,The Circle Sessions (Piano Performances from Carthay Circle),,,,"June 15, 2012",,,Buena Vista Street,Carthay Circle Restaurant [REF],,,00:03:08.241,Bill Cantos,13,
Little April Shower,The Circle Sessions: Piano Performances from Carthay Circle - Vol. 2,,,,"June 15, 2012",,,Buena Vista Street,Carthay Circle Restaurant [REF],,,00:01:04.043,Bill Cantos,14,
Cruella De Vil,The Circle Sessions (Piano Performances from Carthay Circle),,,,"June 15, 2012",,,Buena Vista Street,Carthay Circle Restaurant [REF],,,00:02:43.075,Bill Cantos,15,"Edited start-2:06.447, then spliced with unreleased alternate take"
You've Got a Friend in Me,The Circle Sessions: Piano Performances from Carthay Circle - Vol. 2,,,,"June 15, 2012",,,Buena Vista Street,Carthay Circle Restaurant [REF],,,00:02:17.676,Bill Cantos,16,
Once Upon a Dream,The Circle Sessions (Piano Performances from Carthay Circle),,,,"June 15, 2012",,,Buena Vista Street,Carthay Circle Restaurant [REF],,,00:02:52.189,Bill Cantos,17,Unedited
Can You Feel the Love Tonight,The Circle Sessions: Piano Performances from Carthay Circle - Vol. 2,,,,"June 15, 2012",,,Buena Vista Street,Carthay Circle Restaurant [REF],,,00:02:15.920,Bill Cantos,18,
A Dream Is A Wish Your Heart Makes,The Circle Sessions: Piano Performances from Carthay Circle - Vol. 2,,,,"June 15, 2012",,,Buena Vista Street,Carthay Circle Restaurant [REF],,,00:02:59.127,Bill Cantos,19,
Le Festin,The Circle Sessions: Piano Performances from Carthay Circle - Vol. 2,,,,"June 15, 2012",,,Buena Vista Street,Carthay Circle Restaurant [REF],,,00:02:00.444,Bill Cantos,20,
He's a Tramp,The Circle Sessions: Piano Performances from Carthay Circle - Vol. 2,,,,"June 15, 2012",,,Buena Vista Street,Carthay Circle Restaurant [REF],,,00:02:18.770,Bill Cantos,21,
Ev'rybody Wants to Be a Cat,The Circle Sessions (Piano Performances from Carthay Circle),,,,"June 15, 2012",,,Buena Vista Street,Carthay Circle Restaurant [REF],,,00:02:40.786,Bill Cantos,22,
Be Our Guest,The Circle Sessions: Piano Performances from Carthay Circle - Vol. 2,,,,"June 15, 2012",,,Buena Vista Street,Carthay Circle Restaurant [REF],,,00:02:34.636,Bill Cantos,23,
Winnie the Pooh,Unreleased,,,,"June 15, 2012",,,Buena Vista Street,Carthay Circle Restaurant [REF],,,00:00:46.065,Bill Cantos,24,Alternate take
If I Didn't Have You,The Circle Sessions: Piano Performances from Carthay Circle - Vol. 2,,,,"June 15, 2012",,,Buena Vista Street,Carthay Circle Restaurant [REF],,,00:02:09.286,Bill Cantos,25,
Some Day My Prince Will Come,The Circle Sessions (Piano Performances from Carthay Circle),,,,"June 15, 2012",,,Buena Vista Street,Carthay Circle Restaurant [REF],,,00:02:17.914,Bill Cantos,26,
Let's Go Fly a Kite,The Circle Sessions (Piano Performances from Carthay Circle),,,,"June 15, 2012",,,Buena Vista Street,Carthay Circle Restaurant [REF],,,00:02:25.229,Bill Cantos,27,
You've Got a Friend in Me,The Circle Sessions: Piano Performances from Carthay Circle - Vol. 2,,,,"June 15, 2012",,,Buena Vista Street,Carthay Circle Restaurant [REF],,,00:02:18.069,Bill Cantos,28,
"Cruella De Vil ",The Circle Sessions (Piano Performances from Carthay Circle),,,,"June 15, 2012",,,Buena Vista Street,Carthay Circle Restaurant [REF],,,00:02:42.808,Bill Cantos,29,"Edited start-2:06.447, then spliced with unreleased alternate take"
Almost There,The Circle Sessions: Piano Performances from Carthay Circle - Vol. 2,,,,"June 15, 2012",,,Buena Vista Street,Carthay Circle Restaurant [REF],,,00:02:29.135,Bill Cantos,30,
It's A Small World,The Circle Sessions: Piano Performances from Carthay Circle - Vol. 2,,,,"June 15, 2012",,,Buena Vista Street,Carthay Circle Restaurant [REF],,,00:01:41.509,Bill Cantos,31,
True Love's Kiss,The Circle Sessions (Piano Performances from Carthay Circle),,,,"June 15, 2012",,,Buena Vista Street,Carthay Circle Restaurant [REF],,,00:02:49.531,Bill Cantos,32,
An Adventure 2 2605/35,"Simple, Elegant, Quirky ANW 2605",,,,"June 28, 2019",Inside Out Headquarters,,Pixar Pier,Inside Out Emotional Whirlwind [REF],"This loop plays in the Inside Out Headquarters neighborhood of Pixar Pier in the area immediately surrounding the ‘Inside Out’ Emotional Whirlwind attraction.  Tracklist compiled by SSrustworthy based on pixelated’s induction recording. See MouseBits, https://mousebits.com/smf/index.php?topic=10901.msg99259#msg99259 (2023).",00:19:54.776,00:02:31.740,"Philip Guyler, John Stax",1,Edited 0:00.908 to crossfade out at 2:30.292
Bundle of Joy,Inside Out OST,,,,"June 28, 2019",Inside Out Headquarters,,Pixar Pier,Inside Out Emotional Whirlwind [REF],,,00:01:40.056,Michael Giacchino,2,"crossfade in at 0:59.049, crossfade out at 2:41.026"
Memory Lanes,Inside Out OST,,,,"June 28, 2019",Inside Out Headquarters,,Pixar Pier,Inside Out Emotional Whirlwind [REF],,,00:00:09.269,Michael Giacchino,3,"crossfade in at 0:09.821, crossfade out at 0:18.111"
Rainbow Flyer,Inside Out OST,,,,"June 28, 2019",Inside Out Headquarters,,Pixar Pier,Inside Out Emotional Whirlwind [REF],,,00:00:45.653,Michael Giacchino,4,"crossfade in at 1:14.666, fade out at 1:59.482; sometimes TripleDent transmission can be randomly heard."
Tangled 2605/4,"Simple, Elegant, Quirky ANW 2605",,Audio Network,,"June 28, 2019",Inside Out Headquarters,,Pixar Pier,Inside Out Emotional Whirlwind [REF],,,00:02:15.453,Philip Guyler,5,crossfade out at 2:15.115
The Joy of Credits,Inside Out OST,,,,"June 28, 2019",Inside Out Headquarters,,Pixar Pier,Inside Out Emotional Whirlwind [REF],,,00:00:33.253,Michael Giacchino,6,"crossfade in at 4:57.632, crossfade out at 5:30.184"
Free Skating,Inside Out OST,,,,"June 28, 2019",Inside Out Headquarters,,Pixar Pier,Inside Out Emotional Whirlwind [REF],,,00:00:33.280,Michael Giacchino,7,"slight crossfade at 0:00.000, crossfade out at 0:32.769"
Joy Turns To Sadness,Inside Out OST,,,,"June 28, 2019",Inside Out Headquarters,,Pixar Pier,Inside Out Emotional Whirlwind [REF],,,00:00:42.233,Michael Giacchino,8,"crossfade in at 4:40.426, crossfade out at 5:21.147"
Joy of Credits,Inside Out OST,,,,"June 28, 2019",Inside Out Headquarters,,Pixar Pier,Inside Out Emotional Whirlwind [REF],,,00:02:17.737,Michael Giacchino,9,"crossfade in at 5:37.317, fade out at 7:52.975"
Rainbow Land 2779/1,Orchestral Whimsy ANW 2779,,Audio Network,,"June 28, 2019",Inside Out Headquarters,,Pixar Pier,Inside Out Emotional Whirlwind [REF],,,00:01:52.325,Robert Northcott,10,fade out at 1:52.385
Chasing Down Sadness,Inside Out OST,,,,"June 28, 2019",Inside Out Headquarters,,Pixar Pier,Inside Out Emotional Whirlwind [REF],,,00:00:56.108,Michael Giacchino,11,crossfade out at 0:55.733
Abstract Thought,Inside Out OST,,,,"June 28, 2019",Inside Out Headquarters,,Pixar Pier,Inside Out Emotional Whirlwind [REF],,,00:00:50.985,Michael Giacchino,12,"crossfade in at 0:51.523, crossfade out at 1:40.128"
Overcoming Sadness,Inside Out OST,,,,"June 28, 2019",Inside Out Headquarters,,Pixar Pier,Inside Out Emotional Whirlwind [REF],,,00:00:49.212,Michael Giacchino,13,crossfade out at 0:47.135
Memory Lanes,Inside Out OST,,,,"June 28, 2019",Inside Out Headquarters,,Pixar Pier,Inside Out Emotional Whirlwind [REF],,,00:00:54.786,Michael Giacchino,14,"crossfade in at 0:02.127, crossfade out at 0:58.114"
Nomanisone Island/National Movers,Inside Out OST,,,,"June 28, 2019",Inside Out Headquarters,,Pixar Pier,Inside Out Emotional Whirlwind [REF],,,00:01:11.021,Michael Giacchino,15,"crossfade in at 0:00.000, crossfade out at 1:09.851"
Escaping the Subconcious,Inside Out OST,,,,"June 28, 2019",Inside Out Headquarters,,Pixar Pier,Inside Out Emotional Whirlwind [REF],,,00:00:08.673,Michael Giacchino,16,"crossfade in at 0:27.040, crossfade out at 0:37.032"
Dream a Little Nightmare,Inside Out OST,,,,"June 28, 2019",Inside Out Headquarters,,Pixar Pier,Inside Out Emotional Whirlwind [REF],,,00:01:42.983,Michael Giacchino,17,"crossfade in at 0:00.000, silence from 0:39.008 to 0:41.380 removed, fade out at 1:45.803"
Moonlight Serenade,In the Digital Mood [1983],,,,,,,Hollywood Pictures Backlot,Hollywood and Dine,"This loop played in Hollywood and Dine (the “Stage 12” soundstage) from February until late 2001. Verified tracklist by pixelated based on his reference recording.  It appears to have originated with DHS’s The Brown Derby restaurant loop with some notable speed differences. All tracks asides from the Woody Herman have verified source albums, with release dates prior to DHS’s 1988 opening. See MouseBits, https://mousebits.com/smf/index.php?topic=5376.msg42841#msg42841 and https://mousebits.com/smf/index.php?topic=9294.msg87937#msg87937 and https://mousebits.com/smf/index.php?topic=8750.msg83783#msg83783.",~59 minutes (Playback had glitch),,Glenn Miller Orchestra,1,
Felicity Theme,Felicity: Music From The Hit Television Series,,,,"February 8, 2001 → June 1, 2004",,,Hollywood Pictures Backlot,Hollywood Pictures Backlot v.1,,,,Judith Owen,6,Starts at 00:01.627 in album track to omit the inhale at the start of the beginning.
A Premonition,Frankenweenie OST,,,12,"September 14, 2012 → November 5, 2012",,,Hollywood Pictures Backlot,The Art of Frankenweenie Exhibition,"This loop played in the Animation Building lobby in-between trailer showings while The Art of Frankenweenie exhibit was in residence in 2012. Preliminary tracklist compiled by RocketRodsXPR based on a reference recording by pixelated. See MouseBits, https://mousebits.com/smf/index.php?topic=7598.msg67579#msg67579 for a live recording and notes (2012).",00:15:00.865 (with trailer),,Danny Elfman,1,Begins immediately following trailer; next track overlaps starting at 1:21:862 mark
Game of Death,Frankenweenie OST,,,4,"September 14, 2012 → November 5, 2012",,,Hollywood Pictures Backlot,The Art of Frankenweenie Exhibition,,,,Danny Elfman,2,
Unreleased,Unreleased,,,,"September 14, 2012 → November 5, 2012",,,Hollywood Pictures Backlot,The Art of Frankenweenie Exhibition,,,,Danny Elfman,3,
The Bride/Edgar Knows,Frankenweenie OST,,,10,"September 14, 2012 → November 5, 2012",,,Hollywood Pictures Backlot,The Art of Frankenweenie Exhibition,,,,Danny Elfman,4,next track overlaps starting at 2:17:425 mark
The Speech,Frankenweenie OST,,,13,"September 14, 2012 → November 5, 2012",,,Hollywood Pictures Backlot,The Art of Frankenweenie Exhibition,,,,Danny Elfman,5,next track overlaps starting at 1:19:641 mark
Sparky's Day Out,Frankenweenie OST,,,8,"September 14, 2012 → November 5, 2012",,,Hollywood Pictures Backlot,The Art of Frankenweenie Exhibition,,,,Danny Elfman,6,
"Unreleased ""Weird Girl"" Saw theme",Unreleased,,,,"September 14, 2012 → November 5, 2012",,,Hollywood Pictures Backlot,The Art of Frankenweenie Exhibition,,,,Danny Elfman,7,takes up 0:09.716 of space between end of 6 and beginning of 7
Invisible Fish/Search for Sparky,Frankenweenie OST,,,11,"September 14, 2012 → November 5, 2012",,,Hollywood Pictures Backlot,The Art of Frankenweenie Exhibition,,,,Danny Elfman,8,"moderate fade in at 3:32.266 of the album track, plays through end"
All of You - Instrumental,"Encanto OST
",,,,,,,Paradise Gardens Park,"Mirabel from ""Encanto"" Meet and Greet",This loop played inside of the MIrabel Meet and Greet gazebo near Boardwalk Pizza and Pasta in 2022. Partial tracklist verified by SSrustworthy and RocketRodsXPR using YouTube footage (discord communications).,Unknown,Unknown,Lin-Manuel Miranda,1,
Woody’s Roundup,Unreleased,,,,"March 28, 2019",Toy Story Boardwalk,,Pixar Pier,Jessie's Critter Carousel Onride,,,,,6,
Jessie Saves the Day,Unreleased,,,,"March 28, 2019",Toy Story Boardwalk,,Pixar Pier,Jessie's Critter Carousel Onride,,,,,2,
"Jessie, The Yodeling Cowgirl",Unreleased,,,,"March 28, 2019",Toy Story Boardwalk,,Pixar Pier,Jessie's Critter Carousel Onride,,,,,5,
Prospector Pete,Unreleased,,,,"March 28, 2019",Toy Story Boardwalk,,Pixar Pier,Jessie's Critter Carousel Onride,,,,,3,
The Ballad of Bullseye,Unreleased,,,,"March 28, 2019",Toy Story Boardwalk,,Pixar Pier,Jessie's Critter Carousel Onride,,,,,4,
Hey Howdy Hey,Unreleased,,,,"March 28, 2019",Toy Story Boardwalk,,Pixar Pier,Jessie's Critter Carousel Onride,"This is an onride attraction loop that plays onboard Jessie’s Critter Carousel. The tracks only play when the carousel is in motion, one track at a time. The exact order of the tracks is unknown, and what is known was checked via several YT videos by SSrustworthy. The carousel features six rearranged musical tracks including the “Woody’s Roundup Theme” and several other songs from the show within a show from Toy Story 2. A brand new song, “Jessie Saves The Day” was written specifically for the attraction. See Pixar Post, https://pixarpost.com/2019/04/climb-aboard-jessies-critter-carousel.html (2019).",Unknown,,,1,
Wake Up T'Challa,Black Panther OST,,,,"November 11, 2022",,,Avengers Campus,Black Panther Celebration Garden [REF],"This loop played in the Black Panther Celebration Garden, which was a Black Panther themed area added to Avengers Campus in Disney California Adventure to promote Black Panther: Wakanda Forever. It ran from November 15, 2022 until January 8, 2023. Tracklist compiled by pixelated based on his reference recording. He noted that the timecode values may be off because many of the source tracks start with fades and their use in the loop may overlap with the preceding track. That makes it harder to hear, and to see in the recording's spectrogram, when the track starts to play. The only edits are to ensure there are minimal silences between tracks. The loop's level drops but doesn't completely fade and is temporarily replaced by the United Nations/End Titles track for the arrival of Shuri at the garden. ",00:25:58.597,00:06:02.174,Ludwig Göransson,1,
Is This Wakanda?,Black Panther OST,,,,"November 11, 2022",,,Avengers Campus,Black Panther Celebration Garden [REF],,,00:02:33.552,Ludwig Göransson,2,
"Wakanda ",Black Panther OST,,,,"November 11, 2022",,,Avengers Campus,Black Panther Celebration Garden [REF],,,00:02:13.293,Ludwig Göransson feat. Baaba Maal,3,
Wakanda Origins,Black Panther OST,,,,"November 11, 2022",,,Avengers Campus,Black Panther Celebration Garden [REF],,,00:01:36.460,Ludwig Göransson,4,
Loyal to the Throne,Black Panther OST,,,,"November 11, 2022",,,Avengers Campus,Black Panther Celebration Garden [REF],,,00:01:24.663,Ludwig Göransson,5,
A New Day,Black Panther OST,,,,"November 11, 2022",,,Avengers Campus,Black Panther Celebration Garden [REF],,,00:01:36.401,Ludwig Göransson,6,
A King's Sunset,Black Panther OST,,,,"November 11, 2022",,,Avengers Campus,Black Panther Celebration Garden [REF],,,00:04:17.120,Ludwig Göransson,7,
Ancestral Plane,Black Panther OST,,,,"November 11, 2022",,,Avengers Campus,Black Panther Celebration Garden [REF],,,00:03:52.183,Ludwig Göransson,8,
Phambili,Black Panther OST,,,,"November 11, 2022",,,Avengers Campus,Black Panther Celebration Garden [REF],,,00:02:22.750,Ludwig Göransson,9,
See loop notes,,,,,"December 20, 2002 → January 8, 2018",,,Paradise Pier,Ariel's Grotto,"This loop played in the interior of Ariel’s Grotto, presumably from its opening in 2002 until its retheming in January 2018. Based on https://www.youtube.com/watch?v=QTCUL1hBdVA, the music apparently have played the Mermaid’s Lagoon exterior music from Tokyo Disneysea, which is a ~30 minute unreleased loop of various motifs from the soundtrack of The Little Mermaid with a soft orchestra. See MouseBits, https://mousebits.com/smf/index.php?topic=10926.msg99404#msg99404.",~30 minutes,,,1,
Chapel of Love,,,,,,,,Cars Land,Flo's V8 Café (interior),,, 2:39.902,The Dixie Cups,31,
Mirabel's Cumbia,Encanto OST,,,,,,,"Pacific Wharf, Performance Corridor",Magic Key Terrace [REF],"This loop plays in the seating area and restrooms of the Magic Key Terrace, which opened on the top floor of the Golden Vine Winery on Aug. 25, 2021. The loop has been known to change for holiday events. Tracklist compiled by pixelated based on several reference recordings. See MouseBits, https://forums.mousebits.com/threads/magic-key-terrace.11047/(2024). ",3:04:21.026,,Germaine Franco,1,
Hakuna Matata,The Lion King,,,,,,,Hollywood Land,Off the Page v.2,"This loop plays inside the ‘Off the Page’ retail location in the Disney Animation Building. This loop was originally noted on the Magic Music forums by X-S Tech, Re: https://community.magicmusic.net/threads/new-playlist-dcas-off-the-page.1460/#post-9830 (2004). A newer tracklist was posted by SSrustworthy on MouseBits, Re: https://forums.mousebits.com/threads/dca-off-the-page.11049/ (2024). In the years since, it appears to have altered slightly. “Following the Leader” (Peter Pan) was replaced by “How Far I’ll Go” (Moana) at some point after 2016, presumably to remove the racist lyrics. Topsy Turvy may have also been added. The tracks are largely limited to their vocal portions, such that intro or outro instrumental portions on their OST releases are trimmed but there are otherwise no intra-track edits.",01:02:52.489,00:03:26.767,,1,"Preceded by 00:00:00.793 of silence/space between tracks. Does not match the Legacy Collection release, which has an extended instrumental midsection with missing clarinet solo."
I'll Make a Man Out of You,Mulan,,,,,,,Hollywood Land,Off the Page v.2,,,00:03:17.517,,2,Changed position compared to 2004 version.
Bella Notte,The Lady and the Tramp,,,,,,,Hollywood Land,Off the Page v.2,,,00:02:38.931,,23,
Hercules,Hercules,,,,,,,Hollywood Land,Off the Page v.2,,,00:02:16.630,,22,
All in the Golden Afternoon,Alice in Wonderland,,,,,,,Hollywood Land,Off the Page v.2,,,00:02:24.604,,21,
Topsy Turvy Day,The Hunchback of Notre Dame,,,,,,,Hollywood Land,Off the Page v.2,,,00:02:25.062,,20,
Bibbidi Bobbidi Boo,Cinderella,,,,,,,Hollywood Land,Off the Page v.2,,,00:00:48.567,,19,
Beauty and the Beast,Beauty and the Beast,,,,,,,Hollywood Land,Off the Page v.2,,,00:02:41.853,,18,
I Wan'na Be Like You (The Monkey Song,The Jungle Book,,,,,,,Hollywood Land,Off the Page v.2,,,00:04:36.039,,17,
When Somebody Loved Me,Toy Story 2,,,,,,,Hollywood Land,Off the Page v.2,,,00:03:03.598,,16,
Friend Like Me,Aladdin,,,,,,,Hollywood Land,Off the Page v.2,,,00:02:26.706,,15,
Hi-Diddle-Dee-Dee (An Actor's Life for Me),Pinocchio,,,,,,,Hollywood Land,Off the Page v.2,,,00:01:37.282,,14,
I Just Can't Wait to Be King,The Lion King,,,,,,,Hollywood Land,Off the Page v.2,,,00:02:46.244,,13,
Why Should I Worry,Oliver and Company,,,,,,,Hollywood Land,Off the Page v.2,,,00:03:27.916,,12,
Part of Your World,The Little Mermaid,,,,,,,Hollywood Land,Off the Page v.2,,,00:03:11.834,,11,Starts at “Maybe he’s right…”
Trashin' The Camp,Tarzan,,,,,,,Hollywood Land,Off the Page v.2,,,00:02:14.678,,10,
The Silly Song (The Dwarfs' Yodel Song),Snow White,,,,,,,Hollywood Land,Off the Page v.2,,,00:04:31.603,,9,
A Guy Like You,The Hunchback of Notre Dame,,,,,,,Hollywood Land,Off the Page v.2,,,00:02:51.652,,8,
I Wonder,Sleeping Beauty,,,,,,,Hollywood Land,Off the Page v.2,,,00:01:33.613,,7,
Under the Sea,The Little Mermaid,,,,,,,Hollywood Land,Off the Page v.2,,,00:03:11.019,,6,
Just Around The Riverbend,Pocahontas,,,,,,,Hollywood Land,Off the Page v.2,,,00:02:19.870,,5,Changed position compared to 2004 version.
I Got No Strings,Pinocchio,,,,,,,Hollywood Land,Off the Page v.2,,,00:02:20.198,,4,Changed position compared to 2004 version.
How Far I'll Go,Moana,,,,,,,Hollywood Land,Off the Page v.2,,,00:02:40.297,,3,Replaced “Following the Leader” from Peter Pan. Changed position compared to 2004 version.
"It’s Been a Long, Long Time",,,,,,,,Hollywood Land,Rogers: The Musical Interstitial [INC],"This interstitial loop played inside the Hyperion Theatre in DCA for Rogers: The Musical. The loop restarts at the conclusion of any given show and includes two custom Buena Vista Street advertising jingles. Show announcements are played separately. Loop reference compiled based on YouTube livestreams and is missing songs played after Moonlight Serenade. See MouseBits, https://forums.mousebits.com/threads/rogers-the-musical-pre-show-loop-exit-music.10965/post-100091 (2024). Compiled by monorail91 and SSrustworthy.",>41:30,01:01.325,"Harry James and His Orchestra, Helen Forrest",1,3:26 version; edited to include instrumental introduction only
King Porter Stomp,,,,,,,,Hollywood Land,Rogers: The Musical Interstitial [INC],,,03:27.707,Glenn Miller and His Orchestra,2,Edited
Bumble Bee Stomp,,,,,,,,Hollywood Land,Rogers: The Musical Interstitial [INC],,,02:54.342,Benny Goodman and His Orchestra,3,Edited
“Trolley Treats” jingle (original song),Unreleased,,,,,,,Hollywood Land,Rogers: The Musical Interstitial [INC],,,00:25.520,,4,Advertisement featuring a women’s singing troupe for Buena Vista Street’s Trolley Treats
Moonglow,,,,,,,,Hollywood Land,Rogers: The Musical Interstitial [INC],,,03:06.916,Artie Shaw and His Orchestra,5,Edited
Let’s Dance,,,,,,,,Hollywood Land,Rogers: The Musical Interstitial [INC],,,02:31.410,Benny Goodman and His Orchestra,6,Slight fade in
I'm in the Mood for Love,,,,,,,,Hollywood Land,Rogers: The Musical Interstitial [INC],,,02:56.039,Tommy Dorsey and His Orchestra,7,Edited
"""Elias & Co."" jingle (original song)",Unreleased,,,,,,,Hollywood Land,Rogers: The Musical Interstitial [INC],,,00:32.760,,8,Advertisement featuring a male vocalist for Elias & Co. on Buena Vista Street
I’ll Be Seeing You,,,,,,,,Hollywood Land,Rogers: The Musical Interstitial [INC],,,02:56.522,Tommy Dorsey and His Orchestra,12,Edited; 1:41 version
American Patrol,,,,,,,,Hollywood Land,Rogers: The Musical Interstitial [INC],,,00:35.583,Glenn Miller and His Orchestra,11,Edited
Darktown Strutters Ball,,,,,,,,Hollywood Land,Rogers: The Musical Interstitial [INC],,,02:42.716,Benny Goodman and His Orchestra,10,
"It’s Been a Long, Long Time",,,,,,,,Hollywood Land,Rogers: The Musical Interstitial [INC],,,01:00.917,Harry James and His Orchestra,9,"Edited to only introduction to remove vocals, but edit is just slightly shorter than earlier feature in loop"
Bugle Call Rag,,,,,,,,Hollywood Land,Rogers: The Musical Interstitial [INC],,,02:48.808,Benny Goodman and His Orchestra,13,
Star Dust,,,,,,,,Hollywood Land,Rogers: The Musical Interstitial [INC],,,02:55.827,Benny Goodman and His Orchestra,14,
Jersey Bounce,,,,,,,,Hollywood Land,Rogers: The Musical Interstitial [INC],,,03:12.459,Benny Goodman and His Orchestra,15,
A String of Pearls,,,,,,,,Hollywood Land,Rogers: The Musical Interstitial [INC],,,03:12.192,Glenn Miller and His Orchestra,16,
Kiss the Boys Goodbye,,,,,,,,Hollywood Land,Rogers: The Musical Interstitial [INC],,,03:20.925,Tommy Dorsey & His Orchestra; Connie Haines,17,
Moonlight Serenade,,,,,,,,Hollywood Land,Rogers: The Musical Interstitial [INC],,,incomplete,Glenn Miller and His Orchestra,18,Track incomplete in reference recording. May not be the final track
Titans Spirit (Score),Remember The Titans (An Original Walt Disney Records Soundtrack),,,,"February 8, 2001 → June 1, 2004",,,Hollywood Pictures Backlot,Hollywood Pictures Backlot v.1,,,,Trevor Rabin,20,Edited to include start--01:08.856
Too Much Monkey Business,,,,,,,,Hollywood Pictures Backlot,Coca Cola Gorilla,"This loop played in the vicinity of the Coca Cola Ice Cold Refreshment drive-in, where a gorilla in a convertible could be seen driving off with a trunkful of Coca Cola bottles. Track identified by SSrustworthy based on home footage by MouseBits user CThaddeus. See MouseBits, https://forums.mousebits.com/threads/coca-cola-ice-cold-refreshment-drive-in-gorilla.11067/ 2024.",Unknown,,Chuck Berry,1,This is the only song in the loop. It could be heard between radio announcements about the gorilla on the loose (see MouseBits post for transcript).
Can You Feel The Love Tonight,The Circle Sessions (The Music of Carthay Circle),,,8,"June 15, 2012",,,Buena Vista Street,Carthay Circle Lounge [INC],,,,The Circle Session Players,16,
Zip-a-Dee-Doo-Dah,Unreleased,,,,"June 15, 2012",,,Buena Vista Street,Carthay Circle Lounge [INC],,,,The Circle Session Players,17,
Le Festin,The Circle Sessions: The Music of Carthay Circle - Vol. 2,,,9,"June 15, 2012",,,Buena Vista Street,Carthay Circle Lounge [INC],,,,The Circle Session Players,18,
He’s a Tramp,The Circle Sessions (The Music of Carthay Circle),,,7,"June 15, 2012",,,Buena Vista Street,Carthay Circle Lounge [INC],,,,The Circle Session Players,19,
"California, Here I Come",The Best Of The Decca Years [1992],,,,,,,Sunshine Plaza,Sunshine Plaza Holiday v.1 [PRE],,,,Al Jolson,2,
California Sun,Forrest Gump (The Soundtrack) [1994],,,,,,,Sunshine Plaza,Sunshine Plaza Holiday v.1 [PRE],,,,The Rivieras,3,
Avalon,Unforgettable: With Love,,,,,,,Sunshine Plaza,Sunshine Plaza Holiday v.1 [PRE],,,,Natalie Cole,5,
The Little Old Lady (From Pasadena),The Best Of Jan And Dean [1990],,,,,,,Sunshine Plaza,Sunshine Plaza Holiday v.1 [PRE],,,,Jan & Dean,6,
San Fernando Valley,,,,,,,,Sunshine Plaza,Sunshine Plaza Holiday v.1 [PRE],,,,Bing Crosby,7,
Surf City,,,,,,,,Sunshine Plaza,Sunshine Plaza Holiday v.1 [PRE],,,,Jan & Dean,8,
San Francisco (Be Sure to Wear Flowers in Your Hair),Forrest Gump (The Soundtrack) [1994],,,,,,,Sunshine Plaza,Sunshine Plaza Holiday v.1 [PRE],,,,Scott McKenzie,9,
"Great Movie Ride, 'Hooray for Hollywood’",Walt Disney World Forever,,,,,,,Sunshine Plaza,Sunshine Plaza Holiday v.1 [PRE],,,,,11,
Route 66,Unforgettable: With Love [1991],,,,,,,Sunshine Plaza,Sunshine Plaza Holiday v.1 [PRE],,,,Natalie Cole,12,
Do You Know the Way to San Jose,AM Gold 1968 [1994],,,,,,,Sunshine Plaza,Sunshine Plaza Holiday v.1 [PRE],,,,Dionne Warwick,13,
California Girls,Endless Summer,,,,,,,Sunshine Plaza,Sunshine Plaza Holiday v.1 [PRE],,,,The Beach Boys,14,
I Love L.A.,Guilty: 30 Years Of Randy Newman [1998],,,,,,,Sunshine Plaza,Sunshine Plaza Holiday v.1 [PRE],,,,Randy Newman,16,
Hollywood Nights,Greatest Hits [1994],,,,,,,Sunshine Plaza,Sunshine Plaza Holiday v.1 [PRE],,,,Bob Seger & The Silver Bullet Band,17,
Surfin' USA,Endless Summer,,,,,,,Sunshine Plaza,Sunshine Plaza Holiday v.1 [PRE],,,,The Beach Boys,18,
San Francisco Bay Blues,A Song Will Rise,,,,,,,Sunshine Plaza,Sunshine Plaza Holiday v.1 [PRE],,,,"Peter, Paul and Mary",19,
26 Miles (Santa Catalina),The Capitol Collector's Series [1989],,,,,,,Sunshine Plaza,Sunshine Plaza Holiday v.1 [PRE],,,,The Four Preps,21,
Avalon,Unforgettable: With Love [1991],,,,,,,Sunshine Plaza,Sunshine Plaza Holiday v.1 [PRE],,,,Natalie Cole,4,
Little Saint Nick,,,,,,,,Sunshine Plaza,Sunshine Plaza Holiday v.1 [PRE],,,,The Beach Boys,10,
Feliz Navidad,,,,,,,,Sunshine Plaza,Sunshine Plaza Holiday v.1 [PRE],,,,José Feliciano,15,
Sleigh Ride,,,,,,,,Sunshine Plaza,Sunshine Plaza Holiday v.1 [PRE],,,,The Ventures,20,
Scherzino Mexicano (Arr. A. Díaz for Guitar),Spirit of the Guitar: Music of the Americas,,,,"February 8, 2001 → May 31, 2011",Pacific Wharf,,"Golden State, Pacific Wharf",Mission Tortilla Factory [INC],"This loop played inside the Mission Tortilla Factory from the speakers above the second entrance doorway with the automatic doors, adjacent to the video display. Likely heard from 2001 until closure on May 31, 2011. Not much is known about this loop aside from the snippets available in YouTube videos identified by RocketRodsXPR and verified by SSrustworthy. Given that it only played between preshow showings, it may have been a very short loop — across 6 videos, only two tracks were heard. See MouseBits, https://forums.mousebits.com/threads/mission-tortilla-factory.11158/ (2025.)",Unknown,,John C. Williams,1,"Heard in the following YouTube videos: https://www.youtube.com/watch?v=A4ozSzv04gg (0:17-0:45), https://www.youtube.com/watch?v=QGM65H3PAvo (0:00-0:12), https://youtu.be/TwyfVtwJDe0?feature=shared&t=10 (0:00-0:22). The last video features El Adiós del Soldado following this track."
El Adiós del Soldado (Instrumental Version),Authentic Mexico,,,,"February 8, 2001 → May 31, 2011",Pacific Wharf,,"Golden State, Pacific Wharf",Mission Tortilla Factory [INC],,,,Carlos Periguez,2,"Heard in the following YouTube videos: https://youtu.be/TwyfVtwJDe0?feature=shared&t=10  (0:22), https://www.youtube.com/watch?v=k9kYs-U1jMM  0:00), https://www.youtube.com/watch?v=AIZNYitBxPk  (0:00-0:14), https://www.youtube.com/watch?v=1Mp2TxlMqmU  (0:31)"
The Great Mound Battle,Black Panther,,,,,,,Hollywood Land,Hollywood Land Marvel Summer 2018,"This loop played throughout Hollywood Land during the  summer of 2018. Tracklist compiled by pixelated based on his reference recording. See MouseBits, https://forums.mousebits.com/threads/hollywood-land-marvel-summer-2018.11171/ (2025).",00:59:50.977,00:00:52.297,Ludwig Goransson,1,Preceded by silent gap of 0.464 secs.
Standoff,Captain America: Civil War,,,,,,,Hollywood Land,Hollywood Land Marvel Summer 2018,,,00:01:38.789,Henry Jackman,2,
Guardians United,Guardians of the Galaxy,,,,,,,Hollywood Land,Hollywood Land Marvel Summer 2018,,,00:02:29.813,Tyler Bates,3,
The Mission,Avengers: Age of Ultron,,,,,,,Hollywood Land,Hollywood Land Marvel Summer 2018,,,00:02:42.335,Brian Tyler,4,
Ants On A Train,Ant-Man,,,,,,,Hollywood Land,Hollywood Land Marvel Summer 2018,,,00:01:14.659,Christophe Beck,5,
Glory to Bast,Black Panther,,,,,,,Hollywood Land,Hollywood Land Marvel Summer 2018,,,00:01:13.373,Ludwig Goransson,6,
Avengers Unite,Avengers: Age of Ultron,,,,,,,Hollywood Land,Hollywood Land Marvel Summer 2018,,,00:01:05.515,Danny Elfman,7,
Groot Cocoon,Guardians of the Galaxy,,,,,,,Hollywood Land,Hollywood Land Marvel Summer 2018,,,00:02:18.907,Tyler Bates,8,
Outlook,Avengers: Age of Ultron,,,,,,,Hollywood Land,Hollywood Land Marvel Summer 2018,,,00:02:34.832,Brian Tyler,9,
Ragnarok Suite,Thor: Ragnarok,,,,,,,Hollywood Land,Hollywood Land Marvel Summer 2018,,,00:02:39.510,Mark Mothersbaugh,10,
Rise Together,Avengers: Age of Ultron,,,,,,,Hollywood Land,Hollywood Land Marvel Summer 2018,,,00:02:07.553,Brian Tyler,11,
Old Man Have Safe,Ant-Man,,,,,,,Hollywood Land,Hollywood Land Marvel Summer 2018,,,00:01:52.044,Christophe Beck,12,
Killmonger vs. T'challa,Black Panther,,,,,,,Hollywood Land,Hollywood Land Marvel Summer 2018,,,00:00:35.840,Ludwig Goransson,13,
Heroes,Avengers: Age of Ultron,,,,,,,Hollywood Land,Hollywood Land Marvel Summer 2018,,,00:02:04.694,Danny Elfman,14,
The Great Companion,"Guardians of
  the Galaxy",,,,,,,Hollywood Land,Hollywood Land Marvel Summer 2018,,,00:00:40.411,Tyler Bates,15,
United Nations/End Titles,Black Panther,,,,,,,Hollywood Land,Hollywood Land Marvel Summer 2018,,,00:01:06.519,Ludwig Goransson,16,
Warrior Falls,Black Panther,,,,,,,Hollywood Land,Hollywood Land Marvel Summer 2018,,,00:02:37.202,Ludwig Goransson,17,Uncertain ID
New Avengers-Avengers: Age of Ultron,Avengers: Age of Ultron,,,,,,,Hollywood Land,Hollywood Land Marvel Summer 2018,,,00:02:38.839,Danny Elfman,18,
Ancient Sorcerer's Secret,Doctor Strange,,,,,,,Hollywood Land,Hollywood Land Marvel Summer 2018,,,00:01:08.300,Michael Giacchino,19,
Cap's Promise,Captain America: Civil War ,,,,,,,Hollywood Land,Hollywood Land Marvel Summer 2018,,,00:01:46.938,Henry Jackman,20,
Ragnarok Suite,Thor: Ragnarok,,,,,,,Hollywood Land,Hollywood Land Marvel Summer 2018,,,00:02:16.677,Mark Mothersbaugh,21,
Theme From Ant-Man,Ant-Man,,,,,,,Hollywood Land,Hollywood Land Marvel Summer 2018,,,00:02:41.058,Christophe Beck,22,
Busan Car Chase,Black Panther,,,,,,,Hollywood Land,Hollywood Land Marvel Summer 2018,,,00:01:45.158,Ludwig Goransson,23,
The Kyln Escape,Guardians of the Galaxy,,,,,,,Hollywood Land,Hollywood Land Marvel Summer 2018,,,00:07:17.846,Tyler Bates,24,
Larger Than Life,Captain America: Civil War,,,,,,,Hollywood Land,Hollywood Land Marvel Summer 2018,,,00:02:28.568,Henry Jackman,25,
Mystery Training,Doctor Strange,,,,,,,Hollywood Land,Hollywood Land Marvel Summer 2018,,,00:00:53.792,Michael Giacchino,26,
First Mission,Ant-Man,,,,,,,Hollywood Land,Hollywood Land Marvel Summer 2018,,,00:02:59.641,Christophe Beck,27,
It Begins,Avengers: Age of Ultron,,,,,,,Hollywood Land,Hollywood Land Marvel Summer 2018,,,00:01:58.507,Danny Elfman,28,
Thor: Ragnarok,Thor: Ragnarok,,,,,,,Hollywood Land,Hollywood Land Marvel Summer 2018,,,00:00:54.721,Mark Mothersbaugh,29,
The Ballad Of The Nova Corps. (Instrumental),Guardians of the Galaxy,,,,,,,Hollywood Land,Hollywood Land Marvel Summer 2018,,,00:01:06.504,Tyler Bates,30,
Sakura No Uta,,,,,,,,San Fransokyo Square,San Fransokyo Square v.1,,,00:04:22.588,Kana-Boon,15,
Spending All My Time,,,,,,,,San Fransokyo Square,San Fransokyo Square v.1,,,00:03:50.497,Perfume,16,
Tokyo Highway,,,,,,,,San Fransokyo Square,San Fransokyo Square v.1,,,00:05:02.930,Kyary Pamyu Pamyu,17,
One Sweet Ride (Instrumental),Tokyo Disneyland The Happy Ride with Baymax,,,,,,,San Fransokyo Square,San Fransokyo Square v.1,,,00:01:35.853,Tokyo Disneyland,18,
Spinning World,,,,,,,,San Fransokyo Square,San Fransokyo Square v.1,,,00:03:53.081,Perfume,19,
夜に駆ける,,,,,"August 31, 2023",,,San Fransokyo Square,San Fransokyo Square v.1,,,00:04:18.400,Yoasobi,20,
Hien,,,,,,,,San Fransokyo Square,San Fransokyo Square v.1,,,00:03:57.702,Kenshi Yonezu,21,
19 Summer Note.,,,,,,,,San Fransokyo Square,San Fransokyo Square v.1,,,00:03:44.877,SILENT SIREN,22,
Daijyobanai,,,,,,,,San Fransokyo Square,San Fransokyo Square v.1,,,00:03:02.807,Perfume,23,
A New Angle (Instrumental),Tokyo Disneyland The Happy Ride with Baymax,,,,,,,San Fransokyo Square,San Fransokyo Square v.1,,,00:01:25.880,Tokyo Disneyland,24,
Datsu Karitekita Neko Syoukougun,,,,,,,,San Fransokyo Square,San Fransokyo Square v.1,,,00:03:40.651,Uru,25,
Saisei,,,,,,,,San Fransokyo Square,San Fransokyo Square v.1,,,00:04:27.520,Perfume,26,
Escapade,,,,,,,,San Fransokyo Square,San Fransokyo Square v.1,"This loop plays in the general outdoor area of San Fransokyo Square. Tracklist compiled by pixelated based on his 2023 reference recording. The land opened August 31, 2023. See MouseBits, https://forums.mousebits.com/threads/san-fransokyo-square.11160/ (2025).",01:32:39.785,00:04:20.065,Official Hige Dandism,1,Preceded by ~7 seconds of silence
Go Way!,,,,,,,,San Fransokyo Square,San Fransokyo Square v.1,,,00:03:15.431,SILENT SIREN,2,
B-A-Y-M-A-X (Instrumental),Tokyo Disneyland The Happy Ride with Baymax,,,,,,,San Fransokyo Square,San Fransokyo Square v.1,,,00:01:30.788,Tokyo Disneyland,3,"Contains an additional 10 second outro clip as played at TDL, but missing from the source album release"
Halzion,,,,,,,,San Fransokyo Square,San Fransokyo Square v.1,,,00:03:13.431,Yoasobi,4,
Isshin Doutai,,,,,,,,San Fransokyo Square,San Fransokyo Square v.1,,,00:03:14.434,Kyary Pamyu Pamyu,5,
Linear Motor Girl,,,,,,,,San Fransokyo Square,San Fransokyo Square v.1,,,00:04:01.925,Perfume,6,
Mela!,,,,,,,,San Fransokyo Square,San Fransokyo Square v.1,,,00:03:57.834,Ryokuoushoku Shakai,7,
MY COLOR,,,,,,,,San Fransokyo Square,San Fransokyo Square v.1,,,00:04:56.379,Perfume,8,
Happy Song (Instrumental),Tokyo Disneyland The Happy Ride with Baymax,,,,,,,San Fransokyo Square,San Fransokyo Square v.1,,,00:01:36.653,Tokyo Disneyland,9,"Contains an additional 10 second outro clip as played at TDL, but missing from the source album release"
Peace Sign,,,,,,,,San Fransokyo Square,San Fransokyo Square v.1,,,00:03:55.692,Kenshi Yonezu,10,
Laser Beam,,,,,,,,San Fransokyo Square,San Fransokyo Square v.1,,,00:03:27.459,Perfume,11,
PONPONPON,,,,,,,,San Fransokyo Square,San Fransokyo Square v.1,,,00:04:01.913,Kyary Pamyu Pamyu,12,
Mirai No Museum,,,,,,,,San Fransokyo Square,San Fransokyo Square v.1,,,00:03:15.715,Perfume,13,
ピュアなソルジャー,,,,,,,,San Fransokyo Square,San Fransokyo Square v.1,,,00:04:22.039,Shiggy Jr.,14,
Ring of Fire,,,,,,,,Grizzly Peak,Smokejumpers Grill v.2,"This loop plays in the interior of the Smokejumpers Grill restaurant. This is the second iteration of the loop.  It is unclear when it was replaced, but a change was first reported in August of 2023. It has been theorized that tracks were potentially replaced due to insensitive lyrical undertones. This is a preliminary track list compiled by pixelated based on a reference recording by StarWarsGalaxysEdge. See MouseBits, https://forums.mousebits.com/threads/grizzly-peak-airfield-and-smokejumpers-grill.8915/post-100455 (2025).",01:27:40.454,00:02:32.390,Johnny Cash,1,
There's Been a Change in Me,,,,,,,,Grizzly Peak,Smokejumpers Grill v.2,,,00:02:11.234,Eddy Arnold,2,
Gotta Lotta Rhythm in My Soul,,,,,,,,Grizzly Peak,Smokejumpers Grill v.2,,,00:02:19.068,Patsy Cline,3,
Time's a Wastin',,,,,,,,Grizzly Peak,Smokejumpers Grill v.2,,,00:02:05.358,Carl Smith and June Carter Cash,4,
Rootie Tootie,,,,,,,,Grizzly Peak,Smokejumpers Grill v.2,,,00:02:43.406,Hank Williams,5,
I'm Happy Everyday I Live,,,,,,,,Grizzly Peak,Smokejumpers Grill v.2,,,00:03:00.564,Rose Maddox,6,This track replaced Honky Tonkin' - Rose Maddox
Wishful Thinking,,,,,,,,Grizzly Peak,Smokejumpers Grill v.2,,,00:02:40.477,Wynn Stewart,7,
Move It on Over,,,,,,,,Grizzly Peak,Smokejumpers Grill v.2,,,00:02:43.268,Hank Williams,8,
"If You Can't Bite, Don't Growl",,,,,,,,Grizzly Peak,Smokejumpers Grill v.2,,,00:01:59.266,Tommy Collins,9,
Walkin' After Midnight,,,,,,,,Grizzly Peak,Smokejumpers Grill v.2,,,00:02:31.071,Patsy Cline,10,
Blue Suede Shoes,,,,,,,,Grizzly Peak,Smokejumpers Grill v.2,,,00:02:12.905,Carl Perkins,11,
"Hey, Good Lookin'",,,,,,,,Grizzly Peak,Smokejumpers Grill v.2,,,00:02:52.732,Hank Williams,12,
I Don't Wanna,,,,,,,,Grizzly Peak,Smokejumpers Grill v.2,,,00:02:18.798,Patsy Cline,13,
You Gotta Have a License,,,,,,,,Grizzly Peak,Smokejumpers Grill v.2,,,00:02:22.808,Tommy Collins,14,
Kisses Sweeter than Wine,,,,,,,,Grizzly Peak,Smokejumpers Grill v.2,,,00:02:18.794,Jimmie Rodgers,15,
Walk on By,,,,,,,,Grizzly Peak,Smokejumpers Grill v.2,,,00:02:17.033,Patti Page,16,
Honky-Tonk Man,,,,,,,,Grizzly Peak,Smokejumpers Grill v.2,,,00:02:11.040,Johnny Horton,17,
You'll Be the One,,,,,,,,Grizzly Peak,Smokejumpers Grill v.2,,,00:02:38.082,Hank Thompson,18,
Hello Walls,,,,,,,,Grizzly Peak,Smokejumpers Grill v.2,,,00:02:05.416,Faron Young,19,This track replaced Tears Will Be A Chaser For Your Wine - Wanda Jackson
It's a Little More Like Heaven,,,,,,,,Grizzly Peak,Smokejumpers Grill v.2,,,00:02:33.048,Hank Locklin,20,
Then I'll Stop Loving You,,,,,,,,Grizzly Peak,Smokejumpers Grill v.2,,,00:02:21.604,Jim Reeves,21,
Ain't I the Lucky One,,,,,,,,Grizzly Peak,Smokejumpers Grill v.2,,,00:02:13.282,Marty Robbins,22,
We're Gonna Go Fishin',,,,,,,,Grizzly Peak,Smokejumpers Grill v.2,,,00:02:03.982,Hank Locklin,23,This track replaced It Wasn't God Who Made Honky Tonk Angels - Kitty Wells
Get Rhythm,,,,,,,,Grizzly Peak,Smokejumpers Grill v.2,,,00:02:11.299,Johnny Cash,24,
"Oh-Oh, I'm Falling in Love Again",,,,,,,,Grizzly Peak,Smokejumpers Grill v.2,,,00:02:11.540,Jimmie Rodgers,25,
I'm a Honky Tonk Girl,,,,,,,,Grizzly Peak,Smokejumpers Grill v.2,,,00:02:13.768,Loretta Lynn,26,
My Woman Ain't Pretty,,,,,,,,Grizzly Peak,Smokejumpers Grill v.2,,,00:02:33.449,Tex Ritter,27,
Lost Highway,,,,,,,,Grizzly Peak,Smokejumpers Grill v.2,,,00:02:39.771,Drifting Cowboys and Hank Williams,28,
Back in Baby's Arms (Single Version),,,,,,,,Grizzly Peak,Smokejumpers Grill v.2,,,00:01:59.261,Patsy Cline,29,
Red Eyed and Rowdy,,,,,,,,Grizzly Peak,Smokejumpers Grill v.2,,,00:02:23.149,Jim Reeves,30,This track replaced Travelin' Man - Ricky Nelson
If You Ain't Lovin' (You Ain't Livin'),,,,,,,,Grizzly Peak,Smokejumpers Grill v.2,,,00:02:14.785,Faron Young,31,
Swinging Doors,,,,,,,,Grizzly Peak,Smokejumpers Grill v.2,,,00:02:49.713,Merle Haggard,32,
You All Come,,,,,,,,Grizzly Peak,Smokejumpers Grill v.2,,,00:01:49.463,Patti Page ,33,
"So Lovely, Baby",,,,,,,,Grizzly Peak,Smokejumpers Grill v.2,,,00:02:14.816,Rusty & Doug,34,
Open Up Your Heart,,,,,,,,Grizzly Peak,Smokejumpers Grill v.2,,,00:02:25.635,Buck Owens,35,
"Heart, We Did All that We Could",,,,,,,,Grizzly Peak,Smokejumpers Grill v.2,,,00:02:35.192,Jean Shepard,36,
My Baby Walks All Over Me,,,,,,,,Grizzly Peak,Smokejumpers Grill v.2,,,00:02:02.990,Waylon Jennings,37,
Red,Disney Karaoke Series: Descendants: The Rise of Red,,,,,,,Hollywood Land,Descendants: The Rise of Red photo backdrop,"This loop played in the apartment facade area of Hollywood Land for the Descendants: The Rise of Red promotional photo op, which was introduced in Summer 2024. Preliminary tracklist compiled by pixelated based on his reference recording. See MouseBits, https://forums.mousebits.com/threads/dca-descendants-the-rise-of-red-promo-area.11170/.",00:10:42.062,00:03:01.231,Descendants Karaoke,1,
Shuffle of Love,Disney Karaoke Series: Descendants: The Rise of Red,,,,,,,Hollywood Land,Descendants: The Rise of Red photo backdrop,,,00:01:46.595,Descendants Karaoke,5,
Life Is Sweeter (Remix),Disney Karaoke Series: Descendants: The Rise of Red,,,,,,,Hollywood Land,Descendants: The Rise of Red photo backdrop,,,00:00:43.571,Descendants Karaoke,4,
Get Your Hands Dirty,Disney Karaoke Series: Descendants: The Rise of Red,,,,,,,Hollywood Land,Descendants: The Rise of Red photo backdrop,,,00:02:46.214,Descendants Karaoke,3,
What's My Name (Red Version),Disney Karaoke Series: Descendants: The Rise of Red,,,,,,,Hollywood Land,Descendants: The Rise of Red photo backdrop,,,00:02:24.312,Descendants Karaoke,2,
The Getaway,The Getaway,,,,,,Food and Wine Festival,Performance Corridor,Food and Wine Festival 2024,"A preliminary tracklist for the 2024 iteration of the Food and Wine Festival BGM. Tracklist compiled by pixelated based on his reference recording. See MouseBits,https://forums.mousebits.com/threads/dca-food-and-wine-festival-2020-bgm.10291/post-100452https://forums.mousebits.com/threads/dca-food-and-wine-festival-2020-bgm.10291/post-100452(2025).",02:01:57.123,00:04:08.450,Red Hot Chili Peppers,1,
Queen of California,Born and Raised,,,,,,Food and Wine Festival,Performance Corridor,Food and Wine Festival 2024,,,00:03:49.244,John Mayer,2,
The Wire,Days Are Gone,,,,,,Food and Wine Festival,Performance Corridor,Food and Wine Festival 2024,,,00:03:34.233,HAIM,3,
Sunshine,Spark Seeker,,,,,,Food and Wine Festival,Performance Corridor,Food and Wine Festival 2024,,,00:03:32.685,Matisyahu,4,
Con Sabor Latino,Psychedelic Blues,,,,,,Food and Wine Festival,Performance Corridor,Food and Wine Festival 2024,,,00:00:52.657,Poncho Sanchez,5,
California,"Songs of Shadow, Songs of Light: The Music of Joni Mitchell",,,,,,Food and Wine Festival,Performance Corridor,Food and Wine Festival 2024,,,00:03:46.503,Laurie Antonioli,6,
No More Lies,No More Lies,,,,,,Food and Wine Festival,Performance Corridor,Food and Wine Festival 2024,,,00:03:56.277,Tame Impala and Thundercat,7,
Poquito Para Aqui,Gates of Gold,,,,,,Food and Wine Festival,Performance Corridor,Food and Wine Festival 2024,,,00:03:49.351,Los Lobos,8,
California Dreamin [Radio Edit],California Dreamin [Single],,,,,,Food and Wine Festival,Performance Corridor,Food and Wine Festival 2024,,,00:03:26.289,Freischwimmer,9,
Anywhere You Want to Go,Santana IV,,,,,,Food and Wine Festival,Performance Corridor,Food and Wine Festival 2024,,,00:03:33.848,Santana,10,
Sunshine,Sunshine [Single],,,,,,Food and Wine Festival,Performance Corridor,Food and Wine Festival 2024,,,00:04:12.970,POWERS,11,
Let It Go,7 Days of Funk,,,,,,Food and Wine Festival,Performance Corridor,Food and Wine Festival 2024,,,00:04:16.918,7 Days of Funk,12,
101,Audio Paradiso OR 101,,,,,,Food and Wine Festival,Performance Corridor,Food and Wine Festival 2024,,,00:03:21.201,HOONCH,13,
La Bamba (feat. Kyl McDonald of Slightly Stoopid),Non-Stop: Mexico to Jamaica,,,,,,Food and Wine Festival,Performance Corridor,Food and Wine Festival 2024,,,00:03:03.382,Ozomatli,14,
California Soul [Diplo/Mad Decent Remix],California Soul Remixed,,,,,,Food and Wine Festival,Performance Corridor,Food and Wine Festival 2024,,,00:01:55.542,Marlena Shaw,15,
Breaking Down the Door (featuring Buika),Africa Speaks,,,,,,Food and Wine Festival,Performance Corridor,Food and Wine Festival 2024,,,00:04:26.951,Santana,16,
California,Delta Spirit,,,,,,Food and Wine Festival,Performance Corridor,Food and Wine Festival 2024,,,00:03:17.204,Delta Spirit,17,
"California Love (featuring Roger Troutman, Dr. Dre)",All Eyez on Me,,,,,,Food and Wine Festival,Performance Corridor,Food and Wine Festival 2024,,,00:00:40.276,Tupac Shakur,18,
West Coast Poplock,West Coast Poplock,,,,,,Food and Wine Festival,Performance Corridor,Food and Wine Festival 2024,,,00:02:26.898,Ronnie Hudson & the Street People,19,
"Land of 1000 Dances (featuring Chali 2na, G. Love & Special Sauce)",Non-Stop: Mexico to Jamaica,,,,,,Food and Wine Festival,Performance Corridor,Food and Wine Festival 2024,,,00:03:04.998,Ozomatli,20,
California,Did It for the Party,,,,,,Food and Wine Festival,Performance Corridor,Food and Wine Festival 2024,,,00:03:17.429,Big & Rich,21,
West Coast Love,The Juice: Vol. II,,,,,,Food and Wine Festival,Performance Corridor,Food and Wine Festival 2024,,,00:03:32.070,Emotional Oranges,22,
Settle Down,Push and Shove,,,,,,Food and Wine Festival,Performance Corridor,Food and Wine Festival 2024,,,00:03:37.498,No Doubt,23,
Uneventful Days [St. Vincent Remis],Hyperspace,,,,,,Food and Wine Festival,Performance Corridor,Food and Wine Festival 2024,,,00:02:51.743,"Beck, St. Vincent",24,
Questions,Echo in the Canyon OST,,,,,,Food and Wine Festival,Performance Corridor,Food and Wine Festival 2024,,,00:03:12.918,"Jakob Dylan, Eric Clapton & Stephen Stills",25,
Malibu,Younger Now,,,,,,Food and Wine Festival,Performance Corridor,Food and Wine Festival 2024,,,00:03:42.802,Miley Cyrus,26,
Then There Were Two,Then There Were Two,,,,,,Food and Wine Festival,Performance Corridor,Food and Wine Festival 2024,,,00:02:27.974,"Mark Ronson, Anderson .Paak",27,
A Todos los Rumberos,A Todos Los Rumberos,,,,,,Food and Wine Festival,Performance Corridor,Food and Wine Festival 2024,,,00:04:25.715,"Los Ángeles Azules, Panteón Rococó, and Santana",28,
West Coast,West Coast [single],,,,,,Food and Wine Festival,Performance Corridor,Food and Wine Festival 2024,,,00:03:11.285,OneRepublic,29,
Hotel California,Lo Mejor De La Salsalvador,,,,,,Food and Wine Festival,Performance Corridor,Food and Wine Festival 2024,,,00:03:59.005,Salsalvador,30,
Pacific Coast Party,Smash Mouth,,,,,,Food and Wine Festival,Performance Corridor,Food and Wine Festival 2024,,,00:02:49.655,Smash Mouth,31,
Why I Came to California,Leon Ware,,,,,,Food and Wine Festival,Performance Corridor,Food and Wine Festival 2024,,,00:03:45.796,Leon Ware,32,
Do You Know the Way to San Jose,My Friends & Me,,,,,,Food and Wine Festival,Performance Corridor,Food and Wine Festival 2024,,,00:04:01.784,Dionne Warwick & Celia Cruz,33,
Where Would I Be?,This Is What the Truth Feels Like,,,,,,Food and Wine Festival,Performance Corridor,Food and Wine Festival 2024,,,00:03:14.161,Gwen Stefani,34,
Oakland Zone,Oakland Zone,,,,,,Food and Wine Festival,Performance Corridor,Food and Wine Festival 2024,,,00:04:45.310,Tower of Power,35,
My Hair Is a Mood,Marvel's Moon Girl and Devil Dinosaur (Original Soundtrack),,,,,,,Hollywood Land,Moon Girl meet and greet,"This loop played at the Moon Girl meet and greet area at the apartment facade in Hollywood Land. The meet and greet was introduced on February 15, 2023 as part of the Celebrate Soulfully event. Preliminary tracklist compiled by pixelated based on his 2023 reference recording. See MouseBits, https://forums.mousebits.com/threads/dca-moon-girl-meet-and-greet.11169/ (2025).",00:19:57.180,00:02:51.657,JANE HANDCOCK,1,
Moon Girl Magic (70s Retro Version),Marvel's Moon Girl and Devil Dinosaur (Original Soundtrack),,,,,,,Hollywood Land,Moon Girl meet and greet,,,00:02:56.175,Taura Stinson,2,
Feelin' Me,Marvel's Moon Girl and Devil Dinosaur (Original Soundtrack),,,,,,,Hollywood Land,Moon Girl meet and greet,,,00:02:49.688,Cleo Mac,3,
Where You Come From,Marvel's Moon Girl and Devil Dinosaur (Original Soundtrack),,,,,,,Hollywood Land,Moon Girl meet and greet,,,00:02:33.917,Diamond White,4,
Moon Girl Magic,Marvel's Moon Girl and Devil Dinosaur (Original Soundtrack),,,,,,,Hollywood Land,Moon Girl meet and greet,,,00:02:05.202,Diamond White,5,
Pretty Girl Swag,Marvel's Moon Girl and Devil Dinosaur (Original Soundtrack),,,,,,,Hollywood Land,Moon Girl meet and greet,,,00:02:52.387,Jordan Powers,6,
Doin' My Thing,Marvel's Moon Girl and Devil Dinosaur (Original Soundtrack),,,,,,,Hollywood Land,Moon Girl meet and greet,,,00:02:00.130,Tina Parol,7,
The Wave,Marvel's Moon Girl and Devil Dinosaur (Original Soundtrack),,,,,,,Hollywood Land,Moon Girl meet and greet,,,00:01:48.034,JANE HANDCOCK,8,
Mickey Mouse March /  Zip-A-Dee-Doo-Dah,Disney's Music From The Park [1996],,,,,,,"Hollywood Land, Hollywood Pictures Backlot","Animation Academy [REF], Drawn To Animation [PRE]",,,00:03:11.189,The Disney Big Band,21,"Edited (late start, ends early)"
Hakuna Matata (Instrumental),Disney Karaoke Volume 1 [2000],,,,,,,"Hollywood Land, Hollywood Pictures Backlot","Animation Academy [REF], Drawn To Animation [PRE]","This loop plays inside the Animation Academy auditorium inside the Animation Building in Hollywood Land, and appears to be still in use as of 2025. The loop plays loudly between shows but is turned down to a low level during lessons. Given the release dates of the albums all prior to Sept 2001, it is thought to have also played at its predecessor between shows (Drawn to Animation, which switched over in August 2005) but this is unconfirmed. Verified tracklist compiled by SSrustworthy using a patched live recording reconstructed from YouTube videos as late as 2025. This loop appears to be a holdout of “Zip-A-Dee-Doo-Dah” after the 2021 resort-wide removals of the song from BGM. See MouseBits, https://forums.mousebits.com/threads/animation-academy.11179/ (2025).",00:54:33.602,00:03:07.018,Various Artists,1,
I Wan'na Be Like You (The Monkey Song) (Instrumental),Disney Karaoke Volume 1 [2000],,,,,,,"Hollywood Land, Hollywood Pictures Backlot","Animation Academy [REF], Drawn To Animation [PRE]",,,00:01:52.765,Various Artists,2,
He's A Tramp (Instrumental),Disney Karaoke Volume 1 [2000],,,,,,,"Hollywood Land, Hollywood Pictures Backlot","Animation Academy [REF], Drawn To Animation [PRE]",,,00:01:32.512,Various Artists,3,
Everybody Wants to Be a Cat,Plays Disney Movie Favourites [1997],,,,,,,"Hollywood Land, Hollywood Pictures Backlot","Animation Academy [REF], Drawn To Animation [PRE]",,,00:02:26.633,Royal Philharmonic Orchestra,4,Edited (ends early)
When I See an Elephant Fly,Plays Disney Movie Favourites [1997],,,,,,,"Hollywood Land, Hollywood Pictures Backlot","Animation Academy [REF], Drawn To Animation [PRE]",,,00:02:56.348,Royal Philharmonic Orchestra,5,Edited (late start)
Cruella De Vil,Plays Disney Movie Favourites [1997],,,,,,,"Hollywood Land, Hollywood Pictures Backlot","Animation Academy [REF], Drawn To Animation [PRE]",,,00:04:40.118,The Royal Philharmonic Orchestra,6,
"Run Llama Run From ""The Emperor's New Groove""/Score",The Emperor's New Groove [2000],,,,,,,"Hollywood Land, Hollywood Pictures Backlot","Animation Academy [REF], Drawn To Animation [PRE]",,,00:02:18.850,John Debney,7,
"Carnival Of The Animals, Finale",Fantasia 2000 [1999],,,,,,,"Hollywood Land, Hollywood Pictures Backlot","Animation Academy [REF], Drawn To Animation [PRE]",,,00:01:51.714,Chicago Symphony Orchestra,8,
Beauty and the Beast,Magical Movie Music  [1994],,,,,,,"Hollywood Land, Hollywood Pictures Backlot","Animation Academy [REF], Drawn To Animation [PRE]",,,00:03:36.835,The London Pops Orchestra,9,
You'll Be In My Heart (Instrumental),Disney Karaoke Volume 2 [2000],,,,,,,"Hollywood Land, Hollywood Pictures Backlot","Animation Academy [REF], Drawn To Animation [PRE]",,,00:01:28.602,Various Artists,10,
Alice in Wonderland,Disney's Delightful Piano Melody [1994],,,,,,,"Hollywood Land, Hollywood Pictures Backlot","Animation Academy [REF], Drawn To Animation [PRE]",,,00:01:55.514,Kentarō Haneda,11,"Edited (late start, ends early)"
Someone's Waiting for You,Disney's Orchestra Collection Vol. 2 [2000],,,,,,,"Hollywood Land, Hollywood Pictures Backlot","Animation Academy [REF], Drawn To Animation [PRE]",,,00:03:51.689,Never Land Orchestra,14,
A Dream Is A Wish Your Heart Makes,Disney's Peaceful Piano Melody [1994],,,,,,,"Hollywood Land, Hollywood Pictures Backlot","Animation Academy [REF], Drawn To Animation [PRE]",,,00:01:28.795,Kentarō Haneda,13,Edited (late start)
Some Day My Prince Will Come,Disney's Delightful Piano Melody [1994],,,,,,,"Hollywood Land, Hollywood Pictures Backlot","Animation Academy [REF], Drawn To Animation [PRE]",,,00:02:10.642,Kentarō Haneda,12,"Edited (late start, ends early)"
The Bare Necessities (Instrumental),Disney Karaoke Volume 2 [2000],,,,,,,"Hollywood Land, Hollywood Pictures Backlot","Animation Academy [REF], Drawn To Animation [PRE]",,,00:03:59.889,Various Artists,15,
Zip-A-Dee-Doo-Dah,Disney Meets Jazz: Tribute to Walt Disney [2001],,,,,,,"Hollywood Land, Hollywood Pictures Backlot","Animation Academy [REF], Drawn To Animation [PRE]",,,00:03:28.416,"John Patitucci, Gil Goldstein, Billy Kilson",16,
Part Of Your World,Magical Movie Music [1994],,,,,,,"Hollywood Land, Hollywood Pictures Backlot","Animation Academy [REF], Drawn To Animation [PRE]",,,00:03:56.546,The London Pops Orchestra,17,
Just Around the Riverbend (Instrumental),Disney Karaoke Volume 1 [2000],,,,,,,"Hollywood Land, Hollywood Pictures Backlot","Animation Academy [REF], Drawn To Animation [PRE]",,,00:02:12.694,Various Artists,18,Edited (ends early)
Give a Little Whistle,Dave Digs Disney [1994],,,,,,,"Hollywood Land, Hollywood Pictures Backlot","Animation Academy [REF], Drawn To Animation [PRE]",,,00:01:03.705,The Dave Brubeck Quartet,19,Edited (ends early)
SpectroMagic Medley (Instrumental),Disney's Music From The Park [1996],,,,,,,"Hollywood Land, Hollywood Pictures Backlot","Animation Academy [REF], Drawn To Animation [PRE]",,,00:01:23.117,David Benoit,20,Edited (ends early)
The Second Star to the Right,Peter Pan,,,,,,,Hollywood Land,Animation Building Lobby v.3,"This is the third and current version of the loop that plays in the Animation Building Lobby, which debuted in late May 2025, possibly as part of the Disneyland 70th updates. These songs are not played in their entirety; they are short, edited clips, maybe a minute or so long. Tracklist compiled by pixelated based on an August 2025 recording. See https://www.youtube.com/watch?v=MeFVUEx4Fioand MouseBits, https://forums.mousebits.com/threads/disney-animation-lobby-loops.8876/post-100516 (2025).",~33:35,,,1,
When You Wish Upon a Star,Peter Pan,,,,,,,Hollywood Land,Animation Building Lobby v.3,,,,,2,
A Whole New World,Aladdin,,,,,,,Hollywood Land,Animation Building Lobby v.3,,,,,32,
Once Upon a Dream,Sleeping Beauty,,,,,,,Hollywood Land,Animation Building Lobby v.3,,,,,31,
Colors of the Wind,Pocahontas,,,,,,,Hollywood Land,Animation Building Lobby v.3,,,,,30,
McQueen and Sally,Cars,,,,,,,Hollywood Land,Animation Building Lobby v.3,,,,,29,
Let It Go,Frozen,,,,,,,Hollywood Land,Animation Building Lobby v.3,,,,,28,
The Family Madrigal,Encanto,,,,,,,Hollywood Land,Animation Building Lobby v.3,,,,,27,
King of Pride Rock,The Lion King,,,,,,,Hollywood Land,Animation Building Lobby v.3,,,,,26,
Baby Mine,Dumbo,,,,,,,Hollywood Land,Animation Building Lobby v.3,,,,,25,
Casey Junior,Dumbo,,,,,,,Hollywood Land,Animation Building Lobby v.3,,,,,24,
We Know The Way,Moana,,,,,,,Hollywood Land,Animation Building Lobby v.3,,,,,23,
I See the Light,Tangled,,,,,,,Hollywood Land,Animation Building Lobby v.3,,,,,22,
Married Life,Up,,,,,,,Hollywood Land,Animation Building Lobby v.3,,,,,21,
Hawaiian Roller Coaster Ride,Lilo and Stitch,,,,,,,Hollywood Land,Animation Building Lobby v.3,,,,,20,
Try Everything (Zootopia),Zootopia,,,,,,,Hollywood Land,Animation Building Lobby v.3,,,,,19,
Anyone Can Cook,Ratatouille,,,,,,,Hollywood Land,Animation Building Lobby v.3,,,,,18,
The Scare Floor,"Monsters, Inc.",,,,,,,Hollywood Land,Animation Building Lobby v.3,,,,,17,
Suite from Mulan,Mulan,,,,,,,Hollywood Land,Animation Building Lobby v.3,,,,,16,
A Dream Is a Wish Your Heart Makes,Cinderella,,,,,,,Hollywood Land,Animation Building Lobby v.3,,,,,15,
Collard Greens and Cornbread Strut,Soul,,,,,,,Hollywood Land,Animation Building Lobby v.3,,,,,14,
You've Got A Friend In Me (instrumental),Toy Story,,,,,,,Hollywood Land,Animation Building Lobby v.3,,,,,13,Instrumental version
The Bare Necessities,The Jungle Book,,,,,,,Hollywood Land,Animation Building Lobby v.3,,,,,12,
Down in New Orleans,The Princess and the Frog,,,,,,,Hollywood Land,Animation Building Lobby v.3,,,,,11,
The Glory Days,The Incredibles,,,,,,,Hollywood Land,Animation Building Lobby v.3,,,,,10,
I've Been Tricked,Snow White,,,,,,,Hollywood Land,Animation Building Lobby v.3,,,,,9,
Field Trip,Finding Nemo,,,,,,,Hollywood Land,Animation Building Lobby v.3,,,,,8,
Little April Showers,Bambi,,,,,,,Hollywood Land,Animation Building Lobby v.3,,,,,7,
Un Poco Loco,Coco,,,,,,,Hollywood Land,Animation Building Lobby v.3,,,,,6,
Sorcerer's Apprentice,Fantasia 2000,,,,,,,Hollywood Land,Animation Building Lobby v.3,,,,,5,
Belle,Beauty and the Beast,,,,,,,Hollywood Land,Animation Building Lobby v.3,,,,,4,
Part of Your World,The Little Mermaid,,,,,,,Hollywood Land,Animation Building Lobby v.3,,,,,3,
Bluewave Bossanova,True North,,,,,,,"Pacific Wharf, Performance Corridor",Magic Key Terrace [REF],,,,Lawson Rollins,2,
Tudo Isto É Fado,"Portugal Fado, Wine & Sunshine",,,,,,,"Pacific Wharf, Performance Corridor",Magic Key Terrace [REF],,,,Bert Kaempfert,3,
Song for My Father,Live Jazz In Rio Vol 1,,,,,,,"Pacific Wharf, Performance Corridor",Magic Key Terrace [REF],,,,João Donato,4,edited to remove applause
Mis Dos Pequeñas,Cachaito,,,,,,,"Pacific Wharf, Performance Corridor",Magic Key Terrace [REF],,,,"Orlando ""Cachaíto"" López",5,
Outside In,Outside In,,,,,,,"Pacific Wharf, Performance Corridor",Magic Key Terrace [REF],,,,Craig Sharmat,6,
Oye Como Va,All Natural Ingredients,,,,,,,"Pacific Wharf, Performance Corridor",Magic Key Terrace [REF],,,,Fattburger,7,
Melodía del río,Introducing... Rubén González,,,,,,,"Pacific Wharf, Performance Corridor",Magic Key Terrace [REF],,,,Rubén González,8,
Caballo viejo,Mambo Sinuendo,,,,,,,"Pacific Wharf, Performance Corridor",Magic Key Terrace [REF],,,,Manuel Galbán and Ry Cooder,9,
Ohayoo Ohio (Hello Ohio),Splendor in the Grass,,,,,,,"Pacific Wharf, Performance Corridor",Magic Key Terrace [REF],,,,Dan Faehnle and Pink Martini,10,
Siboney,Estoy Como Nunca,,,,,,,"Pacific Wharf, Performance Corridor",Magic Key Terrace [REF],,,,Eliades Ochoa,11,
Comin' Home Baby,Sérgio Mendes' Favorite Things,,,,,,,"Pacific Wharf, Performance Corridor",Magic Key Terrace [REF],,,,Sérgio Mendes,12,
Like a Light,GroundUP,,,,,,,"Pacific Wharf, Performance Corridor",Magic Key Terrace [REF],,,,Snarky Puppy,13,
Quizas,Que Buena Vista de Aqui...Son Instrumentales de Cuba,,,,,,,"Pacific Wharf, Performance Corridor",Magic Key Terrace [REF],,,,Los Guajiros De Cuba,14,
Malaguena Salerosa,The Brazilian Scene,,,,,,,"Pacific Wharf, Performance Corridor",Magic Key Terrace [REF],,,,Luiz Bonfá,15,
West Coast Highway,Jazzy Afro Latin Funk,,,,,,,"Pacific Wharf, Performance Corridor",Magic Key Terrace [REF],,,,Hip Spanic Allstars,16,
The Girl from Ipanema (Instrumental),Classics in the Key of G,,,,,,,"Pacific Wharf, Performance Corridor",Magic Key Terrace [REF],,,,Kenny G,17,
Amapola,The Dance Beat of Xavier Cugat (Zebralution GmbH release),,,,,,,"Pacific Wharf, Performance Corridor",Magic Key Terrace [REF],,,,Xavier Cugat,18,
In My Soul,Mother's Touch,,,,,,,"Pacific Wharf, Performance Corridor",Magic Key Terrace [REF],,,,"Orrin Evans, Captain Black Big Band",19,
El Condor Pasa,Bridge Over Troubled Water,,,,,,,"Pacific Wharf, Performance Corridor",Magic Key Terrace [REF],,,,Paul Desmond,20,
Bodas de oro,Mambo Sinuendo,,,,,,,"Pacific Wharf, Performance Corridor",Magic Key Terrace [REF],,,,Manuel Galbán and Ry Cooder,21,
Andalucia,Sympathique,,,,,,,"Pacific Wharf, Performance Corridor",Magic Key Terrace [REF],,,,Pink Martini,22,
Encantadora (feat. Najee),Encantadora (feat. Najee),,,,,,,"Pacific Wharf, Performance Corridor",Magic Key Terrace [REF],,,,Blake Aaron,23,
Big Brother,Vicky Cristina Barcelona (Original Motion Picture Soundtrack),,,,,,,"Pacific Wharf, Performance Corridor",Magic Key Terrace [REF],,,,The Stephane Wrembel Trio,24,
Samba de Orfeu,Soul Bird: Whiffenpoof,,,,,,,"Pacific Wharf, Performance Corridor",Magic Key Terrace [REF],,,,Cal Tjader,25,
Bring Us the Bright,Bring Us the Bright,,,,,,,"Pacific Wharf, Performance Corridor",Magic Key Terrace [REF],,,,Snarky Puppy,26,
Felicidade,Double Rainbow: The Music of Antonio Carlos Jobim,,,,,,,"Pacific Wharf, Performance Corridor",Magic Key Terrace [REF],,,,Joe Henderson,27,
Something Unique,Havana '58,,,,,,,"Pacific Wharf, Performance Corridor",Magic Key Terrace [REF],,,,Bahama Soul Club,28,
JJ's Strut (Radio Single),Five Up Top,,,,,,,"Pacific Wharf, Performance Corridor",Magic Key Terrace [REF],,,,Ragan Whiteside,29,
Juanita,Liberation Blues,,,,,,,"Pacific Wharf, Performance Corridor",Magic Key Terrace [REF],,,,Orrin Evans,30,
Quiet Nights Of Quiet Stars (Corcovado),We Get Requests,,,,,,,"Pacific Wharf, Performance Corridor",Magic Key Terrace [REF],,,,The Oscar Peterson Trio,31,
Black Dynamite,Supreme,,,,,,,"Pacific Wharf, Performance Corridor",Magic Key Terrace [REF],,,,Julian Vaughn,32,
Samba Pa Ti,Abraxas,,,,,,,"Pacific Wharf, Performance Corridor",Magic Key Terrace [REF],,,,Santana,33,
Stockholm Summer,The Little Things,,,,,,,"Pacific Wharf, Performance Corridor",Magic Key Terrace [REF],,,,Cindy Bradley,34,
No Hay Problema,Sympathique,,,,,,,"Pacific Wharf, Performance Corridor",Magic Key Terrace [REF],,,,Pink Martini,35,
Dance of the Nile (feat. Lonnie Plaxico & James Weidman),The New Young Lions of Jazz,,,,,,,"Pacific Wharf, Performance Corridor",Magic Key Terrace [REF],,,," Arkadia Jazz All-Stars",36,
Esqueleto,Cão Vadio,,,,,,,"Pacific Wharf, Performance Corridor",Magic Key Terrace [REF],,,,Elevador,37,
Semente,Culcha Vulcha,,,,,,,"Pacific Wharf, Performance Corridor",Magic Key Terrace [REF],,,,Snarky Puppy,38,
María la O,Mambo Sinuendo,,,,,,,"Pacific Wharf, Performance Corridor",Magic Key Terrace [REF],,,,Manuel Galbán and Ry Cooder,39,
Paul's Pal,Tenor Madness,,,,,,,"Pacific Wharf, Performance Corridor",Magic Key Terrace [REF],,,,Sonny Rollins,40,
Serenata (1996 Digital Remaster),Ultra-Lounge: Rhapsodesia (Volume Six),,,,,,,"Pacific Wharf, Performance Corridor",Magic Key Terrace [REF],,,,The Jonah Jones Quartet,41,
Corcovado (Instrumental),Return to Ipanema,,,,,,,"Pacific Wharf, Performance Corridor",Magic Key Terrace [REF],,,,Lori Mechem,42,
Under the Same Moon (feat. Gil Goldstein),Time River,,,,,,,"Pacific Wharf, Performance Corridor",Magic Key Terrace [REF],,,,Miho Hazama,43,Edited
Handsome People,,,,,,,,Pixar Pier,Lamplight Lounge [INC],,,,Birocractic,,Unknown location in loop
Beulah’s Boogie,One O’clock Boogie/Two O’clock Jump! (2000),,,,,,,"""a bug's land""",Francis' Ladybug Boogie,,,,Tom Cunningham Orchestra,,Track noted by a YouTube comment (the others were identified by watching YT videos of the ride) https://www.youtube.com/watch?v=LWuivAYk4j8
Worst Circus Performers In All Bugdom,Unreleased,,,,,,,"""a bug's land""",Flik's Fun Fair,,,,,3,
The Flik Machine,Unreleased,,,,,,,"""a bug's land""",Flik's Fun Fair,,,,,4,Not sure of name of small intro segment of music preceding
A New Day / Circus Bugs Leaving / Flik the Hero / Happy End,Unreleased,,,,,,,"""a bug's land""",Flik's Fun Fair,,,,,5,
Worst Circus Performers In All Bugdom,Unreleased,,,,,,,"""a bug's land""",Flik's Fun Fair,,,,,6,
Circus Bugs Performing,Unreleased,,,,,,,"""a bug's land""",Flik's Fun Fair,,,,,7,
Worst Circus Performers In All Bugdom,Unreleased,,,,,,,"""a bug's land""",Flik's Fun Fair,,,,,8,
The Time of Your Life,Unreleased,,,,,,,"""a bug's land""",Flik's Fun Fair,,,,,9,Featured in the 2017 Esplanade loop.
Percy Jackson and the Olympians (Season 2 Extended Theme),Percy Jackson and the Olympians: Season 2 (Original Series Soundtrack),,,,,,,Hollywood Land,Percy Jackson and the Olympians season 2 photo backdrop,"This loop plays Percy Jackson and the Olympians Season 2 photo spot at the apartment facade in Hollywood Land. The loop was introduced alongside the photo spot in January 2026. Verified tracklist compiled by SSrustworthy based based on her reference recording. See this description of the photo op by dapsmagic, https://dapsmagic.com/2026/01/new-percy-jackson-and-the-olympians-photo-op-appears-at-disney-california-adventure/. ",15:13.563,5:33.311,"Bear McCreary, Sparks & Shadows",1,
Clarisse and the Ironclad,Percy Jackson and the Olympians: Season 2 (Original Series Soundtrack),,,,,,,Hollywood Land,Percy Jackson and the Olympians season 2 photo backdrop,,,1:44.694,"Bear McCreary, Sparks & Shadows",2,
The Gray Sisters and King Tantalus,Percy Jackson and the Olympians: Season 2 (Original Series Soundtrack),,,,,,,Hollywood Land,Percy Jackson and the Olympians season 2 photo backdrop,,,0:50.927,"Bear McCreary, Sparks & Shadows",3,
The Chariot Race,Percy Jackson and the Olympians: Season 2 (Original Series Soundtrack),,,,,,,Hollywood Land,Percy Jackson and the Olympians season 2 photo backdrop,,,3:25.224,"Bear McCreary, Sparks & Shadows",4,
No Rest for the Dead,Percy Jackson and the Olympians: Season 2 (Original Series Soundtrack),,,,,,,Hollywood Land,Percy Jackson and the Olympians season 2 photo backdrop,,,1:54.479,"Bear McCreary, Sparks & Shadows",5,
The Sea of Monsters,Percy Jackson and the Olympians: Season 2 (Original Series Soundtrack),,,,,,,Hollywood Land,Percy Jackson and the Olympians season 2 photo backdrop,,,1:44.925,"Bear McCreary, Sparks & Shadows",6,
Charleston,,,,,,,,Buena Vista Street,Oswald's KBVS Radio,"This radio show-style loop plays from the radio set on a shelf above a cast member doorway in Oswald’s on Buena Vista Street. It was installed with Buena Vista street’s opening on June 15, 2012. This tracklist comprises the musical tracks/interludes that are featured as part of the longer radio programme. The tracks are played as part of various narrative segments that were recorded specifically for this radio show. Complete notes and a transcript of the show were posted on MouseBits by SSrustworthy based on reference recordings by SSrustworthy and wedroy1923. See MouseBits, https://forums.mousebits.com/threads/kbvs-radio-at-oswalds-in-dca.11203/#post-100596 (2026).",~01:40:00,,Paul Whiteman,1,Featured as part of the Teddy Morton Show
Sorcerer's Apprentice (Paul Dukas),Fantasia OST (1940),,,,,,,Buena Vista Street,Oswald's KBVS Radio,,,,Leopold Stokowski with the Philadelphia Orchestra,12,Featured as part of FF&P Classical Music Hour with Montgomery Morgan
Yes Sir! That's My Baby,,,,,,,,Buena Vista Street,Oswald's KBVS Radio,,,,Lee Morse,3,Featured as part of the Teddy Morton Show
Ain't She Sweet,,,,,,,,Buena Vista Street,Oswald's KBVS Radio,,,,Gene Austin,4,Featured as part of the Teddy Morton Show
Don't Bring Lulu,,,,,,,,Buena Vista Street,Oswald's KBVS Radio,,,,Nathan Glantz & His Orchestra,5,Featured as part of the Teddy Morton Show
Ain't We Got Fun,,,,,,,,Buena Vista Street,Oswald's KBVS Radio,,,,Van & Schenk,6,Featured as part of the Teddy Morton Show
Betty Co-Ed,,,,,,,,Buena Vista Street,Oswald's KBVS Radio,,,,Rudy Vallée And His Connecticut Yankees,7,Featured as part of the Teddy Morton Show
"I Scream, You Scream, We All Scream for Ice Cream",,,,,,,,Buena Vista Street,Oswald's KBVS Radio,,,,Fred Waring & His Pennsylvanians,8,Featured as part of the Teddy Morton Show
Baby Face,,,,,,,,Buena Vista Street,Oswald's KBVS Radio,,,,"Whispering Jack Smith, Arthur Johnston",9,Featured as part of the Teddy Morton Show
Minnie's Yoo Hoo!,,,,,,,,Buena Vista Street,Oswald's KBVS Radio,,,,Walt Disney & Carl Stalling,10,Featured as part of the Teddy Morton Show
"Five Foot Two, Eyes of Blue",,,,,,,,Buena Vista Street,Oswald's KBVS Radio,,,,Art Landry & His Orchestra,11,Featured as part of the Teddy Morton Show
If You Knew Susie,,,,,,,,Buena Vista Street,Oswald's KBVS Radio,,,,Eddie Cantor,2,Featured as part of the Teddy Morton Show
An American in Paris,,,,,,,,Buena Vista Street,Oswald's KBVS Radio,,,,Victor Symphony Orchestra / Nathaniel Shilkret / George Gershwin,13,Featured as part of FF&P Classical Music Hour with Montgomery Morgan
"5 Military Marches, Op. 39, ""Pomp and Circumstance"": 1 in D Major","Elgar Conducts Elgar (1914 - 1925) ",,,,,,,Buena Vista Street,Oswald's KBVS Radio,,,,Symphony Orchestra,14,Featured as part of Scary Symphony with the Flower Street Players
Skeleton Dance,Disney's 75 Years Of Music & Memories,,,,,,,Buena Vista Street,Oswald's KBVS Radio,,,,Frank Churchill,15,Featured as part of Scary Symphony with the Flower Street Players
In My City,Coffee Shop Selection,,,,,,,Pixar Pier,Lamplight Lounge [INC],"This loop plays in the indoor dining area of the Lamplight Lounge at Pixar Pier. This is an incomplete tracklist based on a 1 hour reference recording by SSrustworthy and some tracks identified from Reddit posts. Some tracks apparently originate from the Disney Springs Marketplace loop. See MouseBits, https://mousebits.com/smf/index.php?topic=10828.msg98909#msg98909 (2022). ",> 1 hr,,Gramatik,1,
Soft Focus,Beets 4,,,,,,,Pixar Pier,Lamplight Lounge [INC],,,,Birocratic,2,
L'esbroufe,Bust Free 17,,,,,,,Pixar Pier,Lamplight Lounge [INC],,,,Av.i,6,
Lonely Island (Giyo Remix),Harmony Remixes,,,,,,,Pixar Pier,Lamplight Lounge [INC],,,,"Clozee, Giyo",7,Edited ?
A Tune For Jack,Lemon Jelly.ky,,,,,,,Pixar Pier,Lamplight Lounge [INC],,,,Lemon Jelly,8,Edited
Unknown A,,,,,,,,Pixar Pier,Lamplight Lounge [INC],,,,,9,
Wall-E and Eve,Wall-E and Eve,,,,,,,Pixar Pier,Lamplight Lounge [INC],,,,John Van Tongeren,10,
Groovy Blues,Sundae Sauuce Presents: Strawberry Drizzle,,,,,,,Pixar Pier,Lamplight Lounge [INC],,,,Saib,11,
Unknown B,,,,,,,,Pixar Pier,Lamplight Lounge [INC],,,,,12,
Colette Shows Him Le Ropes (Ratatouille),Disney Springs Marketplace (Unreleased),,,,,,,Pixar Pier,Lamplight Lounge [INC],,,,Michael Tavera,13,
Summertime,Enthusiasm & Perserverance,,,,,,,Pixar Pier,Lamplight Lounge [INC],,,,Neftali,14,
Just Jammin',SB2,,,,,,,Pixar Pier,Lamplight Lounge [INC],,,,Gramatik,15,
Chillaxin' By The Sea,Coffee Shop Selection,,,,,,,Pixar Pier,Lamplight Lounge [INC],,,,Gramatik,16,
This Old Tune,I Don't Want to Be an Emperor,,,,,,,Pixar Pier,Lamplight Lounge [INC],,,,Hugo Kant,5,
Novocaine,Music For Dining in Space,,,,,,,Pixar Pier,Lamplight Lounge [INC],,,,Hot Street,3,
The Incredibles Theme,Disney Springs Marketplace (Unreleased),,,,,,,Pixar Pier,Lamplight Lounge [INC],,,,Michael Tavera,4,
You're Welcome,Moana (Original Motion Picture Soundtrack),,,,,,,Paradise Gardens Park,AAPI Heritage Month [INC],This loop played in the courtyard in front of Boardwalk Pizza & Pasta in May 2026 as part of the AAPI Heritage Month Celebrations. Tracklist compiled by Deep Purple Toupée based on their reference recording.,Unknown,,Dwayne Johnson,1,
Logo Te Pate,Moana (Original Motion Picture Soundtrack),,,,,,,Paradise Gardens Park,AAPI Heritage Month [INC],,,,"Olivia Foa'i, Opetaia Foa'i & Talaga Steve Sale",2,
Bora Bora,Summery Indie Pop ANW 2790,,,,,,,Paradise Gardens Park,AAPI Heritage Month [INC],,,,Andy Huckvale,3,Exact mix unknown
Oceania,Sounds of the Pacific ANW 1942,,,,,,,Paradise Gardens Park,AAPI Heritage Month [INC],,,,Tom Fox,4,Exact mix unknown
Island Jam,Sounds of the Pacific ANW 1942,,,,,,,Paradise Gardens Park,AAPI Heritage Month [INC],,,,Tom Fox,5,Exact mix unknown
How Far I'll Go (Alessia Cara Version),Moana (Original Motion Picture Soundtrack),,,,,,,Paradise Gardens Park,AAPI Heritage Month [INC],,,,Alessia Cara,6,
Lava,Lava (From “Lava”),,,,,,,Paradise Gardens Park,AAPI Heritage Month [INC],,,,"Kuana Torres Kahele, Napua Makua",7,
Xu Shang-Chi,Shang-Chi and the Legend of the Ten Rings: The Album,,,,,,,Paradise Gardens Park,AAPI Heritage Month [INC],,,,Joel P. West,8,
Meilin Lee,Turning Red (Original Motion Picture Soundtrack),,,,,,,Paradise Gardens Park,AAPI Heritage Month [INC],,,,Ludwig Göransson,9,
Temple Duties,Turning Red (Original Motion Picture Soundtrack),,,,,,,Paradise Gardens Park,AAPI Heritage Month [INC],,,,Ludwig Göransson,10,
The Aunties,Turning Red (Original Motion Picture Soundtrack),,,,,,,Paradise Gardens Park,AAPI Heritage Month [INC],,,,Ludwig Göransson,11,
Hawaiian Roller Coaster Ride,Lilo & Stitch (Original Motion Picture Soundtrack),,,,,,,Paradise Gardens Park,AAPI Heritage Month [INC],,,,Mark Keali'i Ho'omalu & Kamehameha Schools Children's Chorus,12,
He Mele No Lilo,Lilo & Stitch (Original Motion Picture Soundtrack),,,,,,,Paradise Gardens Park,AAPI Heritage Month [INC],,,,Mark Keali'i Ho'omalu & Kamehameha Schools Children's Chorus,13,
Be Pacific,"Hawaii, Polynesian ANW 1707",,,,,,,Paradise Gardens Park,AAPI Heritage Month [INC],,,,"Lincoln Grounds, Michael Pearse",14,Exact mix unknown
Lead the Way,Raya & the Last Dragon (Original Motion Picture Soundtrack),,,,,,,Paradise Gardens Park,AAPI Heritage Month [INC],,,,Jhené Aiko,15,
Suite from Mulan,Mulan (Original Soundtrack),,,,,,,Paradise Gardens Park,AAPI Heritage Month [INC],,,,Jerry Goldsmith,16,
Red,Descendants: The Rise of Red (Original Soundtrack),,,,,,,Hollywood Land,Descendants: Wicked Wonderland photo backdrop,"This loop played in the apartment facade area of Hollywood Land for the Descendants: Wicked Wonderland promotional photo op, which was introduced in May 2026. Preliminary tracklist compiled by pixelated and SSrustworthy based on pixelated’s reference recording. Track times are approximate.",52:06.085,00:03:01.300,"Kylie Cantrall, Alex Boniello",1,
So This Is Love,Descendants: The Rise of Red (Original Soundtrack),,,,,,,Hollywood Land,Descendants: Wicked Wonderland photo backdrop,,,00:02:46.200,"Brandy, Paolo Montalban",2,
Love Ain't It,Descendants: The Rise of Red (Original Soundtrack),,,,,,,Hollywood Land,Descendants: Wicked Wonderland photo backdrop,,,00:02:37.600,"Rita Ora, Kylie Cantrall, Brandy, Malia Baker",3,
What's My Name,Descendants: The Rise of Red (Original Soundtrack),,,,,,,Hollywood Land,Descendants: Wicked Wonderland photo backdrop,,,00:02:24.700,"Kinglion, Nathalie Williams",4,
Fight of Our Lives,Descendants: The Rise of Red (Original Soundtrack),,,,,,,Hollywood Land,Descendants: Wicked Wonderland photo backdrop,,,00:03:09.300,"Kylie Cantrall, Malia Baker",5,
Life Is Sweeter,Descendants: The Rise of Red (Original Soundtrack),,,,,,,Hollywood Land,Descendants: Wicked Wonderland photo backdrop,,,00:04:10.400,Descendants Cast,6,
Perfect Revenge,Descendants: The Rise of Red (Original Soundtrack),,,,,,,Hollywood Land,Descendants: Wicked Wonderland photo backdrop,,,00:02:32.500,"Dara Renee, Anthony Pyatt, Joshua Colley, Mars, Peder Lindell",7,
Shuffle of Love,Descendants: The Rise of Red (Original Soundtrack),,,,,,,Hollywood Land,Descendants: Wicked Wonderland photo backdrop,,,00:02:40.700,Ruby Rose Turner,19,
Get Your Hands Dirty,Descendants: The Rise of Red (Original Soundtrack),,,,,,,Hollywood Land,Descendants: Wicked Wonderland photo backdrop,,,00:02:35.500,"Malia Baker, Morgan Dudley",18,
Life Is Sweeter (Reprise),Descendants: The Rise of Red (Original Soundtrack),,,,,,,Hollywood Land,Descendants: Wicked Wonderland photo backdrop,,,00:03:04.700,"Rita Ora, Kylie Cantrall",17,
Red,Disney Karaoke Series: Descendants: The Rise of Red,,,,,,,Hollywood Land,Descendants: Wicked Wonderland photo backdrop,,,00:03:21.500,Descendants Karaoke,16,
So This Is Love,Disney Karaoke Series: Descendants: The Rise of Red,,,,,,,Hollywood Land,Descendants: Wicked Wonderland photo backdrop,,,00:03:08.600,Descendants Karaoke,15,
Love Ain't It,Disney Karaoke Series: Descendants: The Rise of Red,,,,,,,Hollywood Land,Descendants: Wicked Wonderland photo backdrop,,,00:02:24.200,Descendants Karaoke,14,
What's My Name (Red Version),Disney Karaoke Series: Descendants: The Rise of Red,,,,,,,Hollywood Land,Descendants: Wicked Wonderland photo backdrop,,,00:04:05.400,Descendants Karaoke,13,
Fight of Our Lives,Disney Karaoke Series: Descendants: The Rise of Red,,,,,,,Hollywood Land,Descendants: Wicked Wonderland photo backdrop,,,00:01:04.700,Descendants Karaoke,12,
Life is Sweeter,Disney Karaoke Series: Descendants: The Rise of Red,,,,,,,Hollywood Land,Descendants: Wicked Wonderland photo backdrop,,,00:03:03.600,Descendants Karaoke,11,
Perfect Revenge,Disney Karaoke Series: Descendants: The Rise of Red,,,,,,,Hollywood Land,Descendants: Wicked Wonderland photo backdrop,,,00:00:44.500,Descendants Karaoke,10,
Shuffle of Love,Disney Karaoke Series: Descendants: The Rise of Red,,,,,,,Hollywood Land,Descendants: Wicked Wonderland photo backdrop,,,00:02:38.000,Descendants Karaoke,9,
Get Your Hands Dirty,Disney Karaoke Series: Descendants: The Rise of Red,,,,,,,Hollywood Land,Descendants: Wicked Wonderland photo backdrop,,,00:02:32.700,Descendants Karaoke,8,
Escapade,,,,,,,,San Fransokyo Square,San Fransokyo Square v.2,"This loop plays in the general outdoor area of San Fransokyo Square. Tracklist compiled by SSrustworthy and pixelated based on pixelated’s 2026 reference recording. In this version of the loop, two tracks by Yoasobi were removed, and one (”Carrying Happiness”) was added at some point between February 2026 and the land’s opening on August 31, 2023. See MouseBits, https://forums.mousebits.com/threads/san-fransokyo-square.11160/ (2025).",01:32:39.785,,Official Hige Dandism,1,Preceded by ~7 seconds of silence
Go Way!,,,,,,,,San Fransokyo Square,San Fransokyo Square v.2,,,,SILENT SIREN,2,
B-A-Y-M-A-X (Instrumental),Tokyo Disneyland The Happy Ride with Baymax,,,,,,,San Fransokyo Square,San Fransokyo Square v.2,,,,Tokyo Disneyland,3,"Contains an additional 10 second outro clip as played at TDL, but missing from the source album release"
Isshin Doutai,,,,,,,,San Fransokyo Square,San Fransokyo Square v.2,,,,Kyary Pamyu Pamyu,4,
Linear Motor Girl,,,,,,,,San Fransokyo Square,San Fransokyo Square v.2,,,,Perfume,5,
Mela!,,,,,,,,San Fransokyo Square,San Fransokyo Square v.2,,,,Ryokuoushoku Shakai,6,
MY COLOR,,,,,,,,San Fransokyo Square,San Fransokyo Square v.2,,,,Perfume,7,
Happy Song (Instrumental),Tokyo Disneyland The Happy Ride with Baymax,,,,,,,San Fransokyo Square,San Fransokyo Square v.2,,,,Tokyo Disneyland,8,"Contains an additional 10 second outro clip as played at TDL, but missing from the source album release"
Peace Sign,,,,,,,,San Fransokyo Square,San Fransokyo Square v.2,,,,Kenshi Yonezu,9,
Laser Beam,,,,,,,,San Fransokyo Square,San Fransokyo Square v.2,,,,Perfume,10,
PONPONPON,,,,,,,,San Fransokyo Square,San Fransokyo Square v.2,,,,Kyary Pamyu Pamyu,11,
Mirai No Museum,,,,,,,,San Fransokyo Square,San Fransokyo Square v.2,,,,Perfume,12,
ピュアなソルジャー,,,,,,,,San Fransokyo Square,San Fransokyo Square v.2,,,,Shiggy Jr.,13,
Sakura No Uta,,,,,,,,San Fransokyo Square,San Fransokyo Square v.2,,,,Kana-Boon,14,
Spending All My Time,,,,,,,,San Fransokyo Square,San Fransokyo Square v.2,,,,Perfume,15,
Tokyo Highway,,,,,,,,San Fransokyo Square,San Fransokyo Square v.2,,,,Kyary Pamyu Pamyu,16,
One Sweet Ride (Instrumental),Tokyo Disneyland The Happy Ride with Baymax,,,,,,,San Fransokyo Square,San Fransokyo Square v.2,,,,Tokyo Disneyland,17,
Spinning World,,,,,,,,San Fransokyo Square,San Fransokyo Square v.2,,,,Perfume,18,
Hien,,,,,,,,San Fransokyo Square,San Fransokyo Square v.2,,,,Kenshi Yonezu,19,
Carrying Happiness,Summer Cool-off at Tokyo Disney Resort,,,,,,,San Fransokyo Square,San Fransokyo Square v.2,,,,Mrs. GREEN APPLE,20,Added at some point after land opening
19 Summer Note.,,,,,,,,San Fransokyo Square,San Fransokyo Square v.2,,,,SILENT SIREN,21,
Daijyobanai,,,,,,,,San Fransokyo Square,San Fransokyo Square v.2,,,,Perfume,22,
A New Angle (Instrumental),Tokyo Disneyland The Happy Ride with Baymax,,,,,,,San Fransokyo Square,San Fransokyo Square v.2,,,,Tokyo Disneyland,23,
Datsu Karitekita Neko Syoukougun,,,,,,,,San Fransokyo Square,San Fransokyo Square v.2,,,,Uru,24,
Saisei,,,,,,,,San Fransokyo Square,San Fransokyo Square v.2,,,,Perfume,25,