Track,Album,Album Disc Number,Album Label,Album Track Number,Dates,Holiday/Special Event,Land,Loop,Loop Notes,Loop Total Length,Loop Track Length,Track Artist,Track No.,Track Notes
Sleep Sweet Child,Songs for Rainy Day Lovers,,,,,,Main Street U.S.A.,Kennel Club/Baby Station [PRE],,,,Clare Fischer,2,
Plastic Jesus,Cool Hand Luke OST,,,,,,Main Street U.S.A.,Kennel Club/Baby Station [PRE],This loop is thought to have played in the Disneyland Kennel Club and/or Baby Station. This partial loop compiled by Duckzz and ChrisLyndon based on a 15 minute tape uploaded to WaltsMusic (MouseBits; Re: https://mousebits.com/smf/index.php?topic=9851.msg92638#msg92638) which was labeled with those locations. The WaltsMusic cartridge transfer is not available on Ken Stigen’s website as of 2026.,Unknown,,Lalo Schifrin,1,
A Time for Love,Songs for Rainy Day Lovers,,,,,,Main Street U.S.A.,Kennel Club/Baby Station [PRE],,,,Clare Fischer,3,
America The Beautiful,Songs for Rainy Day Lovers,,,,,,Main Street U.S.A.,Kennel Club/Baby Station [PRE],,,,Clare Fischer,4,
Lavender's Blue,Hi-Fi Music For Children: From 2 to 92,,,,,,Main Street U.S.A.,Kennel Club/Baby Station [PRE],,,,Russ Garcia,7,
Doll On A Music Box & Truly Scrumptious,Fantasmagorical Themes from Chitty Chitty Bang Bang,,,,,,Main Street U.S.A.,Kennel Club/Baby Station [PRE],,,,Irwin Kostal and His Orchestra,5,
Hushabye Mountain,Fantasmagorical Themes from Chitty Chitty Bang Bang,,,,,,Main Street U.S.A.,Kennel Club/Baby Station [PRE],,,,Irwin Kostal and His Orchestra,6,
It's Sprinkling,MEOS-3 - Media Music Release No. 12 - No. 3 - Musical Weather Report [Reel M-128],,Capitol Records,,"January 1, 1975 → August 21, 1995",,Tomorrowland,PeopleMover On-Board v.2,"This loop played onboard the PeopleMover starting around 1975 or 1976 until closing. It is the second loop to have been used onboard, and the only loop based on the Capitol Media Music line. Tracklist compiled by Patrick T (YouTube) and posted by Djaili999 on Mousebits (2018; Re: https://mousebits.com/smf/index.php?topic=9916.msg93160#msg93160). Discussed in https://mousebits.com/smf/index.php?topic=10007.msg93706#msg93706",~00:12:00,,Jan Kimberly,1,
Vast Resources,MEOS-4 - Media Music Release No. 12 - No. 4 - Modern Life-Styles [Reel L-178],,Capitol Records,,"January 1, 1975 → August 21, 1995",,Tomorrowland,PeopleMover On-Board v.2,,,,Jan Kimberly,2,
Decisions,MEOS-8 - Media Music Release No. 12 - No. 8 - Productivity [Reel L-180],,Capitol Records,,"January 1, 1975 → August 21, 1995",,Tomorrowland,PeopleMover On-Board v.2,,,,Jan Kimberly,3,
Today's Action #10,MEHS-1 - Media Music Release No. 8 - No. 1 - Today's Action [Reel X-168],,Capitol Records,,"January 1, 1975 → August 21, 1995",,Tomorrowland,PeopleMover On-Board v.2,,,,Neil Amsterdam,4,
Window Shopping,MELS-9 - Media Music Release No. 11 - No. 9 - Then & Now/Here & There [Reel L-176],,Capitol Records,,"January 1, 1975 → August 21, 1995",,Tomorrowland,PeopleMover On-Board v.2,,,,Robert Ascot,6,
March,MELS-1 - Media Music Release No. 11 - No. 1 - The Year In Harmony [Reel M-123],,Capitol Records,,"January 1, 1975 → August 21, 1995",,Tomorrowland,PeopleMover On-Board v.2,,,,Tom Eliot,5,
It's Windy,MEOS-3 - Media Music Release No. 12 - No. 3 - Musical Weather Report [Reel M-128],,Capitol Records,,"January 1, 1975 → August 21, 1995",,Tomorrowland,PeopleMover On-Board v.2,,,,Jan Kimberly,7,
The Monorail Song,A Musical History of Disneyland OR Disneyland Forever,,,,"July 2, 1967 → January 1, 1975",,Tomorrowland,PeopleMover On-Board v.1,"This music played onboard the PeopleMover between narration spiels; likely played from opening in 1967 until 1975 or 1976. Discussed by wedroy1923 in Re: https://mousebits.com/smf/index.php?topic=7949.msg71392#msg71392 (MouseBits; 2013). Also see Magic Music, https://community.magicmusic.net/threads/frontierland-shooting-gallery-bgm.865/#post-6139 (2003) and https://community.magicmusic.net/threads/go-go-goodyear-ge-and-ford.458/#post-2881 (2002).",Unknown,,Buddy Baker,1,
Nation on Wheels,A Musical History of Disneyland OR Walt Disney and the 1964 World’s Fair OR Disneyland Forever,,,,"July 2, 1967 → January 1, 1975",,Tomorrowland,PeopleMover On-Board v.1,,,,George Bruns,2,
"Go, Go Goodyear (march version)",,,,,"July 2, 1967 → August 21, 1995",,Tomorrowland,PeopleMover Platform,"This loop played on the PeopleMover Goodyear speedramp (inclined, moving sidewalk) to transport guests to the elevated loading platform. Discussed by Mike Cozart. See Magic Music, https://community.magicmusic.net/threads/go-go-goodyear-ge-and-ford.458/#post-2881 (2002) and https://community.magicmusic.net/threads/frontierland-shooting-gallery-bgm.865/post-6139 (2003).",Unknown,,,1,
"Go, Go Goodyear (cha-cha version)",,,,,"July 2, 1967 → August 21, 1995",,Tomorrowland,PeopleMover Platform,,,,,2,
"Go, Go Goodyear (jazz version)",,,,,"July 2, 1967 → August 21, 1995",,Tomorrowland,PeopleMover Platform,,,,,3,
Outdoor Life #1,MEGS-8 - Media Music Release No. 7 - No. 8 - Outdoor Life / Supersoundic Strings [Reel L-163],,Capitol Records,,"June 29, 2000 → March 1, 2017",,Tomorrowland,Autopia Grandstand v.1 [REF],"This loop played in the Autopia grandstand (queue) until March of 2017, when the new loop took over with the addition of Honda’s ASIMO/Bird. It played for the duration of Chevron’s sponsorship starting in 2000, during the sponsor-less period, and into the first year of Honda’s sponsorship. This listing is based on several recordings patched together from the 2010s. See https://mousebits.com/smf/index.php?topic=8150.15 (MouseBits; 2024) and see Magic Music: https://community.magicmusic.net/threads/disneyland-music-loops.17/post-198 (2002) and https://community.magicmusic.net/threads/buddy-baker-monorail-theme-fan.1774/post-12120(2004).",19:23.042,00:01:52.938,Henrik Nielsen,1,
Vast Resources,MEOS-4 - Media Music Release No. 12 - No. 4 - Modern Life-Styles [Reel L-178],,Capitol Records,,"June 29, 2000 → March 1, 2017",,Tomorrowland,Autopia Grandstand v.1 [REF],,,00:02:15.796,Jan Kimberly,5,Edited to remove several seconds of a repetitive region towards the end
Today's Action #10,MEHS-1 - Media Music Release No. 8 - No. 1 - Today's Action [Reel X-168],,Capitol Records,,"June 29, 2000 → March 1, 2017",,Tomorrowland,Autopia Grandstand v.1 [REF],,,00:01:46.942,Neil Amsterdam,6,
It's Windy,MEOS-3 - Media Music Release No. 12 - No. 3 - Musical Weather Report [Reel M-128],,Capitol Records,,"June 29, 2000 → March 1, 2017",,Tomorrowland,Autopia Grandstand v.1 [REF],,,00:02:23.357,Jan Kimberly,4,
The Monorail Song / Nation on Wheels,Disneyland Forever,,,,"June 29, 2000 → March 1, 2017",,Tomorrowland,Autopia Grandstand v.1 [REF],,,00:03:20.242,Buddy Baker,3,Identical to the Disneyland Forever track with a few seconds cut from the transition
Outdoor Life #2,MEGS-8 - Media Music Release No. 7 - No. 8 - Outdoor Life / Supersoundic Strings [Reel L-163],,Capitol Records,,"June 29, 2000 → March 1, 2017",,Tomorrowland,Autopia Grandstand v.1 [REF],,,00:01:34.268,Henrik Nielsen,2,Rereleased on Ole Georg CDs as “Outdoor Life #1”
Window Shopping,MELS-9 - Media Music Release No. 11 - No. 9 - Then & Now/Here & There [Reel L-176],,Capitol Records,,"June 29, 2000 → March 1, 2017",,Tomorrowland,Autopia Grandstand v.1 [REF],,,00:01:45.675,Robert Ascot,7,
Neutral Strings #2,MEHS-7 - Media Music Release No. 8 - No. 7 - Neutral Strings in Motion [Reel L-99],,Capitol Records,,"June 29, 2000 → March 1, 2017",,Tomorrowland,Autopia Grandstand v.1 [REF],,,00:02:19.261,Neil Amsterdam,8,
Space Kitchen,,,,,"January 1, 2005",,Tomorrowland,Tomorrowland,,,2:36,Dan Foliart,8,
Now is the Time,,,,,"January 1, 2005",,Tomorrowland,Tomorrowland,,,2:05,Dan Foliart,9,
Perpetual Motion,,,,,"January 1, 2005",,Tomorrowland,Tomorrowland,,,2:30,Dan Foliart,13,
Liquid Space,,,,,"January 1, 2005",,Tomorrowland,Tomorrowland,,,2:55,Dan Foliart,5,
Moving Through Tie,,,,,"January 1, 2005",,Tomorrowland,Tomorrowland,,,2:39,Dan Foliart,4,
Swanson's Lab (The Monorail Song),,,,,"January 1, 2005",,Tomorrowland,Tomorrowland,,,2:47,Dan Foliart,14,
Aurora Borealis (If You Had Wings),,,,,"January 1, 2005",,Tomorrowland,Tomorrowland,,,2:20,Dan Foliart,11,
Ghosts of Venus,,,,,"January 1, 2005",,Tomorrowland,Tomorrowland,,,4:12,Dan Foliart,2,
Planetary Motion,,,,,"January 1, 2005",,Tomorrowland,Tomorrowland,,,2:38,Dan Foliart,12,
Seize the Future,,,,,"January 1, 2005",,Tomorrowland,Tomorrowland,,,3:05,Dan Foliart,6,
There’s a Great Big Beautiful Tomorrow,,,,,"January 1, 2005",,Tomorrowland,Tomorrowland,,,2:35,Dan Foliart,7,
Strange Things,,,,,"January 1, 2005",,Tomorrowland,Tomorrowland,,,2:51,Dan Foliart,3,
Dance of the Molecules,,,,,"January 1, 2005",,Tomorrowland,Tomorrowland,,,3:26,Dan Foliart,10,
Moons of Saturn (Miracles from Molecules),,,,,"January 1, 2005",,Tomorrowland,Tomorrowland,"This loop plays in Tomorrowland from elevated speakers on the former PeopleMover platform. It is fully comprised of custom compositions by Dan Foliart, with some based on existing Disney tunes. First appeared in Disneyland around 2005. Track titles may not be accurate as they are merely the ASCAP registered titles. https://community.magicmusic.net/threads/current-tomorrowland-area-music-dl-wdw.5429/ with more discussion on MouseBits: https://mousebits.com/smf/index.php?topic=8993.msg85931#msg85931 and https://mousebits.com/smf/index.php?topic=7001.msg59281#msg59281 Note: there was no land-wide BGM before 2005.",~00:39:33,2:44,Dan Foliart,1,
Tomorrowland 2055 Theme & Fanfare,,,,,,,Tomorrowland,"Space Mountain Concourse v.3, Tomorrowland 2055",,,,,2,From the “Tomorrowland 2055” recording session
Go Go Goodyear,,,,,,,Tomorrowland,"Space Mountain Concourse v.3, Tomorrowland 2055",,,,,15,From the “Tomorrowland 2055” recording session
Tomorrowland 2055 Theme #1,,,,,,,Tomorrowland,"Space Mountain Concourse v.3, Tomorrowland 2055",,,,,10,From the “Tomorrowland 2055” recording session
Tomorrowland 2055 Fanfare,,,,,,,Tomorrowland,"Space Mountain Concourse v.3, Tomorrowland 2055","This loop has played in the Space Mountain Concourse, but now seems localized to quietly playing outside the Space Mountain gift shop and restroom area as of 2025. Tracks from Tomorrowland 2055 recording sessions and original EPCOT entrance music. This played in the Space Mountain exterior queue area, restrooms and breezeway outside the Starcade. Discussed on MouseBits: https://mousebits.com/smf/index.php?topic=7942.msg79422#msg79422 and https://mousebits.com/smf/index.php?topic=3451.msg30728#msg30728 and https://mousebits.com/smf/index.php?topic=8512.msg80022#msg80022 and https://web.archive.org/web/20070221205338/http://disneymusicloops.tripod.com/dlr/dlr-tom-smc.html. Also see Magic Music, https://community.magicmusic.net/threads/disneyland-music-loops.17/page-2#post-159 (2002). ",Unknown,,,1,From the “Tomorrowland 2055” recording session
We are Here to Change the World,,,,,,,Tomorrowland,"Space Mountain Concourse v.3, Tomorrowland 2055",,,,,18,From the “Tomorrowland 2055” recording session
Timekeeper,,,,,,,Tomorrowland,"Space Mountain Concourse v.3, Tomorrowland 2055",,,,,4,From the “Tomorrowland 2055” recording session
Pop Goes the Weasel,,,,,,,Tomorrowland,"Space Mountain Concourse v.3, Tomorrowland 2055",,,,,17,From the “Tomorrowland 2055” recording session
Tomorrowland 2055 Theme #2,,,,,,,Tomorrowland,"Space Mountain Concourse v.3, Tomorrowland 2055",,,,,11,From the “Tomorrowland 2055” recording session
Nemo's Theme,Disneyland Forever,,,,,,Tomorrowland,"Space Mountain Concourse v.3, Tomorrowland 2055",,,,,14,
One Little Spark,Disneyland Forever,,,,,,Tomorrowland,"Space Mountain Concourse v.3, Tomorrowland 2055",,,,,12,
Listen to the Land,Disneyland Forever,,,,,,Tomorrowland,"Space Mountain Concourse v.3, Tomorrowland 2055",,,,,9,
Great Big Beautiful Tomorrow,Disneyland Forever,,,,,,Tomorrowland,"Space Mountain Concourse v.3, Tomorrowland 2055",,,,,20,From the “Tomorrowland 2055” recording session
"20,000 Leagues Under the Sea",Disneyland Forever,,,,,,Tomorrowland,"Space Mountain Concourse v.3, Tomorrowland 2055",,,,,13,From the “Tomorrowland 2055” recording session
Energy,Disneyland Forever,,,,,,Tomorrowland,"Space Mountain Concourse v.3, Tomorrowland 2055",,,,,3,
Magic Journeys,Disneyland Forever,,,,,,Tomorrowland,"Space Mountain Concourse v.3, Tomorrowland 2055",,,,,16,
Universe of Energy,Disneyland Forever,,,,,,Tomorrowland,"Space Mountain Concourse v.3, Tomorrowland 2055",,,,,19,
Miracles from Molecules,Disneyland Forever,,,,,,Tomorrowland,"Space Mountain Concourse v.3, Tomorrowland 2055",,,,,6,From the “Tomorrowland 2055” recording session
It's Fun to be Free,Disneyland Forever,,,,,,Tomorrowland,"Space Mountain Concourse v.3, Tomorrowland 2055",,,,,7,
Monorail Song,Disneyland Forever,,,,,,Tomorrowland,"Space Mountain Concourse v.3, Tomorrowland 2055",,,,,8,From the “Tomorrowland 2055” recording session
Golden Dream,Disneyland Forever,,,,,,Tomorrowland,"Space Mountain Concourse v.3, Tomorrowland 2055",,,,,5,
The Rocketeer,,,,,"May 22, 1998",,Tomorrowland,The Observatron,"An edited version of one of these tracks played every 15 minutes from the Observatron was it was in motion. It is not a true “loop” per se. Discussed on MouseBits: https://mousebits.com/smf/index.php?topic=7942.msg79423#msg79423. The observatron was introduced with Tomorrowland in 1998, and its last working operation was sometime between 2013 and 2017.",N/A,,,,Possibly stopped playing at some point between 2012-2014.
Space Mountain: De la Terre à la Lune (Space Mountain: From the Earth to the Moon),,,,,"May 22, 1998",,Tomorrowland,The Observatron,,,,,,
Iron Will,,,,,"May 22, 1998",,Tomorrowland,The Observatron,,,,,,Possibly stopped playing at some point between 2012-2014.
Le Visionarium (The Timekeeper),,,,,"May 22, 1998",,Tomorrowland,The Observatron,,,,,,
My Place in Space,Sit On It!,,,,"January 1, 1977 → January 1, 1996",,Tomorrowland,Space Place [PRE; INC],"This tracklist represents about 15 minutes of an identified loop from a Jack Wagner tape posted to https://www.waltsmusic.com/index.php/jack-wagner-collection/disneyland-tomorrowland-background-music-1977, with the title: “Disneyland Tomorrowland Background Music 1977”. The loop likely played in the Space Place restaurant. Partial tracklist compiled by Duckzz. Discussed on MouseBits: https://mousebits.com/smf/index.php?topic=9854.msg92652#msg92652 (2012).",Unknown,,Jimmy Smith,1,
Crystal Mellow,High on Music,,,,"January 1, 1977 → January 1, 1996",,Tomorrowland,Space Place [PRE; INC],,,,The Memphis Horn,4,
Affirmation,Breezin’,,,,"January 1, 1977 → January 1, 1996",,Tomorrowland,Space Place [PRE; INC],,,,George Benson,3,
Shadows,The Mysterious Flying Orchestra,,,,"January 1, 1977 → January 1, 1996",,Tomorrowland,Space Place [PRE; INC],,,,The Mysterious Flying Orchestra,2,
The Unidentified Flying Object ,The Out Sound From Way In!,1,,1,"January 1, 2003 → July 27, 2010",,Tomorrowland,The Star Trader v.1 [REF],"This tracklist played in the Star Trader until its closure in 2010. Tracklist compiled by C33 on MouseBits, https://mousebits.com/smf/index.php?topic=6872.msg67554#msg67554 and https://community.magicmusic.net/playlists/the-star-trader-2003.50/. All tracks from the three disc box set.",01:00:13,,Perrey & Kingsley,1,
Mister James Bond ,The Out Sound From Way In!,2,,7,"January 1, 2003 → July 27, 2010",,Tomorrowland,The Star Trader v.1 [REF],,,,Perrey & Kingsley,15,
Gypsy in Rio ,The Out Sound From Way In!,2,,13,"January 1, 2003 → July 27, 2010",,Tomorrowland,The Star Trader v.1 [REF],,,,Perrey & Kingsley,21,
Porcupine Rock ,The Out Sound From Way In!,2,,5,"January 1, 2003 → July 27, 2010",,Tomorrowland,The Star Trader v.1 [REF],,,,Perrey & Kingsley,13,
Frère Jean Jacques ,The Out Sound From Way In!,2,,8,"January 1, 2003 → July 27, 2010",,Tomorrowland,The Star Trader v.1 [REF],,,,Perrey & Kingsley,16,
Brazilian Flower ,The Out Sound From Way In!,2,,9,"January 1, 2003 → July 27, 2010",,Tomorrowland,The Star Trader v.1 [REF],,,,Perrey & Kingsley,17,
The Minuet of the Robots ,The Out Sound From Way In!,2,,11,"January 1, 2003 → July 27, 2010",,Tomorrowland,The Star Trader v.1 [REF],,,,Perrey & Kingsley,19,
Barnyard in Orbit ,The Out Sound From Way In!,1,,6,"January 1, 2003 → July 27, 2010",,Tomorrowland,The Star Trader v.1 [REF],,,,Perrey & Kingsley,5,
Swan’s Splashdown ,The Out Sound From Way In!,1,,4,"January 1, 2003 → July 27, 2010",,Tomorrowland,The Star Trader v.1 [REF],,,,Perrey & Kingsley,4,
Passport to the Future ,The Out Sound From Way In!,2,,25,"January 1, 2003 → July 27, 2010",,Tomorrowland,The Star Trader v.1 [REF],,,,Perrey & Kingsley,25,
Island in Space ,The Out Sound From Way In!,2,,3,"January 1, 2003 → July 27, 2010",,Tomorrowland,The Star Trader v.1 [REF],,,,Perrey & Kingsley,11,
Gossipo Perpetuo ,The Out Sound From Way In!,2,,20,"January 1, 2003 → July 27, 2010",,Tomorrowland,The Star Trader v.1 [REF],,,,Perrey & Kingsley,24,
Cosmic Ballad ,The Out Sound From Way In!,1,,3,"January 1, 2003 → July 27, 2010",,Tomorrowland,The Star Trader v.1 [REF],,,,Perrey & Kingsley,3,
Visa to the Stars ,The Out Sound From Way In!,1,,12,"January 1, 2003 → July 27, 2010",,Tomorrowland,The Star Trader v.1 [REF],,,,Perrey & Kingsley,9,
The Little Ships ,The Out Sound From Way In!,2,,2,"January 1, 2003 → July 27, 2010",,Tomorrowland,The Star Trader v.1 [REF],,,,Perrey & Kingsley,10,
Cat in the Night ,The Out Sound From Way In!,2,,17,"January 1, 2003 → July 27, 2010",,Tomorrowland,The Star Trader v.1 [REF],,,,Perrey & Kingsley,22,
The Little Man from Mars ,The Out Sound From Way In!,1,,2,"January 1, 2003 → July 27, 2010",,Tomorrowland,The Star Trader v.1 [REF],,,,Perrey & Kingsley,2,
Computer in Love ,The Out Sound From Way In!,1,,11,"January 1, 2003 → July 27, 2010",,Tomorrowland,The Star Trader v.1 [REF],,,,Perrey & Kingsley,8,
The Little Girl From Mars ,The Out Sound From Way In!,2,,6,"January 1, 2003 → July 27, 2010",,Tomorrowland,The Star Trader v.1 [REF],,,,Perrey & Kingsley,14,
The Mexican Cactus ,The Out Sound From Way In!,2,,4,"January 1, 2003 → July 27, 2010",,Tomorrowland,The Star Trader v.1 [REF],,,,Perrey & Kingsley,12,
Moog Indigo ,The Out Sound From Way In!,2,,19,"January 1, 2003 → July 27, 2010",,Tomorrowland,The Star Trader v.1 [REF],,,,Perrey & Kingsley,23,
In the Heart of a Rose ,The Out Sound From Way In!,2,,10,"January 1, 2003 → July 27, 2010",,Tomorrowland,The Star Trader v.1 [REF],,,,Perrey & Kingsley,18,
"Four, Three, Two, One ",The Out Sound From Way In!,2,,12,"January 1, 2003 → July 27, 2010",,Tomorrowland,The Star Trader v.1 [REF],,,,Perrey & Kingsley,20,
Spooks in Space ,The Out Sound From Way In!,1,,7,"January 1, 2003 → July 27, 2010",,Tomorrowland,The Star Trader v.1 [REF],,,,Perrey & Kingsley,6,
Electronic Can-Can ,The Out Sound From Way In!,1,,9,"January 1, 2003 → July 27, 2010",,Tomorrowland,The Star Trader v.1 [REF],,,,Perrey & Kingsley,7,
The Rebel Fleet/End Title (Medley),The Empire Strikes Back,,,,"November 16, 2015",Season of the Force,Tomorrowland,Season of the Force [REF],,,,,7,
Leia's News/Light of the Force (Medley),Return of the Jedi,,,,"November 16, 2015",Season of the Force,Tomorrowland,Season of the Force [REF],,,,,21,
The Rebel Fleet/End Title (Medley),The Empire Strikes Back,,,,"November 16, 2015",Season of the Force,Tomorrowland,Season of the Force [REF],,,,,12,
Emperor's Throne Room,Return of the Jedi,,,,"November 16, 2015",Season of the Force,Tomorrowland,Season of the Force [REF],,,,,9,
Love Pledge and the Arena,Attack of the Clones,,,,"November 16, 2015",Season of the Force,Tomorrowland,Season of the Force [REF],,,,,26,
End Credits (Instrumental),The Phantom Menace (Ultimate Edition),,,,"November 16, 2015",Season of the Force,Tomorrowland,Season of the Force [REF],,,,,2,
Panaka And The Queen's Protectors,The Phantom Menace,,,,"November 16, 2015",Season of the Force,Tomorrowland,Season of the Force [REF],,,,,19,
"The Battle of Yavin (Launch from the Fourth Moon/X-Wings Draw Fire/Use
  the Force)",A New Hope,,,,"November 16, 2015",Season of the Force,Tomorrowland,Season of the Force [REF],,,,,18,
Confrontation with Count Dooku and Finale,Attack of the Clones,,,,"November 16, 2015",Season of the Force,Tomorrowland,Season of the Force [REF],,,,,20,
The Emperor Arrives/The Death of Yoda/Obi-Wan's Revelation (Medley),Return of the Jedi,,,,"November 16, 2015",Season of the Force,Tomorrowland,Season of the Force [REF],,,,,10,
The Land of the Sandpeople,The Ultimate Digital Collection (Episode IV),,,,"November 16, 2015",Season of the Force,Tomorrowland,Season of the Force [REF],,,,,8,
Han Solo and the Princess,The Empire Strikes Back,,,,"November 16, 2015",Season of the Force,Tomorrowland,Season of the Force [REF],,,,,4,
The Arrival at Tatooine and The Flag Parade,The Phantom Menace,,,,"November 16, 2015",Season of the Force,Tomorrowland,Season of the Force [REF],,,,,5,
The Asteroid Field,The Empire Strikes Back,,,,"November 16, 2015",Season of the Force,Tomorrowland,Season of the Force [REF],,,,,28,
Luke and Leia,Return of the Jedi,,,,"November 16, 2015",Season of the Force,Tomorrowland,Season of the Force [REF],,,,,11,
Yoda and the Force,Empire Strikes Back,,,,"November 16, 2015",Season of the Force,Tomorrowland,Season of the Force [REF],,,,,22,
Across the Stars (Love Theme),Attack of the Clones,,,,"November 16, 2015",Season of the Force,Tomorrowland,Season of the Force [REF],,,,,15,
The Tractor Beam/Chasm Crossfire,A New Hope,,,,"November 16, 2015",Season of the Force,Tomorrowland,Season of the Force [REF],,,,,6,
Grievous Speaks to Lord Sidious,Revenge of the Sith,,,,"November 16, 2015",Season of the Force,Tomorrowland,Season of the Force [REF],,,,,16,
End Credits (Instrumental),The Phantom Menace (Ultimate Edition),,,,"November 16, 2015",Season of the Force,Tomorrowland,Season of the Force [REF],,,,,17,
Panaka And The Queen's Protectors,The Phantom Menace,,,,"November 16, 2015",Season of the Force,Tomorrowland,Season of the Force [REF],,,,,27,
Star Wars Main Title & A Galaxy Divided,The Clone Wars,,,,"November 16, 2015",Season of the Force,Tomorrowland,Season of the Force [REF],,,,,14,
The Desert and the Robot Auction,A New Hope,,,,"November 16, 2015",Season of the Force,Tomorrowland,Season of the Force [REF],,,,,30,
Across the Stars (Love Theme),Attack of the Clones,,,,"November 16, 2015",Season of the Force,Tomorrowland,Season of the Force [REF],,,,,13,
The Throne Room/End Title,A New Hope,,,,"November 16, 2015",Season of the Force,Tomorrowland,Season of the Force [REF],,,,,23,
Princess Leia's Theme,A New Hope,,,,"November 16, 2015",Season of the Force,Tomorrowland,Season of the Force [REF],,,,,25,
Lando's Palace,The Empire Strikes Back,,,,"November 16, 2015",Season of the Force,Tomorrowland,Season of the Force [REF],,,,,3,
Across the Stars (Love Theme),Attack of the Clones,,,,"November 16, 2015",Season of the Force,Tomorrowland,Season of the Force [REF],,,,,31,
Parade of the Ewoks,Return of the Jedi,,,,"November 16, 2015",Season of the Force,Tomorrowland,Season of the Force [REF],"All of the tracks are from the standard Star Wars soundtrack, unless otherwise noted. Compiled by Pixelated and SuperHotLarry. It plays from speakers mounted on the old Peoplemover/Rocket Rods tracks as you walk in from the Hub and from the much bigger speakers at the base of the Observatron, and speakers along the side of the Galactic Grill. https://mousebits.com/smf/index.php?topic=9235.msg87376#msg87376",00:48:20,,,1,
Across the Stars (Love Theme),Attack of the Clones,,,,"November 16, 2015",Season of the Force,Tomorrowland,Season of the Force [REF],,,,,24,
The Throne Room/End Title,A New Hope,,,,"November 16, 2015",Season of the Force,Tomorrowland,Season of the Force [REF],,,,,29,
Super Mario World BGM,,,,,"October 28, 2012 → November 1, 2014",,Tomorrowland,Wreck-It Ralph Meet and Greet,Played at the Starcade Wreck-it Ralph Meet and Greet ca. 2012 to 2014. Compiled by Pixelated and others on MouseBits: https://mousebits.com/smf/index.php?topic=7699.msg68678#msg68678 (2012).,00:48:21.864,,,1,
Contra,Nintendo NES in-game OST,,,,"October 28, 2012 → November 1, 2014",,Tomorrowland,Wreck-It Ralph Meet and Greet,,,,,26,
"Dr. Mario - Chill, Fever","Retro Remix Revue, Volume 1",,,,"October 28, 2012 → November 1, 2014",,Tomorrowland,Wreck-It Ralph Meet and Greet,,,,Retro Remix Revue,4,Edited
The Legend of Zelda (Original Mix),Electric Carnival 2011,,,,"October 28, 2012 → November 1, 2014",,Tomorrowland,Wreck-It Ralph Meet and Greet,,,,Zedd,8,
Pokemon,,,,,"October 28, 2012 → November 1, 2014",,Tomorrowland,Wreck-It Ralph Meet and Greet,,,,,11,
Super Mario Brothers,,,,,"October 28, 2012 → November 1, 2014",,Tomorrowland,Wreck-It Ralph Meet and Greet,,,,,2,
Dark Overworld (Legend Of Zelda: A Link To The Past),,,,,"October 28, 2012 → November 1, 2014",,Tomorrowland,Wreck-It Ralph Meet and Greet,,,,"Nintendo, Koji Kondo",14,
Glory,Madden NFL 13,,,,"October 28, 2012 → November 1, 2014",,Tomorrowland,Wreck-It Ralph Meet and Greet,,,,"Colin O'Malley, Aron Sapp",15,
"Super Mario Brothers 3 - Overworld BGM, Athletic BGM","Retro Remix Revue, Volume 2",,,,"October 28, 2012 → November 1, 2014",,Tomorrowland,Wreck-It Ralph Meet and Greet,,,,Retro Remix Revue,12,Edited
Wicked Child (Outdoor BGM),Konami Game Music: Classic Castlevania,,,,"October 28, 2012 → November 1, 2014",,Tomorrowland,Wreck-It Ralph Meet and Greet,,,,Konami Kukeiha Club,32,
Emerald Hill Zone,,,,,"October 28, 2012 → November 1, 2014",,Tomorrowland,Wreck-It Ralph Meet and Greet,,,,Sega,20,
Green Hill Zone (Sonic the Hedgehog),Volume 2,,,,"October 28, 2012 → November 1, 2014",,Tomorrowland,Wreck-It Ralph Meet and Greet,,,,The OneUps,21,Edited
'Arena Showdown - Main Theme',Perfect Dark Zero,,,,"October 28, 2012 → November 1, 2014",,Tomorrowland,Wreck-It Ralph Meet and Greet,,,,David Clynick,16,
Pac-Man Fever [1982],,,,,"October 28, 2012 → November 1, 2014",,Tomorrowland,Wreck-It Ralph Meet and Greet,,,,Buckner & Garcia,24,
The Legend of Zelda,Best of the Best: Collector's Edition,,,,"October 28, 2012 → November 1, 2014",,Tomorrowland,Wreck-It Ralph Meet and Greet,,,,David Arkenstone,22,
Goonies 'R' Good Enough (Nintendo 8bit version) (Remix),,,,,"October 28, 2012 → November 1, 2014",,Tomorrowland,Wreck-It Ralph Meet and Greet,,,,,9,Edited; https://www.youtube.com/watch?v=phGS0VdpM0E
"Kingdom Hearts ",Video Games Live,,,,"October 28, 2012 → November 1, 2014",,Tomorrowland,Wreck-It Ralph Meet and Greet,,,,Jack Wall & Slovak National Symphony Orchestra,28,"Alternatively, could be Hikari (Orchestrated) - Kingdom Hearts "
Main Theme (Angry Birds),The Greatest Video Game Music,,,,"October 28, 2012 → November 1, 2014",,Tomorrowland,Wreck-It Ralph Meet and Greet,,,,London Philharmonic Orchestra,10,
Super Mario World Title Theme,,,,,"October 28, 2012 → November 1, 2014",,Tomorrowland,Wreck-It Ralph Meet and Greet,,,,,19,
Nate's Theme,Uncharted 3: Drake's Deception OST,,,,"October 28, 2012 → November 1, 2014",,Tomorrowland,Wreck-It Ralph Meet and Greet,,,,Greg Edmundson,29,
Tetris (Instrumental),The Best of Retro Video Games,,,,"October 28, 2012 → November 1, 2014",,Tomorrowland,Wreck-It Ralph Meet and Greet,,,,The Video Game Music Orchestra,23,
Wreck-It Ralph,Wreck-It Ralph OST,,,,"October 28, 2012 → November 1, 2014",,Tomorrowland,Wreck-It Ralph Meet and Greet,,,,Henry Jackman,17,
Double Dragon,Nintendo NES in-game OST,,,,"October 28, 2012 → November 1, 2014",,Tomorrowland,Wreck-It Ralph Meet and Greet,,,,,31,
Tron Scherzo (Bit's Game Boy Mix),Tron Tribute EP,,,,"October 28, 2012 → November 1, 2014",,Tomorrowland,Wreck-It Ralph Meet and Greet,,,,8 Bit Weapon,5,
Gameboy Tune,Machinarium Soundtrack,,,,"October 28, 2012 → November 1, 2014",,Tomorrowland,Wreck-It Ralph Meet and Greet,,,,Tomáš Dvorák,13,
Sky Kid Theme,,,,,"October 28, 2012 → November 1, 2014",,Tomorrowland,Wreck-It Ralph Meet and Greet,,,,,18,Possibly could be the Sky Kid Retro Medley from the Smash Bros Series.
Thriller,Moonwalker: 8-Bit Tribute to Michael Jackson,,,,"October 28, 2012 → November 1, 2014",,Tomorrowland,Wreck-It Ralph Meet and Greet,,,,The Greatest Bits,6,Edited
"Birds, Stars, Pigs and Quasars [Angry Birds]",Intergalactic Continuum,,,,"October 28, 2012 → November 1, 2014",,Tomorrowland,Wreck-It Ralph Meet and Greet,,,,The OneUps,25,Edited
Zelda,Nintendo NES in-game OST,,,,"October 28, 2012 → November 1, 2014",,Tomorrowland,Wreck-It Ralph Meet and Greet,,,,,7,
Smooth Criminal,Moonwalker: 8-Bit Tribute to Michael Jackson,,,,"October 28, 2012 → November 1, 2014",,Tomorrowland,Wreck-It Ralph Meet and Greet,,,,The Greatest Bits,27,Edited
Halo,,,,,"October 28, 2012 → November 1, 2014",,Tomorrowland,Wreck-It Ralph Meet and Greet,,,,Martin O'Donnell & Michael Salvatori,30,
Mii Channel (Nintendo Wii),Volume 2,,,,"October 28, 2012 → November 1, 2014",,Tomorrowland,Wreck-It Ralph Meet and Greet,,,Edited,The OneUps,3,
Immortals,Big Hero 6 (soundtrack),,,,"November 7, 2014 → January 1, 2015",,Tomorrowland,Big Hero 6 Meet and Greet,"This loop played at the Big Hero 6 Meet and Greet in the Starcade ca. 2014 to 2015. Various edits are present in the score tracks, and they all seem to overlap slightly. Tracklist compiled by RocketRodsXPR and SSrustworthy based on a recording by pixelated. See MouseBits, https://mousebits.com/smf/index.php?topic=8836.msg84669#msg84669 (2015).",12:22.849,00:03:09.818,Fall Out Boy,1,Unedited
Upgrades,Big Hero 6 (soundtrack),,,,"November 7, 2014 → January 1, 2015",,Tomorrowland,Big Hero 6 Meet and Greet,,,00:01:01.932,Henry Jackman,5,Starts at 0:03.921 of source track and edited to end at 1:08.552 (but next track starts to fade in before then)
First Flight,Big Hero 6 (soundtrack),,,,"November 7, 2014 → January 1, 2015",,Tomorrowland,Big Hero 6 Meet and Greet,,,00:01:37.410,Henry Jackman,7,Edited to begin around 0:04.929; Next track fades in around 1:42.340 in track
Big Hero 6,Big Hero 6 (soundtrack),,,,"November 7, 2014 → January 1, 2015",,Tomorrowland,Big Hero 6 Meet and Greet,,,00:02:15.881,Henry Jackman,8,Edited to begin around 4:14.921; Completely faded out by 6:30.802
Huggable Detective,Big Hero 6 (soundtrack),,,,"November 7, 2014 → January 1, 2015",,Tomorrowland,Big Hero 6 Meet and Greet,,,00:00:52.393,Henry Jackman,4,Edited to start at 0:38.440
Microbots,Big Hero 6 (soundtrack),,,,"November 7, 2014 → January 1, 2015",,Tomorrowland,Big Hero 6 Meet and Greet,,,00:01:28.066,Henry Jackman,3,Slight overlap with end of previous track. Edited to end before last note such that next track begins at 1:28.066
So Much More,Big Hero 6 (soundtrack),,,,"November 7, 2014 → January 1, 2015",,Tomorrowland,Big Hero 6 Meet and Greet,,,00:00:37.089,Henry Jackman,6,Edited to start at 1:47.194; there is a one measure addition present in the middle of the track that is not present on the commercially available soundtrack. Edited to end around ~2:23.906
Hiro Hamada,Big Hero 6 (soundtrack),,,,"November 7, 2014 → January 1, 2015",,Tomorrowland,Big Hero 6 Meet and Greet,,,00:01:20.256,Henry Jackman,2,Fade in; edited to start at 0:35.030
Great Big World Of Innoventions (Home Version),Unreleased,,,,"November 10, 1998 → January 1, 2012",,Tomorrowland,Innoventions 'Ring Loop',"This is a tracklist of the music heard upon entering Innoventions, as Tom Morrow would sing a themed version of the main attraction theme. The track/song would change depending on what zone you were entering, so this was not a loop in the technical sense. These were bigger and bouncier than the exterior versions. See MouseBits: https://mousebits.com/smf/index.php?topic=8802.msg84034#msg84034 and Magic Music: https://community.magicmusic.net/threads/disneylands-innoventions-area-loop-question-about-track.3570/#post-23714",Unknown,,Buddy Baker,1,Interpolates instrumental from “There’s No Place Like Home” (by Glen Campbell?). The exterior version was released on DLF.
Great Big World Of Innoventions (Entertainment Version),Unreleased,,,,"November 10, 1998 → January 1, 2012",,Tomorrowland,Innoventions 'Ring Loop',,,,Buddy Baker,5,Interpolates instrumental underliner from “We're the Mouseketeers.”
Great Big World Of Innoventions (Sports Version),Unreleased,,,,"November 10, 1998 → January 1, 2012",,Tomorrowland,Innoventions 'Ring Loop',,,,Buddy Baker,2,Interpolates instrumental from the “Medfield Fight Song” played in the film The Absent-Minded Professor.
Great Big World Of Innoventions (Education Version),Unreleased,,,,"November 10, 1998 → January 1, 2012",,Tomorrowland,Innoventions 'Ring Loop',,,,Buddy Baker,3,"Interpolates instrumental from the Victorian classic song “School Days.” (i.e., School Days, School Days, dear old Golden Rule days…)"
Great Big World Of Innoventions (Transportation Version),Unreleased,,,,"November 10, 1998 → January 1, 2012",,Tomorrowland,Innoventions 'Ring Loop',,,,Buddy Baker,4,Interpolates instrumental underliner from “The Monorail Song” composed by Buddy Baker.
Great Big World Of Innoventions (Home Version),Disneyland Forever System,,,,"November 10, 1998 → March 31, 2015",,Tomorrowland,Innoventions (exterior),This is a Buddy Baker-composed loop which played from the speakers on the non-moving portion of the Innoventions building. It is composed with more subdued versions of the interior cues. See https://mousebits.com/smf/index.php?topic=8802.msg84034#msg84034 Also see the Magic Music thread https://community.magicmusic.net/threads/innoventions-dl.4465/#post-31990 and https://community.magicmusic.net/threads/disneylands-innoventions-area-loop-question-about-track.3570/#post-23714,Unknown,,Buddy Baker,1,Interpolates instrumental from “There’s No Place Like Home” (by Glen Campbell?). The exterior version was released on DLF.
Ascension,Best of Both Worlds - The Second Audion Sampler,,,,,,Tomorrowland,Innoventions (interior),"The EPCOT Future World/Innoventions Plaza BGM Loop apparently has been played, off and on (as recently as 2010), from the top of the Tree of Knowledge inside Innoventions, with the electronic bug sounds coming from the bottom. Typically the loop was too quiet in relation to enviromental noise. It has been confirmed via Magic Music, https://community.magicmusic.net/threads/epcot-innoventions-loop-at-dl.4569/#post-32681 that it is identical to “the short loop” detailed in this blog post: https://community.magicmusic.net/threads/future-world-innoventions-plaza-area-music.5215/. See more discussion on MouseBits: https://mousebits.com/smf/index.php?topic=8802.msg83999#msg83999 and https://mousebits.com/smf/index.php?topic=6991.msg58935#msg58935 Also see the Magic Music thread https://community.magicmusic.net/threads/innoventions-dl.4465/#post-31990",00:19:47,1:04,Russell Brower,1,Edited; Some unreleased music included from 0:39 - 1:04
Global Neighborhood,Walt Disney World Forever Project,,,,,,Tomorrowland,Innoventions (interior),,,1:14,,12,"Edited, 2:31 to end"
Future World Theme,,,,,,,Tomorrowland,Innoventions (interior),,,5:31,,4,
Interlude IV,,,,,,,Tomorrowland,Innoventions (interior),,,1:06,,6,
Introduction,,,,,,,Tomorrowland,Innoventions (interior),,,0:51,,3,
Future World Theme (Reprise),,,,,,,Tomorrowland,Innoventions (interior),,,0:53,,11,
Arcs,Walt Disney World Forever Project,,,,,,Tomorrowland,Innoventions (interior),,,1:06,,5,
Innoventions Adagio,,,,,,,Tomorrowland,Innoventions (interior),,,0:26,,8,
Interlude C,,,,,,,Tomorrowland,Innoventions (interior),,,0:56,,10,
Horizons,,,,,,,Tomorrowland,Innoventions (interior),,,0:27,,9,
Papillion,In the Wake of the Wind,,,,,,Tomorrowland,Innoventions (interior),,,4:30,David Arkenstone,2,Edited
"9' 35"" for Six Weeks",,,,,,,Tomorrowland,Innoventions (interior),,,1:44,,7,
Great Big World Of Innoventions (Entertainment Version),Unreleased,,,,,,Tomorrowland,Innoventions (exterior),,,,Buddy Baker,5,Interpolates instrumental underliner from “We're the Mouseketeers.”
Great Big World Of Innoventions (Sports Version),Unreleased,,,,,,Tomorrowland,Innoventions (exterior),,,,Buddy Baker,2,Interpolates instrumental from the “Medfield Fight Song” played in the film The Absent-Minded Professor.
Great Big World Of Innoventions (Education Version),Unreleased,,,,,,Tomorrowland,Innoventions (exterior),,,,Buddy Baker,3,"Interpolates instrumental from the Victorian classic song “School Days.” (i.e., School Days, School Days, dear old Golden Rule days…)"
Great Big World Of Innoventions (Transportation Version),Unreleased,,,,,,Tomorrowland,Innoventions (exterior),,,,Buddy Baker,4,Interpolates instrumental underliner from “The Monorail Song” composed by Buddy Baker.
"The Sailor Likes His Bottle, Oh",Unreleased,,,,"January 1, 1976 → September 7, 1998",,Tomorrowland,Submarine Voyage Queue,"This loop played in the queue of the Submarine Voyage attraction. It featured music interspersed with announcements from the Captain (voiced by Peter Renaday). Discussed on https://community.magicmusic.net/threads/disneyland-music-loops.17/page-3 forums and MouseBits, Re: https://mousebits.com/smf/index.php?topic=10840.msg98962#msg98962.",00:12:27,,,1,
A-roving,Unreleased,,,,"January 1, 1976 → September 7, 1998",,Tomorrowland,Submarine Voyage Queue,,,,,2,
Oh Johnny Come to Hilo,Unreleased,,,,"January 1, 1976 → September 7, 1998",,Tomorrowland,Submarine Voyage Queue,,,,,4,
"Sailing, Sailing",WDW Forever,,,,"January 1, 1976 → September 7, 1998",,Tomorrowland,Submarine Voyage Queue,,,,,5,
Sailor’s Hornpipe,WDW Forever,,,,"January 1, 1976 → September 7, 1998",,Tomorrowland,Submarine Voyage Queue,,,,,3,
Drunken Sailor,WDW Forever,,,,"January 1, 1976 → September 7, 1998",,Tomorrowland,Submarine Voyage Queue,,,,,6,
See loop notes,,,,,,,Tomorrowland,Nemo's Submarine Voyage Queue [INC],"This loop plays in the queue for the Nemo’s Submarine Voyage attraction. The loop was confirmed by wedroy1923 to be the same area music as “The Seas with Nemo and Friends”; see Magic Music, https://community.magicmusic.net/threads/dlr-notes-2-15-09.4046/post-29265. Plays moreso in the loading area than the queue. These are not needledrop tracks and were reorchestrated from the Finding Nemo soundtrack. No track listing has been compiled as a result. See MouseBits, Re:https://mousebits.com/smf/index.php?topic=10461.msg96387#msg96387",00:57:46,,,,
Enter Lord Vader,Revenge of the Sith,,,,,,Tomorrowland,Star Tours: TAC Overflow Queue,,,,,22,
Den of the Rancor,Return of the Jedi,,,,,,Tomorrowland,Star Tours: TAC Overflow Queue,,,,,13,
The Emperor Arrives,Return of the Jedi,,,,,,Tomorrowland,Star Tours: TAC Overflow Queue,,,,,21,
The Battle of Hoth: Beneath the AT-AT,The Empire Strikes Back,,,,,,Tomorrowland,Star Tours: TAC Overflow Queue,,,,,8,
The Battle of Yavin: X-Wings Draw Fire/Use the Force,Star Wars (A New Hope),,,,,,Tomorrowland,Star Tours: TAC Overflow Queue,,,,,2,
Imperial Attack,Star Wars (A New Hope),,,,,,Tomorrowland,Star Tours: TAC Overflow Queue,,,,,7,
The Trash Compactor,Star Wars (A New Hope),,,,,,Tomorrowland,Star Tours: TAC Overflow Queue,,,,,11,
Han Solo Returns,Return of the Jedi,,,,,,Tomorrowland,Star Tours: TAC Overflow Queue,,,,,26,
Princess Leia's Theme,Star Wars (A New Hope),,,,,,Tomorrowland,Star Tours: TAC Overflow Queue,,,,,24,
Imperial March,The Empire Strikes Back,,,,,,Tomorrowland,Star Tours: TAC Overflow Queue,,,,,14,
Imperial Starfleet Deployed,The Empire Strikes Back,,,,,,Tomorrowland,Star Tours: TAC Overflow Queue,,,,,19,
Finale,Attack of the Clones (starting at Across the Stars),,,,,,Tomorrowland,Star Tours: TAC Overflow Queue,,,,,23,
A New Hope and End Credits,Revenge of the Sith,,,,,,Tomorrowland,Star Tours: TAC Overflow Queue,,,,,6,
Hyperspace,The Empire Strikes Back,,,,,,Tomorrowland,Star Tours: TAC Overflow Queue,,,,,12,
End Title,Return of the Jedi (starting at Parade of the Ewoks),,,,,,Tomorrowland,Star Tours: TAC Overflow Queue,,,,,18,
The Forest Battle (Concert Suite),Return of the Jedi,,,,,,Tomorrowland,Star Tours: TAC Overflow Queue,,,,,16,
City in the Clouds,The Empire Strikes Back,,,,,,Tomorrowland,Star Tours: TAC Overflow Queue,,,,,20,
Departing Coruscant,Attack of the Clones,,,,,,Tomorrowland,Star Tours: TAC Overflow Queue,,,,,9,
Shootout in the Cell Bay,Star Wars (A New Hope),,,,,,Tomorrowland,Star Tours: TAC Overflow Queue,,,,,4,
The Battle of Endor I: Into the Trap,Return of the Jedi,,,,,,Tomorrowland,Star Tours: TAC Overflow Queue,,,,,15,
The Asteroid Field,The Empire Strikes Back,,,,,,Tomorrowland,Star Tours: TAC Overflow Queue,,,,,17,
Detention Block Ambush,Star Wars (A New Hope),,,,,,Tomorrowland,Star Tours: TAC Overflow Queue,"This is the overflow queue loop for Star Tours: The Adventures Continue. Discussed on MouseBits in https://mousebits.com/smf/index.php?topic=9809.msg92388#msg92388. Tracklist identified by RocketRodsXPR. Most of these have odd little edits throughout, but appear to be from the original soundtracks. They seem to match the Special Edition releases for the original trilogy.",01:22:10,,,1,
Yoda's Theme,The Empire Strikes Back,,,,,,Tomorrowland,Star Tours: TAC Overflow Queue,,,,,25,
Love Pledge and the Arena,Attack of the Clones,,,,,,Tomorrowland,Star Tours: TAC Overflow Queue,,,,,10,
The Battle of Hoth: Escape in the Millennium Falcon,The Empire Strikes Back,,,,,,Tomorrowland,Star Tours: TAC Overflow Queue,,,,,3,
Chasm Crossfire,Star Wars (A New Hope),,,,,,Tomorrowland,Star Tours: TAC Overflow Queue,,,,,5,
Home on the Range,Unreleased,,,,,,"Bear Country, Critter Country",Mile Long Bar [PRE; INC],,,,,2,
Upon the Housetop,Country Christmas With Nashville Musicians,,Halo Records,,,Christmas,"Bear Country, Critter Country","Country Bear Jamboree Holiday Queue, Critter Country Holiday [REF]",,,,Gary Parker & His Studio Sidemen,4,"Note, this track was released digitally as “Up on the Housetop” by The Fun Street Gang on the album Frosty and the Fun Street Gang (1979). The track is audibly identical to the version released by Gary Parker on his now-defunct website, albeit sped up significantly. The first several seconds of the digital track involve dialogue which also obscures the first ~4 seconds of the music, which is unobscured starting at 0:58.586 (I replaced the first few seconds with the lower-bitrate version from Gary Parker’s site). Loop playback rate is 0.743 of the digital source track. Using the Fun Street Gang version, edited to include 0:58.586 -1:37.541, 1:55.121-end with fade out around 2:10.777."
White Christmas,Christmas,,Sony Special Product,,,Christmas,"Bear Country, Critter Country","Country Bear Jamboree Holiday Queue, Critter Country Holiday [REF]",,,,Charlie McCoy,7,"Note, this track was released digitally by the same title. Loop playback rate is 1.003x the digital source track."
Deck the Halls,Country Christmas With Nashville Musicians,,Halo Records,,,Christmas,"Bear Country, Critter Country","Country Bear Jamboree Holiday Queue, Critter Country Holiday [REF]",,,,Gary Parker & His Studio Sidemen,9,"Note, this track was released digitally as “Deck the Halls” by Country Strings on the 2006 album “A Family Christmas”. IHeartGaming noted that it was also released on the album “https://www.discogs.com/release/13034813-Boots-Randolph-A-Country-Christmas-Celebrate-The-Season” on CD in 1992. It was also sold as an MP3 on Gary Parker’s now-defunct website. Loop playback is 1.006x the ‘Country Strings' digital source track. Edited to include start-1:32.134, 2:31.581 (fade-in overlapping with end of first segment)-end."
Hark! The Herald Angels Sing/O Come All Ye Faithful,Christmas Guitar,,Varrick,3,,Christmas,"Bear Country, Critter Country","Country Bear Jamboree Holiday Queue, Critter Country Holiday [REF]",,,,John Fahey,6,"Note, I was unable to check this specific album on vinyl, although I was able to verify that this track is not the same as the one on “The New Possibility.” This track was released digitally by the same title on the album “Christmas Guitar” by John Fahey. Loop playback rate is 1.011x the digital source track."
Jingle Bells,Christmas,,Sony Special Product,,,Christmas,"Bear Country, Critter Country","Country Bear Jamboree Holiday Queue, Critter Country Holiday [REF]",,,,Charlie McCoy,5,"Note, this track was released digitally by the same title. The first 59 seconds of the source track featuring Charlie McCoy's introduction to the album were removed. Edited to include 0:59.227-2:02.649, 2:33.490-3:34.700, and 4:02.609-end. Loop playback rate is 1.005x the digital source track."
Medley: Christmas Time's a-Comin'/Rudolph the Red-Noes Reindeer,Christmas Guitar,,Varrick,14,,Christmas,"Bear Country, Critter Country","Country Bear Jamboree Holiday Queue, Critter Country Holiday [REF]",,,,John Fahey,8,"Note, this track was released digitally by the same title on the album “Christmas Guitar” by John Fahey. Loop playback is 1.007x the digital source track."
Santa Claus is Coming to Town,Christmas Guitar,,Varrick,11,,Christmas,"Bear Country, Critter Country","Country Bear Jamboree Holiday Queue, Critter Country Holiday [REF]",,,,John Fahey,11,"Note, this track was released digitally on the album “Christmas Guitar” . Loop playback is 1.006x the digital source track."
Jingle Bell Rock,Christmas with Danny Davis and the Nashville Brass,,RCA Victor,,,Christmas,"Bear Country, Critter Country","Country Bear Jamboree Holiday Queue, Critter Country Holiday [REF]",,,,Danny Davis and the Nashville Brass,12,"Note, this track was released digitally by the same name. Loop playback is 1.009x the digital source track."
Winter Wonderland,Country Christmas With Nashville Musicians,,Halo Records,,,Christmas,"Bear Country, Critter Country","Country Bear Jamboree Holiday Queue, Critter Country Holiday [REF]",,,,Gary Parker & His Studio Sidemen,10,"Note, this track was NOT commercially re-released, however it was sold as an MP3 on Gary Parker’s now-defunct website. For that version, loop playback is 0.991x the digital source track. Edited to include 0:13.324 Edited to include start-1:33.019, 2:25.032 (fade-in overlapping with last second)-end."
Blue Christmas,Christmas,,Sony Special Product,,,Christmas,"Bear Country, Critter Country","Country Bear Jamboree Holiday Queue, Critter Country Holiday [REF]",,,,Charlie McCoy,13,"Note, this track was released digitally by the same name. Loop playback is 0.993x the digital source track."
Jingling Brass,Christmas with Danny Davis and the Nashville Brass,,RCA Victor,,,Christmas,"Bear Country, Critter Country","Country Bear Jamboree Holiday Queue, Critter Country Holiday [REF]","This loop has historically played around the Country Bear Jamboree and Winnie-the-Pooh attractions in Critter Country, replacing queue music for both attractions.
Based on a reference recording or reel transfer of unknown vintage, this loop was thought to run 35:27 and contain 14 tracks. Based on a reference recording by pixelated in 2008, the most recent version of the loop runs 29:52 and omits what are listed here as tracks 12-14. Was heard in the CBJ queue during Christmas season in a ca. 2000 video on https://youtu.be/T2blZRlJK6g?feature=shared&t=109. Discussed on MouseBits: https://forums.mousebits.com/threads/critter-country-holiday-loop.11089/, https://mousebits.com/smf/index.php?topic=8247.msg98295#msg98295, https://mousebits.com/smf/index.php?topic=3830.msg25997#msg25997 and https://mousebits.com/smf/index.php?topic=4845.msg35387#msg35387.",~ 00:35:27,,Danny Davis and the Nashville Brass,1,"Removed from loop at some point before 2008. Note, this track was released on CD several years ago, and digitally by the same name. The CD has substantial noise reduction that degrades the track’s listening quality, but the digital release avoids this. Loop playback rate was 1.010x the digital source track."
Auld Lang Syne,Acoustic Christmas,,Rounder,,,Christmas,"Bear Country, Critter Country","Country Bear Jamboree Holiday Queue, Critter Country Holiday [REF]",,,,David Grisman,14,"Note, this track was released digitally by the same name. Loop playback is 1.006x the digital source track."
Jolly Old St. Nicholas,Christmas with Chet Atkins,,Del Ray,,,Christmas,"Bear Country, Critter Country","Country Bear Jamboree Holiday Queue, Critter Country Holiday [REF]",,,,Chet Atkins,3,"Removed from loop at some point before 2008. Note, this track was released digitally as Jolly Old St. Nicholas (1976 Version), which has the non-guitar instruments mixed down significantly compared to the alternative modern release. Loop playback was 1.012x the digital source track. Vocal portion removed from 0:49.152-1:14.039."
Christmas Cheer,Christmas,,Sony Special Product,,,Christmas,"Bear Country, Critter Country","Country Bear Jamboree Holiday Queue, Critter Country Holiday [REF]",,,,Charlie McCoy,2,"Removed from loop at some point before 2008. Note, this track was released digitally by the same name. Track fades at 01:54.466 and ends abruptly at 01:55.928 in loop, after two bars of “Carol of the Bells”. Loop playback rate was 0.990x the digital source track. Digital track timing deviates slightly from vinyl but returns to normal by end of track."
Bearless Love,Walt Disney World's Country Bear Jamboree LP,,,,,,"Bear Country, Critter Country",Mile Long Bar [PRE; INC],This loop is said to have played in the Mile Long Bar. This tracklist is based on a 1974 casette from Jack Wagner’s personal collection and https://waltsmusic.com/index.php/jack-wagner-collection/disneyland-mile-long-bar-music-4. This is likely only a partial loop. Also see the https://disney-parks-music-compendium.blogspot.com/2022/11/mile-long-bar-bgm.html.,Unknown,,,1,
Unknown,Unreleased,,,,,,"Bear Country, Critter Country",Mile Long Bar [PRE; INC],,,,,7,
Red River Valley,Walt Disney World's Country Bear Jamboree LP,,,,,,"Bear Country, Critter Country",Mile Long Bar [PRE; INC],,,,,3,
Wabash Cannonball,Walt Disney World's Country Bear Jamboree LP,,,,,,"Bear Country, Critter Country",Mile Long Bar [PRE; INC],,,,,6,
Davy Crockett’s Farewell,Unreleased,,,,,,"Bear Country, Critter Country",Mile Long Bar [PRE; INC],,,,,4,
Polly Wolly Doodle,Walt Disney World's Country Bear Jamboree LP,,,,,,"Bear Country, Critter Country",Mile Long Bar [PRE; INC],,,,,5,
Home on the Range,Unreleased,,,,,,"Bear Country, Critter Country","Country Bear Playhouse [PRE], Hungry Bear Restaurant [REF]",,,,,4,Featured in the DLRP Big Thunder Mountain RR queue
Bang! Goes Old Betsy,Walt Disney World's Country Bear Jamboree LP,,,,,,"Bear Country, Critter Country","Country Bear Playhouse [PRE], Hungry Bear Restaurant [REF]","Verified on MouseBits by Pixelated as playing both upstairs and downstairs in the Hungry Bear Restaurant using a 2010 reference recording: https://mousebits.com/smf/index.php?topic=5691.msg44821#msg44821 Starts with a 10 second silent gap. Thought to also have played in the Country Bear Jamboree queue, see MouseBits, https://mousebits.com/smf/index.php?topic=10814.msg98862#msg98862 (2022).",00:16:08.471,,,1,
Wabash Cannonball,Walt Disney World's Country Bear Jamboree LP,,,,,,"Bear Country, Critter Country","Country Bear Playhouse [PRE], Hungry Bear Restaurant [REF]",,,,,7,
Bearless Love,Walt Disney World's Country Bear Jamboree LP,,,,,,"Bear Country, Critter Country","Country Bear Playhouse [PRE], Hungry Bear Restaurant [REF]",,,,,6,
Polly Wolly Doodle,Walt Disney World's Country Bear Jamboree LP,,,,,,"Bear Country, Critter Country","Country Bear Playhouse [PRE], Hungry Bear Restaurant [REF]",,,,,3,
Bile 'Em Cabbage Down,Walt Disney World's Country Bear Jamboree LP,,,,,,"Bear Country, Critter Country","Country Bear Playhouse [PRE], Hungry Bear Restaurant [REF]",,,,,5,
Red River Valley,Walt Disney World's Country Bear Jamboree LP,,,,,,"Bear Country, Critter Country","Country Bear Playhouse [PRE], Hungry Bear Restaurant [REF]",,,,,2,
Bile ‘Em Cabbage Down,Walt Disney World's Country Bear Jamboree LP,,,,,,"Bear Country, Critter Country",Mile Long Bar [PRE; INC],,,,,,This was part of the loop as evidenced by this https://www.youtube.com/watch?v=G4YYVoA3xkA.
Ev’rybody Has a Laughing Place #2,Disneyland Forever,,,,"July 17, 1989",,Critter Country,Splash Mountain Queue/Exit [REF],"This loop played in the queue and exit of Splash Mountain from opening in 1989. Posted on https://web.archive.org/web/20070221205338/http://disneymusicloops.tripod.com/dlr/dlr-cc-cc.html and https://disney-parks-music-compendium.blogspot.com/2022/11/splash-mountain-queue-bgm.html by wedroy1923 using a live recording by pixelated. In 08/2020, Zip-a-Dee-Doo-Dah was removed from the loop. The rest of the loop continued to play in the same order until the attraction's final day of operation on May 30, 2023. All tracks, with the exception of track no. 12, were available on Disneyland Forever as Critter Country Area Music and Walt Disney World Forever as Splash Mountain Area Music. Track lengths include silence until the next track. See MouseBits, Disneyland Splash Mountain Queue Tracklist",00:27:58.020,00:01:27.130,,1,
Sooner or Later,Disneyland Forever,,,,"July 17, 1989",,Critter Country,Splash Mountain Queue/Exit [REF],,,00:02:04.685,,3,
Let the Rain Pour Down,Disneyland Forever,,,,"July 17, 1989",,Critter Country,Splash Mountain Queue/Exit [REF],,,00:02:49.786,,6,
Song of the South,Disneyland Forever,,,,"July 17, 1989",,Critter Country,Splash Mountain Queue/Exit [REF],,,00:02:45.687,,9,
All I Want,Disneyland Forever,,,,"July 17, 1989",,Critter Country,Splash Mountain Queue/Exit [REF],,,00:02:15.831,,11,
How Do You Do,Disneyland Forever,,,,"July 17, 1989",,Critter Country,Splash Mountain Queue/Exit [REF],,,00:01:33.326,,10,
"Uncle Remus Said ",Disneyland Forever,,,,"July 17, 1989",,Critter Country,Splash Mountain Queue/Exit [REF],,,00:02:27.621,,4,
Who Wants to Live Like That,Disneyland Forever,,,,"July 17, 1989",,Critter Country,Splash Mountain Queue/Exit [REF],,,00:02:24.940,,2,
Zip-a-Dee-Doo-Dah #1,Disneyland Forever,,,,"July 17, 1989",,Critter Country,Splash Mountain Queue/Exit [REF],,,00:03:58.369,,7,Removed in 08/20
Carriage Ride,Disneyland Forever,,,,"July 17, 1989",,Critter Country,Splash Mountain Queue/Exit [REF],,,00:02:22.282,,5,note: the track is faded out a few seconds early
Zip-a-Dee-Doo-Dah #2,Unreleased,,,,"July 17, 1989",,Critter Country,Splash Mountain Queue/Exit [REF],,,00:02:18.825,,12,Unreleased; see MB post for track. Removed in 08/20.
Ev’rybody Has a Laughing Place #1,Disneyland Forever,,,,"July 17, 1989",,Critter Country,Splash Mountain Queue/Exit [REF],,,00:01:29.532,,8,
Winnie the Pooh #1,Unreleased,,,,"April 11, 2003",,Critter Country,Winnie the Pooh Queue,"This loop played in the queue for The Many Adventures of Winnie the Pooh attraction. It is comprised of custom, non-needledrop orchestrations of classic Winnie the Pooh songs. Tracklist originally listed on https://disneymusicloops.tripod.com/dlr/dlr-cc-pooh.html and later on Disney Parks Music Compendium, https://disney-parks-music-compendium.blogspot.com/2022/11/the-many-adventures-of-winnie-pooh.html with slight adjustments made here by SSrustworthy. Loop length measured from an induction. ",00:21:16,,,1,
"Up, Down and Touch the Ground",Unreleased,,,,"April 11, 2003",,Critter Country,Winnie the Pooh Queue,,,,,8,
Little Black Rain Cloud,Unreleased,,,,"April 11, 2003",,Critter Country,Winnie the Pooh Queue,,,,,10,
"The Rain, Rain, Rain, Came Down, Down,
  Down",Unreleased,,,,"April 11, 2003",,Critter Country,Winnie the Pooh Queue,,,,,2,
Winnie the Pooh #2,Unreleased,,,,"April 11, 2003",,Critter Country,Winnie the Pooh Queue,,,,,4,
Heffalumps and Woozles,Unreleased,,,,"April 11, 2003",,Critter Country,Winnie the Pooh Queue,,,,,3,
Mind Over Matter,Unreleased,,,,"April 11, 2003",,Critter Country,Winnie the Pooh Queue,,,,,6,
Winnie the Pooh #4,Unreleased,,,,"April 11, 2003",,Critter Country,Winnie the Pooh Queue,,,,,11,
Rumbly in My Tumbly,Unreleased,,,,"April 11, 2003",,Critter Country,Winnie the Pooh Queue,,,,,9,
Winnie the Pooh #3,Unreleased,,,,"April 11, 2003",,Critter Country,Winnie the Pooh Queue,,,,,7,
"Up, Down and Touch the Ground",Unreleased,,,,"April 11, 2003",,Critter Country,Winnie the Pooh Queue,,,,,12,
A Rather Blustery Day,Unreleased,,,,"April 11, 2003",,Critter Country,Winnie the Pooh Queue,,,,,5,
"Mickeys Toontown Fair Area Music, 'Playful Pluto'",Walt Disney World Forever,,,,"January 24, 1993",,Mickey's Toontown,"Mickey's Prop Barn, Mickey's Toontown v.1",,,,00:01:26.988,20,
"Mickey's Toontown Area Music, 'The Grasshopper and the Ants' (unreleased)",Disneyland Forever,,,,"January 24, 1993",,Mickey's Toontown,"Mickey's Prop Barn, Mickey's Toontown v.1","This loop played in the general Mickey’s Toontown proper, and in a small area of Mickey’s House known as Mickey’s Prop Barn (entered after the garden; it is unknown whether the full loop played here). Posted to https://disneymusicloops.tripod.com/dlr/dlr-tt-tt.html. Discussed on Magic Music: https://community.magicmusic.net/threads/mickeys-toontown-fair-area-music.3697/#post-36840 and in the https://archive.org/details/the-disneyland-forever-project. Also see MouseBits, https://forums.mousebits.com/threads/mickeys-toontown-v-1-tracklist.11180/ (2025). These tracks were recorded in October 1992. Track notes and versions are based on a recording by pixelated from 2011.",01:00:40,,00:03:43.710,1,
"Mickey's Toontown Area Music, 'Little Toot’",Disneyland Forever,,,,"January 24, 1993",,Mickey's Toontown,"Mickey's Prop Barn, Mickey's Toontown v.1",,,,00:03:12.519,9,
Minnie's Yoo Hoo,Tokyo Disneyland Music Album,,,,"January 24, 1993",,Mickey's Toontown,"Mickey's Prop Barn, Mickey's Toontown v.1",,,,00:01:29.784,17,
"Mickeys Toontown Fair Area Music, 'Box Lunch’",Walt Disney World Forever,,,,"January 24, 1993",,Mickey's Toontown,"Mickey's Prop Barn, Mickey's Toontown v.1",,,,00:02:01.248,5,
The Skeleton Dance,Tokyo Disneyland 15th Anniversary Music 4: Grand Finale,,,,"January 24, 1993",,Mickey's Toontown,"Mickey's Prop Barn, Mickey's Toontown v.1",,,,00:02:58.347,16,
"Mickeys Toontown Fair Area Music, 'Donald Duck Themes'","Walt Disney World Forever, Disneyland Forever",,,,"January 24, 1993",,Mickey's Toontown,"Mickey's Prop Barn, Mickey's Toontown v.1",,,,00:01:27.039,11,
"Mickeys Toontown Fair Area Music, 'The Pied Piper'",Walt Disney World Forever,,,,"January 24, 1993",,Mickey's Toontown,"Mickey's Prop Barn, Mickey's Toontown v.1",,,,00:03:46.330,12,
Maroon Toon Logo (Score),Who Framed Roger Rabbit (2018 Intrada) Soundtrack,,,,"January 24, 1993",,Mickey's Toontown,"Mickey's Prop Barn, Mickey's Toontown v.1",,,,00:00:16.244,21,
"Mickeys Toontown Fair Area Music, 'Camping Out’",Walt Disney World Forever,,,,"January 24, 1993",,Mickey's Toontown,"Mickey's Prop Barn, Mickey's Toontown v.1",,,,00:03:10.835,7,
"Mickeys Toontown Fair Area Music, 'The Three Little Pigs'",Walt Disney World Forever,,,,"January 24, 1993",,Mickey's Toontown,"Mickey's Prop Barn, Mickey's Toontown v.1",,,,00:03:18.570,4,
Steamboat Willie,The Legacy Collection,,,,"January 24, 1993",,Mickey's Toontown,"Mickey's Prop Barn, Mickey's Toontown v.1",,,,00:02:10.202,24,"This track has been released several times, but always has some audible clicking/audio artifacts. I think the Legacy Collection seems to have the best removal of these noises."
"Mickeys Toontown Fair Area Music, 'Funny Little Bunnies'",Walt Disney World Forever,,,,"January 24, 1993",,Mickey's Toontown,"Mickey's Prop Barn, Mickey's Toontown v.1",,,,00:02:59.780,10,
Thru the Mirror,Unreleased,,,,"January 24, 1993",,Mickey's Toontown,"Mickey's Prop Barn, Mickey's Toontown v.1",,,,00:03:20.707,23,This is an extended version of what appears on Disneyland Official Album 2001; Tokyo Disneyland Official Album. This can be found on the Disneyland Collection torrent as part of the Mickey’s Toontown Area Background Music Loop track.
"Mickeys Toontown Fair Area Music, 'Pluto's Playmate’",Walt Disney World Forever,,,,"January 24, 1993",,Mickey's Toontown,"Mickey's Prop Barn, Mickey's Toontown v.1",,,,00:01:41.820,2,
"Mickeys Toontown Fair Area Music, 'The Country Cousin’",Walt Disney World Forever,,,,"January 24, 1993",,Mickey's Toontown,"Mickey's Prop Barn, Mickey's Toontown v.1",,,,00:02:43.571,13,
"Mickeys Toontown Fair Area Music, 'Puppy Love'",Walt Disney World Forever,,,,"January 24, 1993",,Mickey's Toontown,"Mickey's Prop Barn, Mickey's Toontown v.1",,,,00:02:57.331,3,
"Mickeys Toontown Fair Area Music, 'Goofy's Theme'","Walt Disney World Forever, Disneyland Forever",,,,"January 24, 1993",,Mickey's Toontown,"Mickey's Prop Barn, Mickey's Toontown v.1",,,,00:01:05.071,14,
The Wise Little Hen,Unreleased,,,,"January 24, 1993",,Mickey's Toontown,"Mickey's Prop Barn, Mickey's Toontown v.1",,,,00:01:35.208,8,This can be found on the Disneyland Collection torrent as part of the Mickey’s Toontown Area Background Music Loop track.
"Mickeys Toontown Fair Area Music, 'The Tortoise and the Hare'",Walt Disney World Forever,,,,"January 24, 1993",,Mickey's Toontown,"Mickey's Prop Barn, Mickey's Toontown v.1",,,,00:03:11.008,19,
"Mickeys Toontown Fair Area Music, 'Casey at the Bat'",Walt Disney World Forever,,,,"January 24, 1993",,Mickey's Toontown,"Mickey's Prop Barn, Mickey's Toontown v.1",,,,00:04:04.648,6,"Includes SFX that is not present on the released track, the SFX can be edited in using the version in the Disneyland Collection torrent as part of the Mickey’s Toontown Area Background Music Loop track."
"Mickeys Toontown Fair Area Music, 'Who Killed Cock Robin'",Walt Disney World Forever,,,,"January 24, 1993",,Mickey's Toontown,"Mickey's Prop Barn, Mickey's Toontown v.1",,,,00:03:21.448,15,
"Mickeys Toontown Fair Area Music, 'Springtime'",Walt Disney World Forever,,,,"January 24, 1993",,Mickey's Toontown,"Mickey's Prop Barn, Mickey's Toontown v.1",,,,00:03:46.644,18,
"Smile, Darn Ya, Smile!",Unreleased,,,,"January 24, 1993",,Mickey's Toontown,"Mickey's Prop Barn, Mickey's Toontown v.1",,,,00:01:50.788,22,This can be found on the Disneyland Collection torrent as part of the Mickey’s Toontown Area Background Music Loop track.
Mickey Mouse Club March/Steamboat Willie/Minnie’s Yoo Hoo Medley,Unreleased,,,,,,Mickey's Toontown,Mickey's House Player Piano,This medley is “played” on a player piano in Mickey’s House in the living room.,00:02:55,,,1,
The Wonderful Thing About Tiggers,Unreleased,,,,"April 11, 2003",,Critter Country,Winnie the Pooh Queue,,,,,14,
Little Black Rain,Unreleased,,,,"April 11, 2003",,Critter Country,Winnie the Pooh Queue,,,,,13,
Hip Hip Pooh-Ray!,Unreleased,,,,"April 11, 2003",,Critter Country,Winnie the Pooh Queue,,,,,15,
Deck the Halls,In The Christmas Mood,1,Laserlight,2,,Christmas,Mickey's Toontown,Mickey's Toontown Holiday [REF],,,01:23.452,The Glen Miller Orchestra,8,"The album track is a medley of ""O Holy Night"", ""Joy to the World"", ""O Little Town of Bethlehem"" and ""Deck the Halls"". The loop track starts at 4:18.069 of the album track to skip to ""Deck the Halls""."
Let It Snow! Let It Snow! Let It Snow!,In the Christmas Mood II,1,Laserlight,11,,Christmas,Mickey's Toontown,Mickey's Toontown Holiday [REF],"This loop was played in the Mickey’s Toontown area during the holiday season. This listing was compiled by pixelated in 2011 (MouseBits; https://mousebits.com/smf/index.php?topic=4845.msg47976#msg47976). Individual track lengths are measured from the start of that track to the start of the following track, so any gap between tracks is included in that time.",34:49.037,03:07.234,The Glen Miller Orchestra,1,"Preceded by 5.5 second silent gap. The loop track starts at 0.193 of the album track. The end of the loop track mixes without fades with the beginning of the next track, ""Winter Wonderland"". The album track is about 4 millisecs. slower than the loop track."
From All of Us to All of You,Christmas with Disney,1,Walt Disney Records (licensed to EMI),15,,Christmas,Mickey's Toontown,Mickey's Toontown Holiday [REF],,,01:13.215,Disney,14,The loop track starts at 0.450 of the album track.
Santa Claus is Coming to Town,Christmas with Disney,1,Walt Disney Records (licensed to EMI),14,,Christmas,Mickey's Toontown,Mickey's Toontown Holiday [REF],,,01:42.716,Disney,13,The loop track starts at 0.468 of the album track.
Rudolph the Red-Nosed Reindeer,In the Christmas Mood,1,Laserlight,3,,Christmas,Mickey's Toontown,Mickey's Toontown Holiday [REF],,,03:11.643,The Glen Miller Orchestra,12,The loop track starts at 0.242 of the album track.
Sleigh Ride,In the Christmas Mood,1,Laserlight,1,,Christmas,Mickey's Toontown,Mickey's Toontown Holiday [REF],,,02:01.492,The Glen Miller Orchestra,3,"The loop track starts at 0.418 of the album track. The beginning of the loop track mixes without fades with the end of the previous track, ""Winter Wonderland"". The loop track stops at 2:01.911 of the album track."
Dance of the Sugar Plum Fairies,A Swinging Big Band Christmas,1,Laserlight,4,,Christmas,Mickey's Toontown,Mickey's Toontown Holiday [REF],,,02:06.229,Larry Clinton Orchestra,10,The loop track starts at 0.300 of the album track.
Jingle Bells,Jingle Bell Jam: Jazz Christmas Classics,1,Rhino,7,,Christmas,Mickey's Toontown,Mickey's Toontown Holiday [REF],,,02:58.217,Duke Ellington and His Orchestra,5,The loop track starts at 0.299 of the album track.
Winter Wonderland,Jingle Bell Jam: Jazz Christmas Classics,1,Rhino,3,,Christmas,Mickey's Toontown,Mickey's Toontown Holiday [REF],,,01:45.486,Chet Baker,2,"The loop track starts at 0.657 of the album track. The beginning of the loop track mixes without fades with the end of the previous track, ""Let It Snow"". The end of the loop track mixes without fades with the beginning of the next track, ""Sleigh Ride"" and stops at or before 3:16.061 of the album track to avoid a bass drum hit. The album track has been edited to remove 1:29.825 of audio, starting at 55.325 and ending at 2:25.150."
(There's No Place Like) Home for the Holidays,In the Christmas Mood II,1,Laserlight,8,,Christmas,Mickey's Toontown,Mickey's Toontown Holiday [REF],,,02:42.711,The Glen Miller Orchestra,11,The loop track starts at 0.247 of the album track.
Carol of the Bells,Swing into Christmas,1,Columbia,9,,Christmas,Mickey's Toontown,Mickey's Toontown Holiday [REF],,,01:36.106,Wynton Marsalis,9,"The loop track starts at 0.308 of the album track. The album track has been edited to remove 2:39.921 of audio (solos), starting at 56.961 and ending at 3:36.882. The end of the album track needs to fade down to complete silence by 4:15.090 to cut off the applause from the audience."
Santa Claus is Coming to Town,Disney's Season of Song,1,Walt Disney Records,10,,Christmas,Mickey's Toontown,Mickey's Toontown Holiday [REF],,,02:17.278,The Don Scaletta Trio,4,"The loop track starts at 2.458 of the album track.  The album track has been edited to remove 1:41.598 of audio (solos), starting at 36.427 and ending at 2:18.026.  A section of the album track between 9.848 and 19.159 is repeated at 36.427 of the album track, which is then immediately followed by a repeat of the album track between 9.780 and 34.753. This replaces the deleted audio and the total length of the replacement audio is 34.284."
Frosty the Snowman,In The Christmas Mood,1,Laserlight,6,,Christmas,Mickey's Toontown,Mickey's Toontown Holiday [REF],,,02:08.677,The Glen Miller Orchestra,6,The loop track starts at 1:52.074 of the album track.
Up on the Housetop,Disney's Season of Song,1,Walt Disney Records,21,,Christmas,Mickey's Toontown,Mickey's Toontown Holiday [REF],,,02:32.479,The Don Scaletta Trio,7,"The loop track starts at 0.354 of the album track.  The album track has been edited to remove 1:14.745 of audio (piano solo), starting at 1:03.416 and ending at 2:18.162.  To replace this deleted audio, the section of the album track between 1.457 and 1:03.416 is repeated at 1:03.416 of the album track."
Christmas Together / O Christmas Tree,Christmas with Disney,1,Walt Disney Records (licensed to EMI),13,,Christmas,Mickey's Toontown,Mickey's Toontown Holiday [REF],,,02:12.965,Disney,16,The loop track starts at 11.637 of the album track to cut out the intro dialogue.
Downtown Holiday Hullabaloo,The Twelve Days of Christmas,1,Walt Disney Records,9,,Christmas,Mickey's Toontown,Mickey's Toontown Holiday [REF],,,01:49.130,Disney,15,"The loop track starts at 25.272 of the album track to cut out the chorus singing the ""On the 8th day of Christmas..."" intro and the dialogue from Mickey and Goofy.  The beginning of the loop track fades up from silence in about 2.5 secs.  The end of the album track needs to fade down to complete silence by 2:13.138 of the album track to cut out more dialogue from Mickey and Goofy."
Goodbye My Coney Island Baby,Disneyland Forever,,,,"January 1, 1992 → January 8, 2012",,Main Street U.S.A.,Main Street U.S.A. v.3,"This loop played on Main Street, U.S.A. from 1992-2012. Based on a list provided by Guest Relations ca. 2001 or 2002 and posted to Magic Music, Re: https://community.magicmusic.net/threads/guest-relations-listings.4511/post-32237. According to The Disneyland Forever Project document assembled by sds910 and TheBeets, the Disneyland Forever and the non-commercially available tracks were recorded in 1991 for Disneyland Paris. Playlist compiled by wedroy1923 based on an induction recording by pixelated (MouseBits). See Re: https://mousebits.com/smf/index.php?topic=6970.msg58610#msg58610 and Magic Music: https://community.magicmusic.net/threads/disneyland-music-loops.17/.",01:00:14,1:59,,1,
Summer Magic,Disneyland Forever,,,,"January 1, 1992 → January 8, 2012",,Main Street U.S.A.,Main Street U.S.A. v.3,,,2:00,,17,"""Summer Magic"" begins at approximately 1:43 of the ""Flitterin'"" track, which then fades. From Disney's Summer Magic"
Elegance,Unreleased,,,,"January 1, 1992 → January 8, 2012",,Main Street U.S.A.,Main Street U.S.A. v.3,,,1:32,,7,"From Hello, Dolly!"
Triplets,The Whistler and His Dog,,Newport Classic,,"January 1, 1992 → January 8, 2012",,Main Street U.S.A.,Main Street U.S.A. v.3,,,2:05,The Paragon Ragtime Orchestra,6,Edited 00:00 - 02:05 of 02:08
Oh You Drummer!,The Whistler and His Dog,,Newport Classic,,"January 1, 1992 → January 8, 2012",,Main Street U.S.A.,Main Street U.S.A. v.3,,,1:35,The Paragon Ragtime Orchestra,23,"Edited 00:00 - 01:01; 01:02 - 01:33; 01:34 - 01:37 of 01:41 to remove the brief line ""Oh you drummer!”"
Let's Have a Drink On It,Disneyland Forever,,,,"January 1, 1992 → January 8, 2012",,Main Street U.S.A.,Main Street U.S.A. v.3,,,1:28,,12,From Disney’s The Happiest Millionaire
Put On Your Sunday Clothes,Unreleased,,,,"January 1, 1992 → January 8, 2012",,Main Street U.S.A.,Main Street U.S.A. v.3,,,2:32,,9,"""Put On Your Sunday Clothes"" begins at approximately 2:08 of the ""Aviation Rag"" track. From Hello, Dolly!"
Fortuosity,Disneyland Forever,,,,"January 1, 1992 → January 8, 2012",,Main Street U.S.A.,Main Street U.S.A. v.3,,,1:42,,11,"""Fortuosity"" begins at approximately 4:27 of the ""A Symphonic Nightmare: Desecration Rag #1"" track. From Disney’s The Happiest Millionaire"
The Junk Man Rag,The Whistler and His Dog,,Newport Classic,,"January 1, 1992 → January 8, 2012",,Main Street U.S.A.,Main Street U.S.A. v.3,,,2:03,The Paragon Ragtime Orchestra,24,Edited 00:00 - 02:03 of 02:07
A Symphonic Nightmare: Desecration Rag #1,The Whistler and His Dog,,Newport Classic,,"January 1, 1992 → January 8, 2012",,Main Street U.S.A.,Main Street U.S.A. v.3,,,1:52,The Paragon Ragtime Orchestra,10,"Edited: 00:00 - 01:30, 04:05 - 04:27 of 04:32"
Aviation Rag,The Whistler and His Dog,,Newport Classic,,"January 1, 1992 → January 8, 2012",,Main Street U.S.A.,Main Street U.S.A. v.3,,,2:08,The Paragon Ragtime Orchestra,8,"Edited 00:00 - 02:08 of 02:11. ""Aviation Rag"" begins at approximately 1:32 of the ""Elegance"" track."
Oklahoma! Medley: Surrey with the Fringe on Top / Many A New Day / Everything’s Up To Date In Kansas City,Unreleased,,,,"January 1, 1992 → January 8, 2012",,Main Street U.S.A.,Main Street U.S.A. v.3,,,5:59,,13,
Yankee Doodle Boy,Disneyland Forever,,,,"January 1, 1992 → January 8, 2012",,Main Street U.S.A.,Main Street U.S.A. v.3,,,2:38,,20,
Beautiful Beulah,Disneyland Forever,,,,"January 1, 1992 → January 8, 2012",,Main Street U.S.A.,Main Street U.S.A. v.3,,,1:33,,18,Edited 00:00 - 01:33 of 1:34. From Disney's Summer Magic
The Music Man Medley: Wells Fargo Wagon / Wells Fargo Wagon / Lyda Rose / Iowa Stubborn,Unreleased,,,,"January 1, 1992 → January 8, 2012",,Main Street U.S.A.,Main Street U.S.A. v.3,,,6:06,,22,"The ""Music Man Medley"" begins at approximately 1:57 of the ""Winter Garden Rag"" track."
Dearie,Unreleased,,,,"January 1, 1992 → January 8, 2012",,Main Street U.S.A.,Main Street U.S.A. v.3,,,1:36,,4,
In the Hills of Old Kentucky Medley,On the Boardwalk,,Newport Classic,,"January 1, 1992 → January 8, 2012",,Main Street U.S.A.,Main Street U.S.A. v.3,,,2:36,The Paragon Ragtime Orchestra,25,Edited 00:00 - 02:36 of 02:39
Smiles,The Whistler and His Dog,,Newport Classic,,"January 1, 1992 → January 8, 2012",,Main Street U.S.A.,Main Street U.S.A. v.3,,,2:55,The Paragon Ragtime Orchestra,2,Edited 00:00 - 02:55 of 02:58
Mary's A Grand Old Name,Disneyland Forever,,,,"January 1, 1992 → January 8, 2012",,Main Street U.S.A.,Main Street U.S.A. v.3,,,1:36,,15,Edited 00:00 - 01:34 of 1:37
Old Timer’s Waltz Medley,On the Boardwalk,,Newport Classic,,"January 1, 1992 → January 8, 2012",,Main Street U.S.A.,Main Street U.S.A. v.3,,,4:23,The Paragon Ragtime Orchestra,3,"Edited 00:00 - 04.:3 of 04:27. Consists of the following songs: The Bowery; The Sidewalks of New York; Sweet Rosie O'Grady; A Bicycle Built for Two (Daisy); New Year's Song (Comrades, Comrades); Little Annie Rooney; She May Have Seen Better Days; The Band Played On; After the Ball"
Flitterin',Disneyland Forever,,,,"January 1, 1992 → January 8, 2012",,Main Street U.S.A.,Main Street U.S.A. v.3,,,1:43,,16,From Disney's Summer Magic
Winter Garden Rag,The Whistler and His Dog,,Newport Classic,,"January 1, 1992 → January 8, 2012",,Main Street U.S.A.,Main Street U.S.A. v.3,,,1:57,The Paragon Ragtime Orchestra,21,Edited 00:00 - 01:57 of 2:00
I Could Love a Million Girls,Disneyland Forever,,,,"January 1, 1992 → January 8, 2012",,Main Street U.S.A.,Main Street U.S.A. v.3,,,2:10,,19,From Ragtime
Sidewalks of New York,Unreleased,,,,"January 1, 1992 → January 8, 2012",,Main Street U.S.A.,Main Street U.S.A. v.3,,,2:03,,14,
In My Merry Oldsmobile,Disneyland Forever,,,,"January 1, 1992 → January 8, 2012",,Main Street U.S.A.,Main Street U.S.A. v.3,,,1:59,,5,
Blow The Man Down,Songs of the Sea,,Columbia Records,,,,Frontierland,S.S. Columbia Attraction v.1,"This music was played onboard the S.S. Columbia interspersed with the show narration. It is unknown when the attraction music was introduced. v.1 is known as the “pre-98” loop and was removed after the December 1998 accident. See Magic Music, Re: https://community.magicmusic.net/threads/columbia-tracks.1518/#post-20435 Verified by MightyTriton and Kenster from live recordings. See more discussion on MouseBits: https://mousebits.com/smf/index.php?topic=6977.msg58690#msg58690 and https://mousebits.com/smf/index.php?topic=10877.msg99153#msg99153 (2022).",~00:14:21,,Norman Luboff Choir,1,
Homeward Bound,Songs of the Sea,,Columbia Records,,,,Frontierland,S.S. Columbia Attraction v.1,,,,Norman Luboff Choir,6,"It is unknown whether The Boston Come All Ye played again, or if this is a different track."
Clear The Track (Let The Bulgine Run),Songs of the Sea,,Columbia Records,,,,Frontierland,S.S. Columbia Attraction v.1,,,,Norman Luboff Choir,2,
Rollin’ Home,Songs of the Sea,,Columbia Records,,,,Frontierland,S.S. Columbia Attraction v.1,,,,Norman Luboff Choir,5,Edited
One More Day,Songs of the Sea,,Columbia Records,,,,Frontierland,S.S. Columbia Attraction v.1,,,,Norman Luboff Choir,4,
The Boston Come All Ye,Songs of the Sea,,Columbia Records,,,,Frontierland,S.S. Columbia Attraction v.1,,,,Norman Luboff Choir,3,This song is also known as “Blow Ye Winds Westerly” and “Song of the Fishes”
Come Back Sweet Papa,,,,,,,Frontierland,Mark Twain Riverboat v.2,"See MouseBits, https://forums.mousebits.com/threads/the-music-of-the-mark-twain-riverboat.10846/ for an extensive discussion of this topic. Tracks 2-5 are technically on another underlying loop, whereas tracks 1 and 6 are included on the attraction narration track. Tracks 1 and 6 may have flipped in order for part of the time period that this loop was used, namely the mid-70s to 2010.",N/A,,Firehouse Five Plus Two,1,Dock departure
"Milenburg Joys ",,,,,,,Frontierland,Mark Twain Riverboat v.2,,,,Firehouse Five Plus Two,6,Dock arrival
Goober Peas,Unreleased,,,,,,Frontierland,Mark Twain Riverboat v.2,,,,,4,Attraction; This track plays in its entirety as part of the https://youtu.be/r0eV5DVHL8U (see 36:25).
Cripple Creek,Unreleased,,,,,,Frontierland,Mark Twain Riverboat v.2,,,,,5,Attraction; This track plays in its entirety as part of the https://youtu.be/r0eV5DVHL8U (see 48:12).
Western Saloon,Unreleased,,,,,,Frontierland,Mark Twain Riverboat v.2,,,,,3,Attraction; This track plays in its entirety as part of the https://youtu.be/r0eV5DVHL8U (see 20:02).
Western Saloon,Capitol Hi-”Q” Reel X-75,,Capitol Records,3,"January 1, 1975 → January 1, 1992",,Frontierland,Stockade Entrance v.1,"This “loop” was apparently a loop of only one track that played ca. 1975 to ca. 1993 at the Stockade Entrance. Discussed by DL FLIGHT 295 on Magic Music, Re: https://community.magicmusic.net/threads/frontierland-stockade-entrance-loop.3669/#post-25766. More discussion on MouseBits, https://mousebits.com/smf/index.php?topic=8024.msg72273#msg72273. You can listen to the track on https://www.youtube.com/watch?v=cK6B6ABFIt8.",00:01:02,1:02,Ib Glindemann,1,
When Johnny Comes Marching Home,The Civil War,1,Elektra,21,"January 1, 1992 → January 1, 2012",,Frontierland,Stockade Entrance v.2,,,,The Old Bethpage Brass Band,3,
The Year of Jubilo (Kingdom Coming),American Sampler OR Passing Through,,Elektra,,"January 1, 1992 → January 1, 2012",,Frontierland,Stockade Entrance v.2,,,,Ed Sweeney,6,
Lorena,The Civil War,1,Elektra,10,"January 1, 1992 → January 1, 2012",,Frontierland,Stockade Entrance v.2,,,,"Jay Ungar, Matt Glaser, Molly Mason",5,
Marching Through Georgia,The Civil War,1,Elektra,24,"January 1, 1992 → January 1, 2012",,Frontierland,Stockade Entrance v.2,,,,"Jay Ungar, Matt Glaser, Molly Mason, Peter Amidon",4,
Drums of War,The Civil War,1,Elektra,1,"January 1, 1992 → January 1, 2012",,Frontierland,Stockade Entrance v.2,"This loop played at the entrance to the Stockade starting around 1992 until 2012. There are conflicting reports on this loop from Magic Music, https://community.magicmusic.net/threads/disneyland-music-loops.17/post-692 and MouseBits, https://forums.mousebits.com/threads/blockade-house-battle-cry-of-freedom.7393/, but the loop tracklist was obtained from a Disney lawyer after a misattribution error with Ed Sweeney’s “Battle Cry of Freedom” which was released on A Musical History of Disneyland box set. That updated tracklist is listed here. SSrustworthy has written up extensive notes on this loop on MouseBits, Re: https://mousebits.com/smf/index.php?topic=10822.msg98895#msg98895.",~00:06:00,,The Old Bethpage Brass Band,1,
Battle Cry of Freedom,American Sample OR Passing Through,,Walt Disney Records,,"January 1, 1992 → January 1, 2012",,Frontierland,Stockade Entrance v.2,,,,Ed Sweeney,2,
Home Sweet Home,Unreleased,,,,,,Frontierland,Fort Wilderness,"This loop is presumed to have played on the walkway leading to Fort Wilderness for an unknown period of time. The loop consisted of harmonica/banjo duet tracks. It has been referenced in Discussion on MouseBits, https://mousebits.com/smf/index.php?topic=7393.msg66077#msg66077 and on https://web.archive.org/web/20070419031321/http://disneymusicloops.tripod.com/dlr/dlr-front-tsi.html. Also see Magic Music https://community.magicmusic.net/threads/tom-sawyers-island-music.3191/#post-20434 and Re: https://community.magicmusic.net/threads/disneyland-music-loops.17/page-2#post-168, which claims that these tracks came from TDL’s Fort Wilderness and WDW’s Fort Sam Clemens. These tracks were created and/or installed sometime before 1978 based on the date of a Jack Wagner cast training tape using the “Oh! Susanna” track, which is in limited circulation.",04:42,,,1,
Colors of the Wind (Pocahontas),,,,,,,Frontierland,Pioneer Mercantile v.2,"This is a loop of musical video clips that plays in the Pioneer Mercantile retail shop in Frontierland. The video screen provides the audio ambiance for the rest of the store. They are reported as being “unvarnished, unedited video clips.” Installation seems to be ca. 2011 to 2017. See MouseBits (2011): https://mousebits.com/smf/index.php?topic=9570.msg90444#msg90444 and https://mousebits.com/smf/index.php?topic=5949.msg51577#msg51577",Unknown,,,1,
Old Yeller Main Title,,,,,,,Frontierland,Pioneer Mercantile v.2,,,,,5,
"Mine, Mine, Mine (Pocahontas)",,,,,,,Frontierland,Pioneer Mercantile v.2,,,,,4,
When Somebody Loved Me (Toy Story 2),,,,,,,Frontierland,Pioneer Mercantile v.2,,,,,2,
Riders in the Sky Medley (Toy Story 2),,,,,,,Frontierland,Pioneer Mercantile v.2,,,,,8,
A Cowboy Needs a Horse,,,,,,,Frontierland,Pioneer Mercantile v.2,,,,,3,
The Great Outdoors (Disney Sing-Along VHS),,,,,,,Frontierland,Pioneer Mercantile v.2,,,,,9,
What a Day in London (Pocahontas II),,,,,,,Frontierland,Pioneer Mercantile v.2,,,,,6,
Just Around the Riverbend (Pocahontas),,,,,,,Frontierland,Pioneer Mercantile v.2,,,,,7,
Where Do I Go From Here? (Pocahontas II),,,,,,,Frontierland,Pioneer Mercantile v.2,,,,,10,
The Ballad of Davy Crockett,,,,,,,Frontierland,Pioneer Mercantile v.2,,,,,12,
Pecos Bill (Melody Time),,,,,,,Frontierland,Pioneer Mercantile v.2,,,,,11,
Colors of the Wind (Pocahontas),,,,,,,Frontierland,"Pioneer Mercantile v.1, The Spirit of Pocahontas Shop","This was a loop of a single song that played on a video screen in the Spirit of Pocahontas Shop, which opened in 1995. This loop stayed for a little bit after its reversal to the Pioneer Mercantile store. It changed sometime before or around 2011. See MouseBits, https://mousebits.com/smf/index.php?topic=5949.msg51577#msg51577.",Unknown,,,1,This was the full musical scene from the movie.
Colors of the Wind (Pocahontas),,,,,,,Frontierland,Pioneer Mercantile v.3,"This is a loop of musical video clips that plays in the Pioneer Mercantile retail shop in Frontierland. The video screen provides the audio ambiance for the rest of the store.  This changed from v.2 sometime before/around 2017, and was retained until ca. 2022. See MouseBits, https://mousebits.com/smf/index.php?topic=9570.msg90493#msg90493.",00:28:35,,,1,
Woody's Round-Up (Video Version),,,,,,,Frontierland,Pioneer Mercantile v.3,,,,,3,
Pecos Bill (Melody Time; edited),,,,,,,Frontierland,Pioneer Mercantile v.3,,,,,2,This was edited
Best of Friends (Fox and the Hound),,,,,,,Frontierland,Pioneer Mercantile v.3,,,,,7,
Welcome (Brother Bear),,,,,,,Frontierland,Pioneer Mercantile v.3,,,,,4,
On My Way (Brother Bear),,,,,,,Frontierland,Pioneer Mercantile v.3,,,,,12,
Little Patch of Heaven (Home on the Range),,,,,,,Frontierland,Pioneer Mercantile v.3,,,,,9,
A Cowboy Needs a Horse,,,,,,,Frontierland,Pioneer Mercantile v.3,,,,,11,
Sheriff Callie's Wild West,,,,,,,Frontierland,Pioneer Mercantile v.3,,,,,8,This is the theme song from the Disney Junior show
Just Around the Riverbend (Pocahontas),,,,,,,Frontierland,Pioneer Mercantile v.3,,,,,10,
Yodel-Adle-Eedle-Idle-Oo (Home on the Range),,,,,,,Frontierland,Pioneer Mercantile v.3,,,,,5,
"Mine, Mine, Mine (Pocahontas)",,,,,,,Frontierland,Pioneer Mercantile v.3,,,,,6,
This Is Halloween,The Nightmare Before Christmas,,,,,Halloween,Frontierland,Pioneer Mercantile Halloween,"This loop is from the video screen in Pioneer Mercantile. This is the Halloween variant, which has probably gone through a few iterations. Tracklist compiled by pixelated based on his 2024 reference recording. See MouseBits, https://mousebits.com/smf/index.php?topic=9163.msg87015#msg87015 (2016).",~00:34:43,00:03:05.124,Citizens of Halloween,1,
"Un Poco Loco (From ""Coco"")",,,,,,,Frontierland,Pioneer Mercantile v.4 [REF],"This version of the Pioneer Mercantile video loop was introduced ca. 2022 (see https://dlnewstoday.com/2022/09/encanto-and-the-muppets-added-to-frontierland-shop-in-disneyland/). This tracklist was compiled based on a reference recording by SSrustworthy in April 2024. Tracks have not been verified against their source tracks. See MouseBits, Re: https://forums.mousebits.com/threads/pioneer-mercantile-v-4.11050/ (2024).",00:40:57.385,00:01:39.892,,1,
Cannonball Rag,Me And Jerry,,,,,,Bear Country,"Bear Country [INC], Golden Bear Lodge [INC]",This is a partial tracklist of the loop that played in the Bear Country land. Tracklist compiled by RocketRodsXPR based on a live recording ca. 1980s or unknown origins which captured about 30 minutes of the loop. See discussion on MouseBits: https://mousebits.com/smf/index.php?topic=10827.msg98908#msg98908 and https://mousebits.com/smf/index.php?topic=9192.msg87135#msg87135,Unknown (>30:00),,"Chet Atkins, Jerry Reed",1,
High Noon,The Greatest Western Movie Themes,,,,"January 1, 1995 → January 1, 2012",,Frontierland,"Frontierland v.1, Golden Horseshoe Saloon v.1","This loop played across Frontierland ca. 1995 until 2011. Tracklist compiled by X-S Tech and wedroy1923. See MouseBits, Re: https://mousebits.com/smf/index.php?topic=2690.msg59263#msg59263 and Magic Music, Re: https://community.magicmusic.net/threads/dl-1995-frontierland-playlist-here-it-is.422/#post-2641. It was also reported to play inside the Golden Horseshoe for a time, see MouseBits, https://forums.mousebits.com/threads/new-frontierland-area-music-loop.7016/post-59253.","00:59:14 (original)
00:56:24.325 (2010; without Pecos Bill)",,Ned Nash Orchestra,1,"Edited, 00.00 - 02:25, 01:30 - End"
Tumbling Tumbleweeds,,,,,"January 1, 1995 → January 1, 2012",,Frontierland,"Frontierland v.1, Golden Horseshoe Saloon v.1",,,,Sons of the Pioneers,3,
Ballad of Davy Crockett,The Music of Disney: A Legacy in Song,3,,,"January 1, 1995 → January 1, 2012",,Frontierland,"Frontierland v.1, Golden Horseshoe Saloon v.1",,,,,7,
Main Titles (Blazing Saddles),Blazing Saddles Original Motion Picture Soundtrack,,,,"January 1, 1995 → January 1, 2012",,Frontierland,"Frontierland v.1, Golden Horseshoe Saloon v.1",,,,,15,
Big Country Theme,Une Journee a Disneyland Paris,,,,"January 1, 1995 → January 1, 2012",,Frontierland,"Frontierland v.1, Golden Horseshoe Saloon v.1",,,,,10,This appears to be a sped-up version of a commercially released track. See discussion https://mousebits.com/smf/index.php?topic=7179.msg61621#msg61621
"Oh My Darling, Clementine",MK Frontierland [1991] / DL Big Thunder Ranch,,,,"January 1, 1995 → January 1, 2012",,Frontierland,"Frontierland v.1, Golden Horseshoe Saloon v.1",,,,,20,Unreleased
The Magnificent Seven,Round-Up,,,,"January 1, 1995 → January 1, 2012",,Frontierland,"Frontierland v.1, Golden Horseshoe Saloon v.1",,,,Erich Kunzel & the Cincinnati Pops Orchestra,13,"Edited: 00:00 - 02:29, 03:39 - End"
"Medley of TV Western Themes (Big Valley / Have Gun, Will Travel)",Happy Trails,,,,"January 1, 1995 → January 1, 2012",,Frontierland,"Frontierland v.1, Golden Horseshoe Saloon v.1",,,,Erich Kunzel & the Cincinnati Pops Orchestra,6,Edited 05.06 - End
"The Good, the Bad, and the Ugly",The Greatest Western Movie Themes,,,,"January 1, 1995 → January 1, 2012",,Frontierland,"Frontierland v.1, Golden Horseshoe Saloon v.1",,,,Ned Nash Orchestra,2,"Edited, 00:00 - 02:44"
The Wild Wild West,"Television's Greatest Hits, Vol. 1: From the 50s and 60s",,,,"January 1, 1995 → January 1, 2012",,Frontierland,"Frontierland v.1, Golden Horseshoe Saloon v.1",,,,,8,
Silverado Themes,Round-Up,,,,"January 1, 1995 → January 1, 2012",,Frontierland,"Frontierland v.1, Golden Horseshoe Saloon v.1",,,,Erich Kunzel & the Cincinnati Pops Orchestra,22,Edited: 00:00 - 01:30
We're Out of Gas,Back to the Future III Original Motion Picture Soundtrack,,,,"January 1, 1995 → January 1, 2012",,Frontierland,"Frontierland v.1, Golden Horseshoe Saloon v.1",,,,,21,Edited: 00:25 - 00:55
Cool Water,,,,,"January 1, 1995 → January 1, 2012",,Frontierland,"Frontierland v.1, Golden Horseshoe Saloon v.1",,,,Sons of the Pioneers,11,
Anthology of TV Western Themes (Bonanza),Round-Up,,,,"January 1, 1995 → January 1, 2012",,Frontierland,"Frontierland v.1, Golden Horseshoe Saloon v.1",,,,Erich Kunzel & the Cincinnati Pops Orchestra,9,
Anthology of TV Western Themes (Wagon Train),Round-Up,,,,"January 1, 1995 → January 1, 2012",,Frontierland,"Frontierland v.1, Golden Horseshoe Saloon v.1",,,,Erich Kunzel & the Cincinnati Pops Orchestra,17,Edited 02.30 - 03.38
Oklahoma Crude,Happy Trails,,,,"January 1, 1995 → January 1, 2012",,Frontierland,"Frontierland v.1, Golden Horseshoe Saloon v.1",,,,Erich Kunzel & the Cincinnati Pops Orchestra,4,
Hoe-Down (from Rodeo),Copland Greatest Hits,,,,"January 1, 1995 → January 1, 2012",,Frontierland,"Frontierland v.1, Golden Horseshoe Saloon v.1",,,,Arthur Fiedler & the Boston Pops,14,Edited: 00:36 - 02:14
Find Your Smile,City Slickers Original Motion Picture Soundtrack,,,,"January 1, 1995 → January 1, 2012",,Frontierland,"Frontierland v.1, Golden Horseshoe Saloon v.1",,,,Marc Shaiman,16,Edited; Confirmed to be this track
The Sons of Katie Elder,Happy Trails,,,,"January 1, 1995 → January 1, 2012",,Frontierland,"Frontierland v.1, Golden Horseshoe Saloon v.1",,,,Erich Kunzel & the Cincinnati Pops Orchestra,19,
Home on the Range,Under the Western Sky,,,,"January 1, 1995 → January 1, 2012",,Frontierland,"Frontierland v.1, Golden Horseshoe Saloon v.1",,,,Jim Hendricks,12,Edited: 00:02 - 03:39
Red River Valley,Under the Western Sky,,,,"January 1, 1995 → January 1, 2012",,Frontierland,"Frontierland v.1, Golden Horseshoe Saloon v.1",,,,Jim Hendricks,5,
How the West Was Won,"Wild, Wild Westerns",,,,"January 1, 1995 → January 1, 2012",,Frontierland,"Frontierland v.1, Golden Horseshoe Saloon v.1",,,,Bill Broughton & the Orchestra of the Americas,18,
Riders in the Sky,Under the Western Sky,,,,"January 1, 1995 → January 1, 2012",,Frontierland,"Frontierland v.1, Golden Horseshoe Saloon v.1",,,,Jim Hendricks,23,Edited: 00:06 - End
Pecos Bill,,,,,"January 1, 1995 → January 1, 2012",,Frontierland,"Frontierland v.1, Golden Horseshoe Saloon v.1",,,,Sons of the Pioneers,24,Removed from the loop sometime before 2010
Big Iron,Legends of the Old West,,Green Hill Productions,,"January 9, 2012",,Frontierland,Frontierland v.2 [REF],"This loop was installed in 2012 and plays throughout Frontierland, including both sides of the entrance stockade. See MouseBits, https://mousebits.com/smf/index.php?topic=7016.msg59702#msg59702. Tracklist compiled by C33 and pixelated. Individual track lengths are measured from the start of that track to the start of the following track, so any gap between tracks is included in that time. Also see Magic Music: https://community.magicmusic.net/playlists/frontierland-area-music-2012.48/",01:03:40, 4:00.671,Craig Duncan and the Smoky Mountain Band,1,Starts with ~3.1 sec. silent gap
"Git Along, Little Dogies",Home on the Range,,Maple Street Music,,"January 9, 2012",,Frontierland,Frontierland v.2 [REF],,, 2:43.952,Jim Hendricks,2,
Old Dan Tucker/Skip to My Lou,Home on the Range,,Maple Street Music,,"January 9, 2012",,Frontierland,Frontierland v.2 [REF],,, 4:06.460,Jim Hendricks,3,This version is only available on the 1996 version of the Home on the Range CD. The 2007 version (which is much easier to find) fades out about 25 seconds too soon before the loop track is finished.
El Paso,Legends of the Old West,,Green Hill Productions,,"January 9, 2012",,Frontierland,Frontierland v.2 [REF],,, 4:19.531,Craig Duncan and the Smoky Mountain Band,10,
Whoppee Ti Yi Yo,Memories of the Old West,,Green Hill Productions,,"January 9, 2012",,Frontierland,Frontierland v.2 [REF],,, 2:38.752,Craig Duncan and the Smoky Mountain Band,18,
The Yellow Rose of Texas,Memories of the Old West,,Green Hill Productions,,"January 9, 2012",,Frontierland,Frontierland v.2 [REF],,, 2:52.134,Craig Duncan and the Smoky Mountain Band,7,
Don't Fence Me In,The Greatest Cowboy Songs Ever,,Warner Western,,"January 9, 2012",,Frontierland,Frontierland v.2 [REF],,, 2:17.730,Various Artists,5,
That Silver Haired Daddy of Mine,Legends of the Old West,,Green Hill Productions,,"January 9, 2012",,Frontierland,Frontierland v.2 [REF],,, 2:52.405,Craig Duncan and the Smoky Mountain Band,19,
I Ride An Old Paint (I'm Leaving Cheyenne),Memories Of The Old West,,Green Hill Productions,,"January 9, 2012",,Frontierland,Frontierland v.2 [REF],,, 2:40.696,Craig Duncan and the Smoky Mountain Band,15,
Mickey Mouse Club March/The Ballad of Davy Crockett,"O Mickey, Where Art Thou",,Walt Disney Records,,"January 9, 2012",,Frontierland,Frontierland v.2 [REF],,, 2:39.065,Various Artists,14,
San Antonio Rose,The Greatest Cowboy Songs Ever,,Warner Western,,"January 9, 2012",,Frontierland,Frontierland v.2 [REF],,, 3:10.636,Various Artists,9,This runtime is incorrect because there is a playback glitch at the beginning of the track (the track skips ahead by 1.472 secs.)
The Cattle Call,Legends of the Old West,,Green Hill Productions,,"January 9, 2012",,Frontierland,Frontierland v.2 [REF],,, 3:07.973,Craig Duncan and the Smoky Mountain Band,21,
Little Joe the Wrangler,Home on the Range,,Maple Street Music,,"January 9, 2012",,Frontierland,Frontierland v.2 [REF],,, 3:12.356,Jim Hendricks,8,
Here Comes the Santa Fe,Legends of the Old West,,Green Hill Productions,,"January 9, 2012",,Frontierland,Frontierland v.2 [REF],,, 3:03.685,Craig Duncan and the Smoky Mountain Band,6,
The Old Chisholm Trail,Memories of the Old West,,Green Hill Productions,,"January 9, 2012",,Frontierland,Frontierland v.2 [REF],,, 2:10.633,Craig Duncan and the Smoky Mountain Band,11,
Ghost Riders in the Sky,Memories of the Old West,,Green Hill Productions,,"January 9, 2012",,Frontierland,Frontierland v.2 [REF],,, 3:42.432,Craig Duncan and the Smoky Mountain Band,12,
'Way Out There,Memories of the Old West,,Green Hill Productions,,"January 9, 2012",,Frontierland,Frontierland v.2 [REF],,, 3:00.922,Craig Duncan and the Smoky Mountain Band,16,The loop version begins with a fade-in that lasts about 0.15 secs. and starts at 14.088 secs. of the album version.
You Are My Sunshine,Legends of the Old West,,Green Hill Productions,,"January 9, 2012",,Frontierland,Frontierland v.2 [REF],,, 1:59.188,Craig Duncan and the Smoky Mountain Band,20,The loop version starts fading down to complete silence at around 1:57.9 of the album version and ends at 1:59.594 of the album version.
Back in the Saddle Again,Legends of the Old West,,Green Hill Productions,,"January 9, 2012",,Frontierland,Frontierland v.2 [REF],,, 3:12.554,Craig Duncan and the Smoky Mountain Band,13,
Echoes From The Hills,Memories of the Old West,,Green Hill Productions,,"January 9, 2012",,Frontierland,Frontierland v.2 [REF],,, 3:23.573,Craig Duncan and the Smoky Mountain Band,17,
Buffalo Gals/Polly Wolly Doodle,The Greatest Cowboy Songs Ever,,Warner Western,,"January 9, 2012",,Frontierland,Frontierland v.2 [REF],,, 2:22.998,Various Artists,4,
Golden Slippers,,,Good Time Jazz,,"April 12, 1992 → April 29, 2001",,Frontierland,Mike Fink Keelboats,,,,The Banjo Kings,3,
Chicken Pickin’ Reel,,,Good Time Jazz,,"April 12, 1992 → April 29, 2001",,Frontierland,Mike Fink Keelboats,"These songs played on the Keelboats while in motion on the Rivers of America. See MouseBits, https://mousebits.com/smf/index.php?topic=7514.msg98970#msg98970 and Magic Music, https://community.magicmusic.net/threads/disneylands-mike-fink-keel-boats.4963/. Three tracks were said to have played by DL FLIGHT 295, see Magic Music, https://community.magicmusic.net/threads/frontierland-loop-question.3677/post-25758. These tracks were released on various records by the Banjo Kings. The track “Down South” is the only one known to be released to CD on “The Banjo Kings, Vol. 1” which is also on streaming platforms.",~00:07:00,,The Banjo Kings,1,
Down South,,,Good Time Jazz,,"April 12, 1992 → April 29, 2001",,Frontierland,Mike Fink Keelboats,,,,The Banjo Kings,2,
West of the Wide Missouri,Tokyo Disney Resort - Treasures of Fantasy Dreams & Adventures (2003),3,,25,"September 2, 1979",,Frontierland,Big Thunder Mountain Railroad Queue,"This loop plays in the staircase and loading dock of the Big Thunder Mountain Railroad queue from its opening in 1979 through present day. Due to its isolated location, no complete reference recording appears to exist. Horizons notes that this is the same loop that played at Magic Kingdom when its version of the attration first opened.  At some point in the late 1980s or early 1990s, one additional track was added to the Magic Kingdom version (""Home, Sweet Home”). Tracklist originally posted by Progressland on Magic Music, https://community.magicmusic.net/threads/disneyland-music-loops.17/post-72(2002). Also see MouseBits, https://forums.mousebits.com/threads/disneylands-big-thunder-mountain-railroad-queue.8066/post-72946, Magic Music, https://community.magicmusic.net/threads/big-thunder-mountain-railroad-area-music.5210/ (2008), and http://web.archive.org/web/20190821083652/http://disneymusicloops.tripod.com/dlr/dlr-front-btm.html. ",00:19:09,,,1,
Saloon Willy,Disneyland Forever,,,,"September 2, 1979",,Frontierland,Big Thunder Mountain Railroad Queue,,,,,5,
Hand Me Down My Walking Cane,Unreleased,,,,"September 2, 1979",,Frontierland,Big Thunder Mountain Railroad Queue,,,,,13,
Buffalo Gals,Disneyland Forever,,,,"September 2, 1979",,Frontierland,Big Thunder Mountain Railroad Queue,,,,,11,
Old Yeller,Unreleased,,,,"September 2, 1979",,Frontierland,Big Thunder Mountain Railroad Queue,,,,,6,
Big Rock Candy Mountain,Disneyland Forever,,,,"September 2, 1979",,Frontierland,Big Thunder Mountain Railroad Queue,,,,,12,
Roamin' the Lawless West,Disneyland Forever,,,,"September 2, 1979",,Frontierland,Big Thunder Mountain Railroad Queue,,,,,10,
California Gold,Treasures of Fantasy Dreams & Adventures (2003) ,3,,27,"September 2, 1979",,Frontierland,Big Thunder Mountain Railroad Queue,,,,,3,
All Aboard the Mine Train,"Disneyland Official Album 2001, Treasures of Fantasy Dreams & Adventures (2003) ",3,,26,"September 2, 1979",,Frontierland,Big Thunder Mountain Railroad Queue,,,,,2,
Bang! Goes Old Betsy,Disneyland Forever,,,,"September 2, 1979",,Frontierland,Big Thunder Mountain Railroad Queue,,,,,8,
There is a Tavern in the Town,Unreleased,,,,"September 2, 1979",,Frontierland,Big Thunder Mountain Railroad Queue,,,,,9,
Big Rock Candy Mountain,Disneyland Forever,,,,"September 2, 1979",,Frontierland,Big Thunder Mountain Railroad Queue,,,,,4,
Pecos Bill,Disneyland Forever,,,,"September 2, 1979",,Frontierland,Big Thunder Mountain Railroad Queue,,,,,7,
The Royal Garden Blues,Swing Riot,,,,"January 1, 2004",,Frontierland,Rivers of America v.2,"A full track list for the Rivers of America riverfront (the Fantasmic! viewing area) compiled by pixelated and superhotlarry. Individual track lengths are measured from the start of that track to the start of the following track, so any gap between tracks is included in that time. See https://mousebits.com/smf/index.php?topic=5939.msg49947#msg49947 and https://mousebits.com/smf/index.php?topic=9356.msg88437#msg88437 Based on the 1995 CD release dates of Swing Riot! and Ragtime, it is likely that this loop was not installed until 1995 or later.",00:55:29.660,5:06.701,Bill Allred's Classic Jazz Band,1,
Maple Leaf Rag,Dixieland's Best,,,,"January 1, 2004",,Frontierland,Rivers of America v.2,,,3:07.279,The Dukes of Dixieland,4,
Grandfather's Clock,Banjomania ,,,,"January 1, 2004",,Frontierland,Rivers of America v.2,,,2:40.619,Banjomania,8,
After You've Gone,Swing Riot,,,,"January 1, 2004",,Frontierland,Rivers of America v.2,,,5:32.294,Bill Allred's Classic Jazz Band,9,
Grandpa's Spells,In and Around New Orleans,,,,"January 1, 2004",,Frontierland,Rivers of America v.2,,,2:39.461,The Side Street Strutters Jazz Band,12,
The Old Piano Roll Blues,Ragtime,,Creative Entertainment Productions,,"January 1, 2004",,Frontierland,Rivers of America v.2,,,1:56.916,Rod Miller,6,Verified; The album track is about 0.008 secs. faster than the recording.
Alabama Jubilee,Trad2 (Traditional Jazz to the Second Power),,,,"January 1, 2004",,Frontierland,Rivers of America v.2,,,2:15.066,Swing Savant,3,
Original Dixieland One-Step,You Asked For It!,,,,"January 1, 2004",,Frontierland,Rivers of America v.2,,,3:03.708,The Side Street Strutters Jazz Band,11,
Alexander's Ragtime Band,You Asked For It!,,,,"January 1, 2004",,Frontierland,Rivers of America v.2,,,3:28.991,The Side Street Strutters Jazz Band,17,
River Boat Shuffle,Hearing is Believing!,,,,"January 1, 2004",,Frontierland,Rivers of America v.2,,,3:59.055,The Dukes of Dixieland,15,The loop version of that track has been cut-off at around 3:07.53 to remove applause and gained up by around 3 dB.
When the Saints Go Marchin' In,You Asked For It!,,,,"January 1, 2004",,Frontierland,Rivers of America v.2,,,3:56.170,The Side Street Strutters Jazz Band,7,
Alabama Bound,Banjomania ,,,,"January 1, 2004",,Frontierland,Rivers of America v.2,,,2:58.881,Banjomania,13,
Farewell Blues,Banjomania or Dueling Banjomania,,,,"January 1, 2004",,Frontierland,Rivers of America v.2,,,2:54.700,Banjomania,16,
Milenberg Joys,You Asked For It!,,,,"January 1, 2004",,Frontierland,Rivers of America v.2,,,3:50.795,The Side Street Strutters Jazz Band,5,
Bye Bye Blues,Banjomania  or Dueling Banjomania,,,,"January 1, 2004",,Frontierland,Rivers of America v.2,,,1:52.420,Banjomania,10,
High Society,You Asked For It!,,,,"January 1, 2004",,Frontierland,Rivers of America v.2,,,3:20.204,The Side Street Strutters Jazz Band,14,
Anything Goes,Banjomania ,,,,"January 1, 2004",,Frontierland,Rivers of America v.2,,,2:43.245,Banjomania,2,
The Flowing Tide,Sea Changes of the Toucan Pirates,,,,,"Halloween, Mickey's Halloween Party",Frontierland,Mickey's Halloween Party Pirate Palooza [INC],"This loop could be heard during Mickey’s Halloween Party in 2015 (exact time in use is unknown) in the Pirate Palooza themed area, along the route from Frontierland to the Haunted Mansion. The volume was turned down in front of the Haunted Mansion when the Cadaver Dans start their set on the river. See MouseBits, https://mousebits.com/smf/index.php?topic=9034.msg86249#msg86249 (2015). This is an incomplete listing. Tracks without a number do not have a known position in relation to the other identified tracks.",Unknown,,Toucan Pirates,1,
The Nine Points of Roguery,Sea Changes of the Toucan Pirates,,,,,"Halloween, Mickey's Halloween Party",Frontierland,Mickey's Halloween Party Pirate Palooza [INC],,,,Toucan Pirates,4,
I’ll Buy Boots for Maggie,Sea Changes of the Toucan Pirates,,,,,"Halloween, Mickey's Halloween Party",Frontierland,Mickey's Halloween Party Pirate Palooza [INC],,,,Toucan Pirates,5,
The Blackthorn Stick/Lock The Door,Sea Changes of the Toucan Pirates,,,,,"Halloween, Mickey's Halloween Party",Frontierland,Mickey's Halloween Party Pirate Palooza [INC],,,,Toucan Pirates,2,
Out in the Ocean,Sea Changes of the Toucan Pirates,,,,,"Halloween, Mickey's Halloween Party",Frontierland,Mickey's Halloween Party Pirate Palooza [INC],,,,Toucan Pirates,3,
Pigeon on the Mast,Sea Changes of the Toucan Pirates,,,,,"Halloween, Mickey's Halloween Party",Frontierland,Mickey's Halloween Party Pirate Palooza [INC],,,,Toucan Pirates,9,
Jack A Tar,Sea Changes of the Toucan Pirates,,,,,"Halloween, Mickey's Halloween Party",Frontierland,Mickey's Halloween Party Pirate Palooza [INC],,,,Toucan Pirates,8,
The Lilting Fisherman,Sea Changes of the Toucan Pirates,,,,,"Halloween, Mickey's Halloween Party",Frontierland,Mickey's Halloween Party Pirate Palooza [INC],,,,Toucan Pirates,7,
Ships are Sailing/Far From Home,Sea Changes of the Toucan Pirates,,,,,"Halloween, Mickey's Halloween Party",Frontierland,Mickey's Halloween Party Pirate Palooza [INC],,,,Toucan Pirates,6,
Lockjaw/Blackberry Blossom,Sea Changes of the Toucan Pirates,,,,,,Frontierland,Mickey's Halloween Party Pirate Palooza [INC],,,,Toucan Pirates,,
Give Us A Drink Of Water,Sea Changes of the Toucan Pirates,,,,,,Frontierland,Mickey's Halloween Party Pirate Palooza [INC],,,,Toucan Pirates,,
The Dingle Regatta,Sea Changes of the Toucan Pirates,,,,,,Frontierland,Mickey's Halloween Party Pirate Palooza [INC],,,,Toucan Pirates,,
The Jib Polka,Sea Changes of the Toucan Pirates,,,,,,Frontierland,Mickey's Halloween Party Pirate Palooza [INC],,,,Toucan Pirates,,
The Secret Set,Sea Changes of the Toucan Pirates,,,,,,Frontierland,Mickey's Halloween Party Pirate Palooza [INC],,,,Toucan Pirates,,
The Reconciliation,Sea Changes of the Toucan Pirates,,,,,,Frontierland,Mickey's Halloween Party Pirate Palooza [INC],,,,Toucan Pirates,,
The Old Rigged Ship,Sea Changes of the Toucan Pirates,,,,,,Frontierland,Mickey's Halloween Party Pirate Palooza [INC],,,,Toucan Pirates,,
You've Got a Friend in Me (Instrumental),Woody's Roundup,1,,10,"January 1, 2009",,Frontierland,Big Thunder Ranch v.2,"This loop played in the Big Thunder Ranch area at the entrance to the BBQ, around the BBQ dining area, and inside the former Festival of Fools Arena which became the Big Thunder Ranch Jamboree. It was installed sometime before 2012. Preliminary track listing compiled by pixelated. See MouseBits, https://mousebits.com/smf/index.php?topic=7066.msg59867#msg59867 (2012). Individual track lengths are measured from the start of that track to the start of the following track, so any gap between tracks is included in that time.",00:45:29.934,1:59.706,Riders In The Sky,1,Begins with ~0.3 sec. silent gap. The loop version is about 0.056 secs. faster than the album version.
Big Iron,My Heroes Have Always Been Cowboys,1,,4,"January 1, 2009",,Frontierland,Big Thunder Ranch v.2,,,2:39.305,Jim Hendricks,9,
"Jingle, Jangle, Jingle",Way Out West,1,,4,"January 1, 2009",,Frontierland,Big Thunder Ranch v.2,,,1:59.331,Rimrock Ramblers,2,
Black Mountain Rag,Foundation: The Doc Watson Guitar Instrumental Collection 1964-1998,1,,1,"January 1, 2009",,Frontierland,Big Thunder Ranch v.2,,,1:26.132,Doc Watson,7,
Back in the Saddle Again,Southwest Favorites OR Under the Western Sky,1,,6,"January 1, 2009",,Frontierland,Big Thunder Ranch v.2,,,2:03.906,Jim Hendricks,3,"Edited. Jim Hendricks' 1993 ""Under the Western Sky"" album from Benson Records has been re-released by Maple Street Music in 2009 as ""Southwest Favorites”"
Unknown A,,,,,"January 1, 2009",,Frontierland,Big Thunder Ranch v.2,,,2:03.791,,6,
Ballad Of Jesse James,My Heroes Have Always Been Cowboys,1,,11,"January 1, 2009",,Frontierland,Big Thunder Ranch v.2,,,2:57.203,Jim Hendricks,4,
June Apple,Foundation: The Doc Watson Guitar Instrumental Collection 1964-1998,1,,3,"January 1, 2009",,Frontierland,Big Thunder Ranch v.2,,,2:07.061,Doc Watson,5,
Home on the Range,Southwest Favorites OR Under the Western Sky,1,,9,"January 1, 2009",,Frontierland,Big Thunder Ranch v.2,,,3:30.573,Jim Hendricks,8,"Jim Hendricks' 1993 ""Under the Western Sky"" album from Benson Records has been re-released by Maple Street Music in 2009 as ""Southwest Favorites”"
Medley: Fiddler's Dram/Whistling Rufus/Ragtime Annie (Raggedy Ann),Foundation: The Doc Watson Guitar Instrumental Collection 1964-1998,1,,8,"January 1, 2009",,Frontierland,Big Thunder Ranch v.2,,,2:06.521,Doc Watson,14,
Unknown B,,,,,"January 1, 2009",,Frontierland,Big Thunder Ranch v.2,,,3:41.348,,12,
Sioux City Sue,My Heroes Have Always Been Cowboys,1,,2,"January 1, 2009",,Frontierland,Big Thunder Ranch v.2,,,2:50.941,Jim Hendricks,10,
Stone's Rag,Foundation: The Doc Watson Guitar Instrumental Collection 1964-1998,1,,5,"January 1, 2009",,Frontierland,Big Thunder Ranch v.2,,,2:33.386,Doc Watson,15,
Cool Water,My Heroes Have Always Been Cowboys,1,,1,"January 1, 2009",,Frontierland,Big Thunder Ranch v.2,,,3:00.663,Jim Hendricks,11,Features crickets at the beginning and the end of the track
Unknown C,,,,,"January 1, 2009",,Frontierland,Big Thunder Ranch v.2,,,3:21.539,,13,
Happy Trails,Way Out West,1,,2,"January 1, 2009",,Frontierland,Big Thunder Ranch v.2,,,2:29.933,Rimrock Ramblers,16,
Tucker's Barn,Foundation: The Doc Watson Guitar Instrumental Collection 1964-1998,1,,15,"January 1, 2009",,Frontierland,Big Thunder Ranch v.2,,,2:08.900,Doc Watson,17,
Rainbow,Foundation: The Doc Watson Guitar Instrumental Collection 1964-1998,1,,10,"January 1, 2009",,Frontierland,Big Thunder Ranch v.2,,,2:29.690,Doc Watson,18,
Happy Trails,Les Troubadours Du Western (Les 50 plus Grands Succes Country),,,,,,Frontierland,Woody's Halloween Roundup,"This loop played during Halloween in the Big Thunder Ranch area in 2008. Songs were known to play in randomized order. Tracklist compiled by turnstle. See MouseBits, https://mousebits.com/smf/index.php?topic=7066.msg67150#msg67150.",Unknown,,Roy Rogers,1,
Back in the Saddle,The Essential Gene Autry,,,,,,Frontierland,Woody's Halloween Roundup,,,,Gene Autry,,
You've Got a Friend in Me (Instrumental),Woody’s Roundup,,,,,,Frontierland,Woody's Halloween Roundup,,,,Riders in the Sky,,Instrumental
Stone’s Rag,Foundation: The Doc Watson Guitar Instrumental Collection 1964-1998,,,,,,Frontierland,Woody's Halloween Roundup,,,,Doc Watson,,
Cool Water,,,,,,,Frontierland,Woody's Halloween Roundup,,,,Roy Rogers,,
Rainbow,Foundation: The Doc Watson Guitar Instrumental Collection 1964-1998,,,,,,Frontierland,Woody's Halloween Roundup,,,,Doc Watson,,
June Apple,Foundation: The Doc Watson Guitar Instrumental Collection 1964-1998,,,,,,Frontierland,Woody's Halloween Roundup,,,,Doc Watson,,
Unknown,,,,,,,Frontierland,Woody's Halloween Roundup,,,,,,
Black Mountain Rag,Foundation: The Doc Watson Guitar Instrumental Collection 1964-1998,,,,,,Frontierland,Woody's Halloween Roundup,,,,Doc Watson,,
Streets of Laredo,Unreleased,,,,"January 1, 1986 → January 1, 2009",,Frontierland,Big Thunder Ranch v.1,"Appears to have been a custom-recorded (i.e., non-needledrop) loop from WDI. The Big Thunder Ranch is believed to have shared a loop with Frontierland at the Magic Kingdom. This playlist is based on a recording of the Frontierland loop of unknown origin. See https://disney-parks-music-compendium.blogspot.com/2022/11/big-thunder-ranch-bgm.html Loop apparently returned in 2015: https://mousebits.com/smf/index.php?topic=8937.msg85342#msg85342",00:59:37,,,1,
Old Chisholm Trail,Unreleased,,,,"January 1, 1986 → January 1, 2009",,Frontierland,Big Thunder Ranch v.1,,,,,21,
Red River Valley,Unreleased,,,,"January 1, 1986 → January 1, 2009",,Frontierland,Big Thunder Ranch v.1,,,,,17,
Home on the Range,Unreleased,,,,"January 1, 1986 → January 1, 2009",,Frontierland,Big Thunder Ranch v.1,,,,,15,
Cool Water,Unreleased,,,,"January 1, 1986 → January 1, 2009",,Frontierland,Big Thunder Ranch v.1,,,,,9,
Davy Crockett,Unreleased,,,,"January 1, 1986 → January 1, 2009",,Frontierland,Big Thunder Ranch v.1,,,,,7,
"(I've Got Spurs that) Jingle, Jangle, Jingle",Unreleased,,,,"January 1, 1986 → January 1, 2009",,Frontierland,Big Thunder Ranch v.1,,,,,2,
Tumblin' Tumbleweeds,Unreleased,,,,"January 1, 1986 → January 1, 2009",,Frontierland,Big Thunder Ranch v.1,,,,,3,
On Top of Old Smokey,Unreleased,,,,"January 1, 1986 → January 1, 2009",,Frontierland,Big Thunder Ranch v.1,,,,,6,
Back in the Saddle Again,Unreleased,,,,"January 1, 1986 → January 1, 2009",,Frontierland,Big Thunder Ranch v.1,,,,,19,
Cowboy's Dream,Unreleased,,,,"January 1, 1986 → January 1, 2009",,Frontierland,Big Thunder Ranch v.1,,,,,8,
Happy Trails,Unreleased,,,,"January 1, 1986 → January 1, 2009",,Frontierland,Big Thunder Ranch v.1,,,,,16,
Take Me Back to My Boots and Saddle [?],Unreleased,,,,"January 1, 1986 → January 1, 2009",,Frontierland,Big Thunder Ranch v.1,,,,,11,
Deep in the Heart of Texas,Unreleased,,,,"January 1, 1986 → January 1, 2009",,Frontierland,Big Thunder Ranch v.1,,,,,12,
Git' Along Little Doggies,Unreleased,,,,"January 1, 1986 → January 1, 2009",,Frontierland,Big Thunder Ranch v.1,,,,,4,
Yellow Rose of Texas,Unreleased,,,,"January 1, 1986 → January 1, 2009",,Frontierland,Big Thunder Ranch v.1,,,,,10,
I'm an Old Cowhand,Unreleased,,,,"January 1, 1986 → January 1, 2009",,Frontierland,Big Thunder Ranch v.1,,,,,5,
Ghost Riders in the Sky,Unreleased,,,,"January 1, 1986 → January 1, 2009",,Frontierland,Big Thunder Ranch v.1,,,,,14,
A Lonely Cowboy,Unreleased,,,,"January 1, 1986 → January 1, 2009",,Frontierland,Big Thunder Ranch v.1,,,,,13,
Shenandoah,Unreleased,,,,"January 1, 1986 → January 1, 2009",,Frontierland,Big Thunder Ranch v.1,,,,,18,
Darlin' Clementine,Unreleased,,,,"January 1, 1986 → January 1, 2009",,Frontierland,Big Thunder Ranch v.1,,,,,20,
Ghost Train,,,,,,Halloween,Frontierland,Big Thunder Ranch Halloween,"This is a preliminary track list for a loop that at least played in 2012 in the Big Thunder Ranch area during the Halloween season. Thought to have only played one year, see MouseBits, https://forums.mousebits.com/threads/big-thunder-ranch-jamboree-halloween-carnival-bgm.8711/post-82748.“Most of the tracks have a long fadeout that runs up against the following track. I've noted where there are actual silent gaps between tracks.” Tracklist compiled by pixelated. See MouseBits, https://mousebits.com/smf/index.php?topic=7066.msg67431#msg67431.",00:50:31.334,4:11.856,Don Edwards,1,Starts with 2.97 sec. silent gap.
That's How The Yodel Was Born,Yodel the Cowboy Way,,,,,,Frontierland,Big Thunder Ranch Barbecue,"This loop played from the Big Thunder Ranch Barbecue stage speakers between performances at least during 2014. Likely incomplete, and controlled by Entertainment rather than WDI. See MouseBits https://mousebits.com/smf/index.php?topic=7066.msg83905#msg83905",Unknown,,Riders In The Sky,1,
Singing A Song To The Sky,Yodel the Cowboy Way,,,,,,Frontierland,Big Thunder Ranch Barbecue,,,,Riders In The Sky,4,
At The End Of The Rainbow Trail,Yodel the Cowboy Way,,,,,,Frontierland,Big Thunder Ranch Barbecue,,,,Riders In The Sky,5,
Here Come The Santa Fe,Yodel the Cowboy Way,,,,,,Frontierland,Big Thunder Ranch Barbecue,,,,Riders In The Sky,2,
Back In The Saddle Again,Yodel the Cowboy Way,,,,,,Frontierland,Big Thunder Ranch Barbecue,,,,Riders In The Sky,3,
Peach Picking Time In Georgia,Old-Time String Band Music,,,,,Halloween,Frontierland,Big Thunder Ranch Halloween,,,3:10.774,Uncle Henry’s Favorites,18,
How Does She Yodel?,Woody's Roundup,,,,,Halloween,Frontierland,Big Thunder Ranch Halloween,,,2:23.880,Riders In The Sky,8,Gap following this track
Ghost Town,,,,,,Halloween,Frontierland,Big Thunder Ranch Halloween,,,2:54.674,Gene Davenport,5,
Cool Water,,,,,,Halloween,Frontierland,Big Thunder Ranch Halloween,,,2:51.727,The Sons of the Pioneers,7,Gap following this track
The Ballad of Bullseye,The Ballad of Bullseye,,,,,Halloween,Frontierland,Big Thunder Ranch Halloween,,,2:28.261,Riders In The Sky,6,
Happy Trails,,,,,,Halloween,Frontierland,Big Thunder Ranch Halloween,,,2:50.541,Roy Rogers,10,
Black Mountain Rag,Foundation: The Doc Watson Guitar Instrumental Collection 1964-1998,,,,,Halloween,Frontierland,Big Thunder Ranch Halloween,,,1:25.752,Doc Watson,9,
Medley: Fiddler's Dram/Whistling Rufus/Ragtime Annie (Raggedy Ann),Foundation: The Doc Watson Guitar Instrumental Collection 1964-1998,,,,,Halloween,Frontierland,Big Thunder Ranch Halloween,,,2:06.982,Doc Watson,15,
June Apple,Foundation: The Doc Watson Guitar Instrumental Collection 1964-1998,,,,,Halloween,Frontierland,Big Thunder Ranch Halloween,,,2:05.874,Doc Watson,4,
You've Got a Friend in Me (Instrumental),Woody's Roundup,,,,,Halloween,Frontierland,Big Thunder Ranch Halloween,,,1:59.311,Riders In The Sky,14,
Rainbow,Foundation: The Doc Watson Guitar Instrumental Collection 1964-1998,,,,,Halloween,Frontierland,Big Thunder Ranch Halloween,,,2:29.034,Doc Watson,19,
Ghost Riders in the City,Best Ultimate Collection: Ennio Morricone Western,,,,,Halloween,Frontierland,Big Thunder Ranch Halloween,,,2:04.753,High School Music Band,16,The loop version sounds like it is cut short and it runs faster than the album version. Next track cuts in.
Howlin' at the Moon,,,,,,Halloween,Frontierland,Big Thunder Ranch Halloween,,,2:40.022,Hank Williams,11,
The Prospector Polka,Woody's Roundup,,,,,Halloween,Frontierland,Big Thunder Ranch Halloween,,,2:08.476,Riders In The Sky,12,
Stone's Rag,Foundation: The Doc Watson Guitar Instrumental Collection 1964-1998,,,,,Halloween,Frontierland,Big Thunder Ranch Halloween,,,2:33.348,Doc Watson,13,
Home on the Range,Woody's Roundup,,,,,Halloween,Frontierland,Big Thunder Ranch Halloween,,,2:29.034,Riders In The Sky,20,
Back in the Saddle Again,,,,,,Halloween,Frontierland,Big Thunder Ranch Halloween,,,2:34.154,Gene Autry,2,Gap following this track
I'm an Old Cowhand (From the Rio Grande),,,,,,Halloween,Frontierland,Big Thunder Ranch Halloween,,,2:45.464,The Sons of the Pioneers,17,Gap following this track
Act Naturally,Woody's Roundup,,,,,Halloween,Frontierland,Big Thunder Ranch Halloween,,,2:18.884,Riders In The Sky,3,Gap following this track
La Casita,Mexico Lindo,,,,,,Frontierland,Casa De Fritos [PRE],,Unknown,,Mariachi Azteca De Raul Marquez,1,
Fermin,Tijuana Town,,,,,,Frontierland,Casa De Fritos [PRE],,,,Los Tres Caballeros,4,
Perdoname,Tijuana Town,,,,,,Frontierland,Casa De Fritos [PRE],,,,Los Tres Caballeros,3,
Las Alteñitas,Mexico Lindo,,,,,,Frontierland,Casa De Fritos [PRE],,,,Mariachi Azteca De Raul Marquez,2,
Andalucia,Tijuana Town,,,,,,Frontierland,Casa De Fritos [PRE],,,,Los Tres Caballeros,5,
Recuerdos de la Alhambra,Day's End (Al Fin Del Día): The Soft Sounds of Spanish Guitar,,London,1,,,Frontierland,Rancho Del Zocalo Restaurante [REF],"This loop could be heard in the exterior Rancho Del Zocalo Restaurante seating area, entrance and restrooms. It was installed sometime after 1996 (the album’s release date) and seemed to be largely missing after 2018, but returned in 2024. See MouseBits, https://mousebits.com/smf/index.php?topic=5419.msg55058#msg55058 (2010). Tracklist compiled by pixelated. Individual track lengths are measured from the start of that track to the start of the following track, so any gap between tracks is included in that time. It plays from a single speaker in the dining area and in the adjacent bathrooms. All songs are verified as coming from the same album. The album's runtime is listed at 63:51, which is almost 2 mins. longer than the loop. To bring down the album's runtime to match the loop's runtime, the gap between each track was shortened by several secs.",01:02:00, 4:40.732,Eduardo Fernández,1,"Starts with 7 second silent gap. 
The album track runs over 5 millisecs. slower than the loop track."
Andaluza (Danzas españolas Op.37 No. 5),Day's End (Al Fin Del Día): The Soft Sounds of Spanish Guitar,,London,13,,,Frontierland,Rancho Del Zocalo Restaurante [REF],,, 4:06.083,Eduardo Fernández,13,
Three Mazurcas,Day's End (Al Fin Del Día): The Soft Sounds of Spanish Guitar,,London,5,,,Frontierland,Rancho Del Zocalo Restaurante [REF],,,5:26.456,Eduardo Fernández,5,"In order, the mazurcas are 1) Adelita 2) Sueño (Mazurka in G) 3) Marieta"
"Romance ""Jeux interdits”",Day's End (Al Fin Del Día): The Soft Sounds of Spanish Guitar,,London,3,,,Frontierland,Rancho Del Zocalo Restaurante [REF],,, 2:20.273,William Gómez,3,
Six Canciones catalanas,Day's End (Al Fin Del Día): The Soft Sounds of Spanish Guitar,,London,14,,,Frontierland,Rancho Del Zocalo Restaurante [REF],,,7:23.663,Eduardo Fernández,14,The album track runs about 6 millisecs. slower than the loop track. The canciones are 1) El Noi de la Mare 2) El Testament d'Amèlia  3) Cançó del Lladre 4) Lo Rossinyol 5) L'hereu Riera 6) La Nit de Nadal
Neblina,Day's End (Al Fin Del Día): The Soft Sounds of Spanish Guitar,,London,6,,,Frontierland,Rancho Del Zocalo Restaurante [REF],,, 1:47.810,Eduardo Fernández,6,
Tango,Day's End (Al Fin Del Día): The Soft Sounds of Spanish Guitar,,London,2,,,Frontierland,Rancho Del Zocalo Restaurante [REF],,, 2:31.856,Eduardo Fernández,2,The 5:08 time listed in the CD booklet and on the back of the CD jewel box insert is wrong.
Minuetto,Day's End (Al Fin Del Día): The Soft Sounds of Spanish Guitar,,London,11,,,Frontierland,Rancho Del Zocalo Restaurante [REF],,, 1:52.177,Eduardo Fernández,11,The album track runs about 2 millisecs. slower than the loop track.
Granada (from Suite Española),Day's End (Al Fin Del Día): The Soft Sounds of Spanish Guitar,,London,4,,,Frontierland,Rancho Del Zocalo Restaurante [REF],,, 5:01.565,Nicola Hall,4,The album track runs about 5-6 millisecs. slower than the loop track.
Habanera,Day's End (Al Fin Del Día): The Soft Sounds of Spanish Guitar,,London,9,,,Frontierland,Rancho Del Zocalo Restaurante [REF],,, 3:34.590,William Gómez,9,
5 Preludios,Day's End (Al Fin Del Día): The Soft Sounds of Spanish Guitar,,London,12,,,Frontierland,Rancho Del Zocalo Restaurante [REF],,,5:35.541,Eduardo Fernández,12,"These are: 1) Preludio No. 6 en re menor 2) Preludio No. 15 en la menor 3) Preludio No. 5 en sol 4) Preludio No. 16 en sol 5) Prelude, for guitar in E major (Andante Sostenuto). The album track runs about 5 millisecs. slower than the loop track."
La maja de Goya,Day's End (Al Fin Del Día): The Soft Sounds of Spanish Guitar,,London,8,,,Frontierland,Rancho Del Zocalo Restaurante [REF],,, 4:42.916,John Williams,8,The album track runs about 5 millisecs. slower than the loop track.
Cádiz (Saeta) from Suite española Op. 47,Day's End (Al Fin Del Día): The Soft Sounds of Spanish Guitar,,London,16,,,Frontierland,Rancho Del Zocalo Restaurante [REF],,, 4:08.734,Eduardo Fernández,16,
Estudio sin luz,Day's End (Al Fin Del Día): The Soft Sounds of Spanish Guitar,,London,15,,,Frontierland,Rancho Del Zocalo Restaurante [REF],,, 2:45.945,Eduardo Fernández,15,The album track runs over 2 millisecs. slower than the loop track.
Sonatina - II. Andante,Day's End (Al Fin Del Día): The Soft Sounds of Spanish Guitar,,London,10,,,Frontierland,Rancho Del Zocalo Restaurante [REF],,, 4:00.648,Eduardo Fernández,10,The album track runs about 4 millisecs. slower than the loop track. The last 16.874 of the album track is deleted; the result is that the very last note is not played.
Lágrima,Day's End (Al Fin Del Día): The Soft Sounds of Spanish Guitar,,London,7,,,Frontierland,Rancho Del Zocalo Restaurante [REF],,, 1:52.844,Timothy Walker,7,0.195 secs. of silence was deleted between 45.173 secs. and 45.368 secs. on the album track.
Polka Medley: Good King Wenceslas/Under The Double Eagle/Redwing/Golden Slippers,Cowboy Christmas,,Warner Bros. Records,11,,Christmas,Frontierland,"Big Thunder Ranch Holiday, Santa's Reindeer Roundup",,,1:43.815,Michael Martin Murphey,8,Album track is around 0.298 secs. faster than the recording
Two-Step Medley: Cotton-Eyed Joe/Deck The Halls/Buffalo Gals/Soldier's Joy/The Girl I Left Behind Me/Deck The Halls,Cowboy Christmas,,Warner Bros. Records,15,,Christmas,Frontierland,"Big Thunder Ranch Holiday, Santa's Reindeer Roundup",,,1:53.338,Michael Martin Murphey,12,"Loop track starts at 0:01.222 of album track, album track is around 0.269 secs. faster than the recording"
Deck The Halls,An Old Fashioned Christmas,,,2,,Christmas,Frontierland,"Big Thunder Ranch Holiday, Santa's Reindeer Roundup",,,1:28.273,The Trail Band,3,
Here Comes Santa Claus,Rudolph The Red Nosed Reindeer and other Christmas Classics,,Columbia/Legacy,1,,Christmas,Frontierland,"Big Thunder Ranch Holiday, Santa's Reindeer Roundup",,,2:28.829,Gene Autry,5,Album track is around 0.168 secs. faster than the recording
The Santa Claus Schottische: Up on The House Top/The Sweetheart Schottische/Oh Susannah/Up On The House Top,Cowboy Christmas,,Warner Bros. Records,13,,Christmas,Frontierland,"Big Thunder Ranch Holiday, Santa's Reindeer Roundup",,,1:18.559,Michael Martin Murphey,13,Album track is around 0.254 secs. faster than the recording
Christmas Carols By The Old Corral,"""A Cowboy Christmas"" compilation",,Scotti Bros. Records,4,,Christmas,Frontierland,"Big Thunder Ranch Holiday, Santa's Reindeer Roundup",,,2:31.236,Tex Ritter,9,Album track is around 0.455 secs. faster than the recording
Christmas On The Plains,"""A Cowboy Christmas"" compilation",,Scotti Bros. Records,1,,Christmas,Frontierland,"Big Thunder Ranch Holiday, Santa's Reindeer Roundup",,,2:31.568,Roy Rogers and Dale Evans,2,Album track is around 0.482 secs. faster than the recording
A Root'n Toot'n Santa Claus,"""A Cowboy Christmas"" compilation",,Scotti Bros. Records,6,,Christmas,Frontierland,"Big Thunder Ranch Holiday, Santa's Reindeer Roundup",,,1:48.879,Tennessee Ernie Ford,11,Album track is around 0.326 secs. faster than the recording
Christmas Cowboy Style,Cowboy Christmas,,Warner Bros. Records,12,,Christmas,Frontierland,"Big Thunder Ranch Holiday, Santa's Reindeer Roundup",,,3:06.936,Michael Martin Murphey,7,
Auld Lang Syne,Christmas on the Mountain: A Bluegrass Christmas,,,,,Christmas,Frontierland,"Big Thunder Ranch Holiday, Santa's Reindeer Roundup",,,2:44.632,The Groove Grass Boyz,4,
Waltz Medley: O Christmas Tree (O Tannenbaum)/Put Your Little Foot (The Varsouvianna)/The Westfalia Waltz/Over The Waves (The Skaters' Waltz)/O Christmas Tree,Cowboy Christmas,,Warner Bros. Records,17,,Christmas,Frontierland,"Big Thunder Ranch Holiday, Santa's Reindeer Roundup",This loop played at Santa's Reindeer Round-up at Big Thunder Ranch in Frontierland. Loop compiled by pixelated from a reference recording ca. 2008. See MouseBits: https://mousebits.com/smf/index.php?topic=3860.msg26197#msg26197.,00:27:46.621,2:27.436,Michael Martin Murphey,1,Album track is around 0.458 secs. faster than the recording
Sleigh Ride,Christmas Remembered,,,,,Christmas,Frontierland,"Big Thunder Ranch Holiday, Santa's Reindeer Roundup",,,3:01.320,Banjomania,6,
Jingle Bells,Merry Christmas From Harmony Ranch,,,,,Christmas,Frontierland,"Big Thunder Ranch Holiday, Santa's Reindeer Roundup",,,00:41.794,Riders In The Sky,10,Edited (edit points unknown)
Sleigh Ride,Christmas Remembered,,Banjomania,,,Christmas,Frontierland,Frontierland Holiday [REF],"This is a verified track list for the general Frontierland holiday loop, first heard in 2009 and still in use as of 2025. Tracklist compiled by pixelated based on a 2009 recording. See MouseBits: https://mousebits.com/smf/index.php?topic=4845.msg47143#msg47143 (2010).",00:36:19.515,3:06.497,Banjomania,1,Starts with ~3 sec. silent gap. The loop track starts at around 2.457 secs. of the album track. The album track starts with hoofbeats at a very low volume (below -40 dB) for about the first 3 secs. but the earliest hoofbeat I can see in the loop track's sonogram places the start about 2.5 secs. into the album track. The loop track runs 0.009 secs. faster than the album track.
Silent Night,Christmas Pianos (LP),,,,,Christmas,Frontierland,Frontierland Holiday [REF],,,2:33.744,The Nashville Keyboard Section,2,
Let It Snow!,Christmas Remembered,,Banjomania,,,Christmas,Frontierland,Frontierland Holiday [REF],,,3:08.400,Banjomania,6,The loop track runs 0.009 secs. faster than the album track.
Good King Wenceslas,Christmas Remembered,,Banjomania,,,Christmas,Frontierland,Frontierland Holiday [REF],,,2:20.669,Banjomania,4,The loop track runs 0.033 secs. faster than the album track.
I Saw Three Ships,Christmas Remembered,,Banjomania,,,Christmas,Frontierland,Frontierland Holiday [REF],,,1:30.067,Banjomania,13,The loop track runs 0.005 secs. faster than the album track.
God Rest Ye Merry Gentlemen,Christmas Remembered,,Banjomania,,,Christmas,Frontierland,Frontierland Holiday [REF],,,1:59.889,Banjomania,9,"The loop track starts at 16.351 secs. of the album track and starts to fade out at around 2:12.358 of the album track, fading down to complete silence in about 3 secs. The loop track runs 0.006 secs. faster than the album track."
Santa Is Comin' To Town,Christmas Remembered,,Banjomania,,,Christmas,Frontierland,Frontierland Holiday [REF],,,2:50.842,Banjomania,10,The loop track runs 0.009 secs. faster than the album track.
Christmas on the Plains,A Cowboy Christmas,,Scotti Bros. Records,,,Christmas,Frontierland,Frontierland Holiday [REF],,,2:31.639,Roy Rogers and Dale Evans,5,The loop track runs 0.007 secs. faster than the album track.
Christmas Carols by the Old Corral,A Cowboy Christmas,,Scotti Bros. Records,,,Christmas,Frontierland,Frontierland Holiday [REF],,,2:31.675,Tex Ritter,14,The loop track runs 0.007 secs. faster than the album track.
Silver Bells,Christmas Remembered,,Banjomania,,,Christmas,Frontierland,Frontierland Holiday [REF],,,2:32.441,Banjomania,7,The loop track starts at 25.245 secs. of the album track. The loop track runs 0.008 secs. faster than the album track.
It Came Upon a Midnight Clear,Christmas Pianos (LP),,,,,Christmas,Frontierland,Frontierland Holiday [REF],,,1:55.817,The Nashville Keyboard Section,11,
Parade of the Wooden Soldiers,Christmas Remembered,,Banjomania,,,Christmas,Frontierland,Frontierland Holiday [REF],,,2:50.633,Banjomania,15,The loop track runs 0.009 secs. faster than the album track.
Here Comes Santa Claus,Rudolph The Red Nosed Reindeer and other Christmas Classics,,Columbia Records/Legacy Recordings,,,Christmas,Frontierland,Frontierland Holiday [REF],,,2:29.908,Gene Autry,8,"The loop track runs 0.315 secs. faster than the album track, which runs 2:32.800. 3/10ths of a sec. is a significant difference; the album I have is the 2003 remastered release so other releases of this track may be faster."
A Root'n Toot'n Santa Claus,A Cowboy Christmas,,Scotti Bros. Records,,,Christmas,Frontierland,Frontierland Holiday [REF],,,1:49.089,Tennessee Ernie Ford,3,The loop track runs 0.005 secs. faster than the album track.
It's Beginning to Look A Lot Like Christmas,Christmas Remembered,,Banjomania,,,Christmas,Frontierland,Frontierland Holiday [REF],,,2:05.187,Banjomania,12,"The loop track starts at 58.493 secs. of the album track and ends at or before 3:02.288 of the loop track, before the drum beats start. The loop track runs 0.006 secs. faster than the album track."
Maggie Murphy's Home,Come To The Fair: Old Time Wurlitzer Carousel Music Vol. 1,,,,,Halloween,Frontierland,Big Thunder Ranch Halloween Carnival,,,00:02:35.075,,6,
Ben Hur Chariot Race,Come To The Fair: Old Time Wurlitzer Carousel Music Vol. 1,,,,,Halloween,Frontierland,Big Thunder Ranch Halloween Carnival,,,00:03:22.855,,14,
Boston Commandry,Come To The Fair: Old Time Wurlitzer Carousel Music Vol. 1,,,,,Halloween,Frontierland,Big Thunder Ranch Halloween Carnival,,,00:02:19.545,,15,The loop track starts at 00:00:04.447 of the album track (before the playrate change) to skip over the opening flourish of organ and drums.
Hands Across The Sea,Come To The Fair: Old Time Wurlitzer Carousel Music Vol. 1,,,,,Halloween,Frontierland,Big Thunder Ranch Halloween Carnival,"The loop played at the Big Thunder Ranch Halloween Carnival, and was first used in 2012 at the carnival debut. All tracks are from the same album, and have been sped up by using a playrate of 1.0059. Individual track lengths are measured from the start of that track to the start of the following track, so any gap between tracks is included in that time. See MouseBits: https://mousebits.com/smf/index.php?topic=8711.msg82713#msg82713 (2014). ",00:39:39.163,00:01:34.913,,1,Starts with 1.7 second silent gap.
Come Take A Trip In My Airship,Come To The Fair: Old Time Wurlitzer Carousel Music Vol. 1,,,,,Halloween,Frontierland,Big Thunder Ranch Halloween Carnival,,,00:02:19.357,,13,
With Trumpet and Sword,Come To The Fair: Old Time Wurlitzer Carousel Music Vol. 1,,,,,Halloween,Frontierland,Big Thunder Ranch Halloween Carnival,,,00:02:03.686,,7,
Tesora Mio,Come To The Fair: Old Time Wurlitzer Carousel Music Vol. 1,,,,,Halloween,Frontierland,Big Thunder Ranch Halloween Carnival,,,00:02:50.004,,8,
Hula Lou,Come To The Fair: Old Time Wurlitzer Carousel Music Vol. 1,,,,,Halloween,Frontierland,Big Thunder Ranch Halloween Carnival,,,00:02:01.457,,9,
Impassioned Dream,Come To The Fair: Old Time Wurlitzer Carousel Music Vol. 1,,,,,Halloween,Frontierland,Big Thunder Ranch Halloween Carnival,,,00:03:05.000,,10,
Our Director,Come To The Fair: Old Time Wurlitzer Carousel Music Vol. 1,,,,,Halloween,Frontierland,Big Thunder Ranch Halloween Carnival,,,00:03:32.808,,5,
Over The Waves,Come To The Fair: Old Time Wurlitzer Carousel Music Vol. 1,,,,,Halloween,Frontierland,Big Thunder Ranch Halloween Carnival,,,00:03:09.392,,12,
Helena Polka,Come To The Fair: Old Time Wurlitzer Carousel Music Vol. 1,,,,,Halloween,Frontierland,Big Thunder Ranch Halloween Carnival,,,00:03:08.723,,11,
Little Annie Rooney,Come To The Fair: Old Time Wurlitzer Carousel Music Vol. 1,,,,,Halloween,Frontierland,Big Thunder Ranch Halloween Carnival,,,00:03:30.920,,2,
Just Like A Butteryfly,Come To The Fair: Old Time Wurlitzer Carousel Music Vol. 1,,,,,Halloween,Frontierland,Big Thunder Ranch Halloween Carnival,,,00:02:10.535,,3,
After The Ball,Come To The Fair: Old Time Wurlitzer Carousel Music Vol. 1,,,,,Halloween,Frontierland,Big Thunder Ranch Halloween Carnival,,,00:01:55.018,,4,
Santa Claus is Comin' to Town,Crescent City Christmas,,GHB Records,1,,Christmas,Frontierland,Rivers of America Holiday v.1 [REF],,,02:03.430,Lars Edegran & His Santa Claus Revelers,2,"The loop track starts at 00:00:00.294 of the album track.  The section of the album track between 00:00:41.085 and 00:01:40.955 and the section between 00:02:21.203 and 00:03:28.551 are deleted to remove vocals.  This loop track has a section that repeats part of the album track.
The loop track is assembled from these sections of the album track in the order listed:
    00:00:00.294 to 00:00:41.085
    00:01:40.955 to 00:02:21.203
    00:00:00.380 to 00:00:41.107  <- repeated section
    00:03:28.551 to 00:03:30.215"
Let It Snow! Let It Snow! Let It Snow!,Crescent City Christmas,,GHB Records,13,,Christmas,Frontierland,Rivers of America Holiday v.1 [REF],,,02:00.430,Lars Edegran & His Santa Claus Revelers,4,The loop track starts at 00:00:00.355 of the album track. The section of the album track between 00:01:19.932 and 00:01:56.923 is deleted to omit the breakdown.
I Saw Mommy Kissing Santa Claus,Christmas Time with Magnolia Jazzband,,GHB Records,8,,Christmas,Frontierland,Rivers of America Holiday v.1 [REF],,,02:44.485,Magnolia Jazzband,11,"The TOC (Table Of Contents) on pixelated’s copy of the CD has an incorrect starting address for this track so a ripped track is missing some audio at its beginning.  I.e., the first ~0.170 secs. of the album track are actually at the end of the preceding album track, ""Mitt Hjerte Alltid Vanker"".  The following album track time indices are based on a repaired track that was created by adding the last 0.200 secs. of ""Mitt Hjerte Alltid Vanker"" to the beginning of ""I Saw Mommy Kissing Santa Claus"".
The loop track starts at 00:00:00.026 of the repaired album track.  The section of the album track between 00:01:31.223 and 00:03:22.595 is deleted to remove applause and the loop track ends at 00:04:35.885 of the album track to omit a final drum & cymbal hit and applause."
It Came Upon the Midnight Clear,Crescent City Christmas,,GHB Records,15,,Christmas,Frontierland,Rivers of America Holiday v.1 [REF],"This loop started playing in 2008 on the Rivers of America and was retired at the end of the 2014 holiday season. It likely also played in New Orleans on Royal Street during at least the 2007 holiday season, but whether it was this specific loop is unverified. See MouseBits, https://forums.mousebits.com/threads/roa-xmas-music.3350/post-22113, https://community.magicmusic.net/threads/dl-holiday-loops.3986/post-28791, https://community.magicmusic.net/threads/disneyland-esplanade-christmas-music-loop-2008.3981/post-30520, https://forums.mousebits.com/threads/dl-holiday-music.2428/post-15361, https://forums.mousebits.com/threads/the-dl-christmas-loop-thread.4845/post-35476. Individual track lengths are measured from the start of that track to the start of the following track, so any gap between tracks is included in that time. See MouseBits for edit point samples, https://mousebits.com/smf/index.php?topic=8247.msg84350#msg84350 (2014). Edit point samples are available in the post.",00:35:42.374,03:51.556,Lars Edegran & His Santa Claus Revelers,1,Starts with a ~5.3 second silent gap.
Jingle Bells,Winter Wonderland,,Stop Time Records,9,,Christmas,Frontierland,Rivers of America Holiday v.1 [REF],,,02:05.939,The Side Street Strutters Jazz Band,6,The loop track starts at 00:00:00.296 of the album track.  The section of the album track between 00:01:20.609 and 00:03:11.229 is deleted to omit part of the horn solos.
Frosty the Snowman,Winter Wonderland,,Stop Time Records,12,,Christmas,Frontierland,Rivers of America Holiday v.1 [REF],,,02:35.290,The Side Street Strutters Jazz Band,7,The loop track starts at 00:00:35.565 of the album track. The loop track ends at 00:03:10.750 of the album track to omit the last note from the tuba.
Silver Bells,Crescent City Christmas,,GHB Records,4,,Christmas,Frontierland,Rivers of America Holiday v.1 [REF],,,03:42.504,Lars Edegran & His Santa Claus Revelers,3,
Rudolph the Red Nosed Reindeer,Winter Wonderland,,Stop Time Records,10,,Christmas,Frontierland,Rivers of America Holiday v.1 [REF],,,02:59.762,The Side Street Strutters Jazz Band,5,The loop track starts at 00:00:27.967 of the album track. The section of the album track between 00:00:31.080 and 00:01:08.606 is deleted. The loop track stops at 00:04:05.255 of the album track to omit the drum hits at the very end of the track. The end of the loop track continues to hold that last note from the end of the edited album track for an additional ~0.2 secs. before the following track starts. Not sure how or why this is there since it's not accounted for by just assembling the edited source tracks together.
The Twelve Days of Christmas,Gumbo Christmas,,Summit Records,14,,Christmas,Frontierland,Rivers of America Holiday v.1 [REF],,,01:01.528,The Dixieland Ramblers,13,"The loop track has several edits; the first edit skips over the opening cymbal taps and another edit removes the vocals but the reasons for the others are not clear so I'm just going to list the edit points.  This loop track also has a section that repeats part of the album track.
The loop track is assembled from these sections of the album track in the order listed:
    00:00:02.851 to 00:00:15.802
    00:00:17.217 to 00:00:20.244
    00:00:08.071 to 00:00:31.421  <- repeated section
    00:01:29.393 to 00:01:51.593"
I'll Be Home for Christmas,Christmas Time with Magnolia Jazzband,,GHB Records,4,,Christmas,Frontierland,Rivers of America Holiday v.1 [REF],,,02:19.006,Magnolia Jazzband,9,The loop track starts at 00:00:05.344 of the album track to skip over applause. The section of album track between 00:02:03.534 and 00:03:41.265 is deleted to remove applause. The loop track ends at 00:04:01.745 of the album track with a ~1 sec. fade to complete silence to omit applause.
Jingle Bells,Christmas with Travelin' Light,,GHB Records,3,,Christmas,Frontierland,Rivers of America Holiday v.1 [REF],,,03:44.058,Travelin' Light,10,The loop track starts at 00:00:00.190 of the album track. The section of the album track between 00:02:55.757 and 00:03:56.328 is deleted to omit a slower tempo part of the breakdown.
Joy to the World,Crescent City Christmas,,GHB Records,6,,Christmas,Frontierland,Rivers of America Holiday v.1 [REF],,,02:43.445,Lars Edegran & His Santa Claus Revelers,12,"The loop track starts at 00:00:00.519 of the album track.  The section of the album track between 00:00:28.565 and 00:01:13.802 is deleted to omit vocals.  This loop track also has a section that repeats part of the album track.  The section of album track from 00:03:05.362 to the end is replaced by the section of album track between 00:00:05.123 and 00:00:28.565 to omit vocals.  The track ends with a ~1 sec. exponential fade out to near silence.
The loop track is assembled from these sections of the album track in the order listed:
    00:00:00.519 to 00:00:28.565
    00:01:13.802 to 00:03:05.362
    00:00:05.123 to 00:00:28.565  <- repeated section"
O' Tannenbaum,Christmas Time with Magnolia Jazzband,,GHB Records,12,,Christmas,Frontierland,Rivers of America Holiday v.1 [REF],,,03:50.934,Magnolia Jazzband,8,The loop track starts at 00:00:00.340 of the album track. The section of the album track between 00:02:17.124 and 00:05:01.001 is deleted to omit the horn and piano solos. The loop track ends at 00:06:34.710 of the album track to omit the applause.
Give Him Cornbread,Zydeco's Greatest Hits,,,,,,New Orleans Square,French Market Patio,"This Zydeco loop previously played at the French Market patio between live music sets. It was replaced by the Tiana’s Palace exterior loop in 2023. See MouseBits: https://mousebits.com/smf/index.php?topic=7140.msg60808#msg60808 (2012). Individual track lengths are measured from the start of that track to the start of the following track, so any gap between tracks is included in that time. The latest tracks in the loop date to 1996, which is the earliest the loop would have been installed.",1:02:10.643,4:52.998,Beau Jocque & the Zydeco Hi-Rollers,1,Starts with a 1.8 sec. silent gap
Follow Me Chicken,Zydeco's Greatest Hits,,,,,,New Orleans Square,French Market Patio,,,3:59.634,Nathan & the Zydeco Cha Chas,11,
Le Jig Francais,Bayou Deluxe: The Best of Michael Doucet & Beausoleil,,Rhino Records,,,,New Orleans Square,French Market Patio,,,4:36.751,"BeauSoleil, Michael Doucet",15,
J'Ai Eté Au Zydeco (I Went To The Zydeco),Allons a Lafayette & More,,,,,,New Orleans Square,French Market Patio,,,4:57.327,"BeauSoleil, Canray Fontenot",16,
Your Mama Don't Know,Zydeco's Greatest Hits,,,,,,New Orleans Square,French Market Patio,,,4:34.009,Nathan & the Zydeco Cha Chas,2,
Chere Mama,Lisa Haley & the Zydekats,,,,,,New Orleans Square,French Market Patio,,,4:05.537,Lisa Haley & the Zydekats,7,
Coeur des Cajuns (Heart of the Cajuns),Coeur des Cajuns,,,,,,New Orleans Square,French Market Patio,,,2:56.543,Bruce Daigrepont,5,
Hot Tamale Baby,Zydeco's Greatest Hits,,,,,,New Orleans Square,French Market Patio,,,2:54.316,Clifton Chenier,6,
Les Grands Bois,Cajun Life,,,,,,New Orleans Square,French Market Patio,,,2:56.478,Jo-El Sonnier,4,
Let the Good Times Roll,Buckwheat’s Zydeco Party,,,,,,New Orleans Square,French Market Patio,,,4:57.295,Buckwheat Zydeco,14,
Zydeco Pas Salee,Lisa Haley & the Zydekats,,,,,,New Orleans Square,French Market Patio,,,4:19.422,Lisa Haley & the Zydekats,3,
Canray's Contredanse,Hot Chili Mama,,,,,,New Orleans Square,French Market Patio,,,2:00.275,"BeauSoleil, Michael Doucet",13,
Outside People,Bayou Dance Party,,,,,,New Orleans Square,French Market Patio,,,3:42.858,Nathan & the Zydeco Cha Chas,8,
I Gotta Secret,Lisa Haley & the Zydekats,,,,,,New Orleans Square,French Market Patio,,,3:21.250,Lisa Haley & the Zydekats,10,
Zydeco Gris-Gris,Bayou Dance Party,,,,,,New Orleans Square,French Market Patio,,,3:37.318,BeauSoleil,9,
La Point-au-Pic,Bayou Dance Party,,,,,,New Orleans Square,French Market Patio,,,4:18.622,Steve Riley & The Mamou Playboys,12,
Carol of the Bells,Haunted Mansion Holiday Seance Room [original Goodwin; Unreleased],,,,,"Christmas, Halloween",New Orleans Square,French Market Patio Holiday,This tracklist played in the French Market seating area during the holiday season. Preliminary track list compiled by pixelated based on a 2011 reference recording. See MouseBits: https://mousebits.com/smf/index.php?topic=4845.msg47961#msg47961 (2011). The initial post also has edit points for all tracks. Track 13 was identified in this post: https://mousebits.com/smf/index.php?topic=6912.msg60609#msg60609 (2012). All HMH tracks appear to be from the original 2001 Goodwin score.,00:55:56.653,2:05.680,,1,
Carol of the Bells,Haunted Mansion Holiday Ballroom [original Goodwin; Unreleased],,,,,"Christmas, Halloween",New Orleans Square,French Market Patio Holiday,,,1:07.900,,9,
Haunted Mansion Holiday Foyer Music [no vocals],Haunted Mansion Holiday Foyer [original Goodwin; Unreleased],,,,,"Christmas, Halloween",New Orleans Square,French Market Patio Holiday,,,1:13.747,,5,
Etiquette Lesson,Edward Scissorhands,,,8,,"Christmas, Halloween",New Orleans Square,French Market Patio Holiday,,,1:32.193,,10,
Young Ichabod,Sleepy Hollow,,,3,,"Christmas, Halloween",New Orleans Square,French Market Patio Holiday,,,1:15.567,,8,
Jack and Sally Montage,Tim Burton's The Nightmare Before Christmas,,,8,,"Christmas, Halloween",New Orleans Square,French Market Patio Holiday,,,5:14.718,,11,
The Final Confrontation,Edward Scissorhands,,,13,,"Christmas, Halloween",New Orleans Square,French Market Patio Holiday,,,2:15.992,,14,
Introduction (Titles),Edward Scissorhands,,,,,"Christmas, Halloween",New Orleans Square,French Market Patio Holiday,,,2:12.799,,2,
Introduction,Sleepy Hollow,,,1,,"Christmas, Halloween",New Orleans Square,French Market Patio Holiday,,,1:12.556,,4,Cut short/edited [edit points unknown]
Doctor Finklestein/In the Forest,Tim Burton's The Nightmare Before Christmas,,,5,,"Christmas, Halloween",New Orleans Square,French Market Patio Holiday,,,2:33.193,,7,
End Credits,Sleepy Hollow,,,19,,"Christmas, Halloween",New Orleans Square,French Market Patio Holiday,,,3:00.813,,12,
"We Wish You a Scary Christmas [intro vocal, solo cello w/reverb]",Haunted Mansion Holiday Unload Area [original Goodwin; Unreleased],,,,,"Christmas, Halloween",New Orleans Square,French Market Patio Holiday,,,1:09.621,,13,
Castle On The Hill,Edward Scissorhands,,,3,,"Christmas, Halloween",New Orleans Square,French Market Patio Holiday,,,6:19.207,,6,
Jenny's Theme,Big Fish,,,22,,"Christmas, Halloween",New Orleans Square,French Market Patio Holiday,,,1:38.272,,15,
Overture,Tim Burton's The Nightmare Before Christmas,,,1,,"Christmas, Halloween",New Orleans Square,French Market Patio Holiday,,,1:44.581,,3,
The End,Edward Scissorhands,,,16,,"Christmas, Halloween",New Orleans Square,French Market Patio Holiday,,,4:36.613,,19,
Nabbed,Tim Burton's The Nightmare Before Christmas,,,12,,"Christmas, Halloween",New Orleans Square,French Market Patio Holiday,,,3:01.967,,16,
End Title,Tim Burton's The Nightmare Before Christmas,,,20,,"Christmas, Halloween",New Orleans Square,French Market Patio Holiday,,,5:02.375,,20,
Christmas Eve Montage,Tim Burton's The Nightmare Before Christmas,,,15,,"Christmas, Halloween",New Orleans Square,French Market Patio Holiday,,,4:41.795,,18,
To the Rescue,Tim Burton's The Nightmare Before Christmas,,,17,,"Christmas, Halloween",New Orleans Square,French Market Patio Holiday,,,3:36.848,,17,
"Haunted Mansion, ‘Graveyard Music’",Disneyland Forever,,,,,,New Orleans Square,"Le Bat en Rouge, Port Royal Curios and Curiosities","This loop plays in Port Royal, in the corner spot formerly housed by Le Bat en Rouge. It is composed of only two tracks. See MouseBits, https://mousebits.com/smf/index.php?topic=9027.msg86133#msg86133.",~00:02:35.996,00:59.883,,1,"note, crossfade out at 0:59.336

AKA Swinging Wake - The Haunted Mansion [2009]"
Jingle Bells,A New Orleans Christmas,,NYNO Records,,,Christmas,"Frontierland, New Orleans Square","Rivers of America Holiday v.2, The Blue Bayou Restaurant Holiday","This loop played in the Blue Bayou Restaurant (as of 2011 or earlier) and on the Riverfront of the Rivers of America (as of 2015, replacing a slightly different, shorter version). It is identical to the Tokyo Disneyland Royal Street holiday loop. The Blue Bayou holiday loop seems to have been replaced by the regular loop as of 2024. See MouseBits: https://mousebits.com/smf/index.php?topic=6912.msg58625#msg58625, https://mousebits.com/smf/index.php?topic=9114.msg86662#msg86662, and https://mousebits.com/smf/index.php?topic=9141.msg86828#msg86828. The https://forums.mousebits.com/threads/disneyland-resort-christmas-loops-2-0.6912/post-58625 was posted in 2011 by wedroy1923.",00:42:54.499,,New Birth Brass Band,1,
I Saw Mommy Kissing Santa Claus,Christmas Time with Magnolia Jazzband,,GHB Records,,,Christmas,"Frontierland, New Orleans Square","Rivers of America Holiday v.2, The Blue Bayou Restaurant Holiday",,,,Magnolia Jazzband,10,"Edited to include 00:00:00-01:31:00, 03:22:50-04:36:75"
God Rest Ye Merry Gentlemen,Crescent City Christmas,,GHB Records,,,Christmas,"Frontierland, New Orleans Square","Rivers of America Holiday v.2, The Blue Bayou Restaurant Holiday",,,,Lars Edegran & His Santa Claus Revelers,7,"Edited to include 00:00:00-00:28:00, 00:53:75-01:44:00, 02:07:50-End"
Let It Snow,Christmas Time with Magnolia Jazzband,,GHB Records,,,Christmas,"Frontierland, New Orleans Square","Rivers of America Holiday v.2, The Blue Bayou Restaurant Holiday",,,,Magnolia Jazzband,2,Edited to include 00:06:50-01:01.32 and 3:05.511-05:05:50
Jingle Bells,Christmas with Travelin' Light,,Telarc,,,Christmas,"Frontierland, New Orleans Square","Rivers of America Holiday v.2, The Blue Bayou Restaurant Holiday",,,,Travelin' Light,9,"Edited to include 00:00:00-2:55.49, 03:56.20-end"
Winter Wonderland,A New Orleans Christmas,,NYNO Records,,,Christmas,"Frontierland, New Orleans Square","Rivers of America Holiday v.2, The Blue Bayou Restaurant Holiday",,,,Allen Toussaint,14,
Christmas in New Orleans,A New Orleans Christmas,,NYNO Records,,,Christmas,"Frontierland, New Orleans Square","Rivers of America Holiday v.2, The Blue Bayou Restaurant Holiday",,,,James Andrews,11,
Here Comes Santa Claus,Crescent City Christmas,,GHB Records,,,Christmas,"Frontierland, New Orleans Square","Rivers of America Holiday v.2, The Blue Bayou Restaurant Holiday",,,,Lars Edegran & His Santa Claus Revelers,6,
Silver Bells,Christmas Time with Magnolia Jazzband,,GHB Records,,,Christmas,"Frontierland, New Orleans Square","Rivers of America Holiday v.2, The Blue Bayou Restaurant Holiday",,,,Magnolia Jazzband,8,"Edited to include 00:04:00-02:30:50, 03:04:00-03:40:75"
Silent Night,A New Orleans Christmas,,NYNO Records,,,Christmas,"Frontierland, New Orleans Square","Rivers of America Holiday v.2, The Blue Bayou Restaurant Holiday",,,,Allen Toussaint,3,
Please Come Home for Christmas,Aaron Neville's Soulful Christmas,,A&M Records,,,Christmas,"Frontierland, New Orleans Square","Rivers of America Holiday v.2, The Blue Bayou Restaurant Holiday",,,,Aaron Neville,5,
Silent Night,Gumbo Christmas,,Summit Records,,,Christmas,"Frontierland, New Orleans Square","Rivers of America Holiday v.2, The Blue Bayou Restaurant Holiday",,,,The Dixieland Ramblers & Michael Bennett,12,
Santa Second Line,A New Orleans Christmas,,NYNO Records,,,Christmas,"Frontierland, New Orleans Square","Rivers of America Holiday v.2, The Blue Bayou Restaurant Holiday",,,,New Birth Brass Band,4,Edited to include 00:13:00-End
Louisiana Christmas Day,Aaron Neville's Soulful Christmas,,A&M Records,,,Christmas,"Frontierland, New Orleans Square","Rivers of America Holiday v.2, The Blue Bayou Restaurant Holiday",,,,Aaron Neville,13,
Kiamana Hila,Steel Guitar Magic - Hawaiian Style,1,The Mountain Apple Company,6,"March 12, 2005",,Adventureland,Tiki Room Lanai v.3,"The third, and current, installment of the Lanai loop was installed during the 2004-2005 refurbishment. This listing was compiled over on Magic Music back in 2009. See Magic Music: https://community.magicmusic.net/threads/tiki-room-lanai-music-dl.4222/ (2009). Also see MouseBits, https://mousebits.com/smf/index.php?topic=10842.msg98987#msg98987 (2022). ",Unknown,,Jack de Mello,1,
Sophisticated Hula,Steel Guitar Magic - Hawaiian Style,1,The Mountain Apple Company,14,"March 12, 2005",,Adventureland,Tiki Room Lanai v.3,,,,Jack de Mello,6,
Mekakani Kaupo,Steel Guitar Magic - Hawaiian Style,1,The Mountain Apple Company,10,"March 12, 2005",,Adventureland,Tiki Room Lanai v.3,,,,Jack de Mello,4,
Pearly Shells,Steel Guitar Magic - Hawaiian Style,1,The Mountain Apple Company,2,"March 12, 2005",,Adventureland,Tiki Room Lanai v.3,,,,Jack de Mello,3,
Lovely Hula Hands,Steel Guitar Magic - Hawaiian Style,1,The Mountain Apple Company,3,"March 12, 2005",,Adventureland,Tiki Room Lanai v.3,,,,Jack de Mello,2,
Maui Chimes,Steel Guitar Magic - Hawaiian Style,1,The Mountain Apple Company,4,"March 12, 2005",,Adventureland,Tiki Room Lanai v.3,,,,Jack de Mello,5,
Papio,Soft Sounds From The South Seas,,Dot Records,,,,Adventureland,Tiki Room Lanai v.2,"This loop played in the Tiki Room Lanai area. According to DL Flight 295, this loop was installed when Dole took over sponsorship of the Enchanted Tiki Room in 1976 and played until the 2004 rehab. Playlist based on a circulating track of unknown origin, likely a transfer from a reel-to-reel. See Magic Music: https://community.magicmusic.net/threads/tiki-room-lanai-music-dl.4222/ (2009) and MouseBits: https://mousebits.com/smf/index.php?topic=9880.msg92928#msg92928 (2018). All tracks are unedited in the loop. This loop can be found as “Pre-Show Background Music” in the Disneyland Collection torrent. Also see MouseBits, https://mousebits.com/smf/index.php?topic=10842.msg98987#msg98987 (2022). ",00:16:33,,The Royal Tahitians,1,
Awai Aulu Ke Aloha,Songs Of Hawaii,,RCA Camden,,,,Adventureland,Tiki Room Lanai v.2,,,,Leo Addeo And His Orchestra,4,
Maori Farewell Song,Hawaii,,London Records,,,,Adventureland,Tiki Room Lanai v.2,,,,Frank Chacksfield And His Orchestra,6,
Moon Over Manakoora,Hawaii,,London Records,,,,Adventureland,Tiki Room Lanai v.2,,,,Frank Chacksfield And His Orchestra,5,
Vana Vana,Soft Sounds From The South Seas,,Dot Records,,,,Adventureland,Tiki Room Lanai v.2,,,,The Royal Tahitians,2,
The Tears (Namida),Ohta San And His Ukulele,,Decca,,,,Adventureland,Tiki Room Lanai v.2,,,,Ohta San,3,
Lotus Land,Exotica,,,,,,Adventureland,Tiki Room Lanai v.1 [INC],"This loop played in the Tiki Room Lanai area. In 1963, Disneyland used a reel of Martin Denny exotica/tropical music in the garden show area. All of the Martin Denny group’s bird calls on the tracks were left intact and. Although the exact date is unclear, the music was changed to a slower set of tracks (v.2), potentially in the early 70s. Martin Denny himself has claimed to have heard his track “Lotus Land” playing. See Magic Music, https://community.magicmusic.net/threads/walt-disneys-enchanted-tiki-room.1146/#post-8084 (2003), https://community.magicmusic.net/threads/tiki-room-lanai-music-dl.4222/#post-30545 (2009), https://community.magicmusic.net/threads/frontierland-loop-question.3677/#post-25773 (2008). Also see MouseBits, https://mousebits.com/smf/index.php?topic=10842.msg98987#msg98987 (2022). ",01:20:30,,Martin Denny,,
In the Mood,Hits of '39,,,,"March 4, 1995",,Adventureland,Indiana Jones Adventure Queue,,,,Glenn Miller and his Orchestra,2,
There Goes That Song Again,,,,,"March 4, 1995",,Adventureland,Indiana Jones Adventure Queue,,,,Ginny Simms,3,
"(I've Got Spurs that) Jingle, Jangle, Jangle",,,,,"March 4, 1995",,Adventureland,Indiana Jones Adventure Queue,This is the loop that plays in the exterior queue of Indiana Jones Adventure. A separate loop of generator noise also comes from a generator. See Magic Music: https://community.magicmusic.net/threads/disneyland-music-loops.17/#post-71 (2002); and http://web.archive.org/web/20070703011709/http://disneymusicloops.tripod.com/dlr/dlr-adv-indyqueue.html. Also see MouseBits: https://mousebits.com/smf/index.php?topic=9401.msg98948#msg98948. The loop is set up like a radio program from 1939 with various news reports on Indiana Jones.,00:31:04,,Kay Kyser,1,
In a Little Spanish Town,,,,,"March 4, 1995",,Adventureland,Indiana Jones Adventure Queue,,,,Tommy Dorsey,4,
Harlem River Dance,,,,,"March 4, 1995",,Adventureland,Indiana Jones Adventure Queue,,,,Claude Hopkins,7,
Let’s Dance,,,,,"March 4, 1995",,Adventureland,Indiana Jones Adventure Queue,,,,Benny Goodman,5,
Indian Summer,Hits of '39,,,,"March 4, 1995",,Adventureland,Indiana Jones Adventure Queue,,,,Kay Kyser & Ginny Simms,6,
Radio news,,,,,"March 4, 1995",,Adventureland,Indiana Jones Adventure Queue,,,,,1.5,
Radio News,,,,,"March 4, 1995",,Adventureland,Indiana Jones Adventure Queue,,,,,8.5,
Little Brown Jug,,,,,"March 4, 1995",,Adventureland,Indiana Jones Adventure Queue,,,,Glenn Miller and his Orchestra,8,
Radio news,,,,,"March 4, 1995",,Adventureland,Indiana Jones Adventure Queue,,,,,5.5,
Moonlight Serenade,,,,,"March 4, 1995",,Adventureland,Indiana Jones Adventure Queue,,,,Glenn Miller and his Orchestra,10,
In the Shade of the Old Apple Tree,,,,,"March 4, 1995",,Adventureland,Indiana Jones Adventure Queue,,,,Claude Hopkins,9,
Treehouse Entrance: Strangers Like Me,Unreleased,,,,"June 23, 1999 → September 3, 2021",,Adventureland,Tarzan's Treehouse,"This tracklist is for the attraction music at Tarzan’s Treehouse, 1999-2021. This is not a loop that plays successively from one speaker, but rather a collection of different musical tracks that played from different segments of the treehouse as you walked through the attraction. See an interview with Tony Baxter on the attraction music: https://community.magicmusic.net/threads/tarzans-treehouse.160/#post-1162",N/A,,Andy Belling,1,Partially available as part of the Tarzan Medley available on “A Musical History of Disneyland”. This also plays throughout the tree when not viewing a specific scene.
Sabor Encounter: Two Worlds v.1,Tarzan OST,,,,"June 23, 1999 → September 3, 2021",,Adventureland,Tarzan's Treehouse,,,,,2,"Instrumental, edited portion of “Two Worlds” from the movie OST"
Sketching Room: You’ll Be in My Heart v.2,Unreleased,,,,"June 23, 1999 → September 3, 2021",,Adventureland,Tarzan's Treehouse,,,,Andy Belling,4,Partially available as part of the Tarzan Medley available on “A Musical History of Disneyland”.
Tarzan’s Room: You’ll Be in My Heart v.1,Tarzan OST,,,,"June 23, 1999 → September 3, 2021",,Adventureland,Tarzan's Treehouse,,,,,3,Edited version of the movie soundtrack
Swisskapolka,A Musical History of Disneyland,,,,"June 23, 1999 → September 3, 2021",,Adventureland,Tarzan's Treehouse,,,,,6,"Edited to be a scratchy 78rpm and skip as it “plays” from an old phonograph. "
Descent: Son of Man,Unreleased,,,,"June 23, 1999 → September 3, 2021",,Adventureland,Tarzan's Treehouse,,,,Andy Belling,5,Partially available as part of the Tarzan Medley available on “A Musical History of Disneyland”.
Base Camp: Trashin’ the Camp,Tarzan OST,,,,"June 23, 1999 → September 3, 2021",,Adventureland,Tarzan's Treehouse,,,,,7,"Instrumental, edited portion of the movie soundtrack"
Lawrence of Arabia,Unreleased,,,,"July 2, 1993",,Adventureland,Aladdin's Oasis,This loop played at Aladdin’s Oasis during the “restaurant” phase. It consisted of several popular songs played with a sitar. See Magic Music: https://community.magicmusic.net/threads/disneyland-music-loops.17/page-3#post-266,Unknown,,,1,
Dueling Banjos,Unreleased,,,,"July 2, 1993",,Adventureland,Aladdin's Oasis,,,,,2,
In The Mood,Unreleased,,,,"July 2, 1993",,Adventureland,Aladdin's Oasis,,,,,6,
Norwegian Wood,Unreleased,,,,"July 2, 1993",,Adventureland,Aladdin's Oasis,,,,,4,
Surfin’ USA,Unreleased,,,,"July 2, 1993",,Adventureland,Aladdin's Oasis,,,,,8,
"New York, New York",Unreleased,,,,"July 2, 1993",,Adventureland,Aladdin's Oasis,,,,,9,
"Sing, Sing, Sing",Unreleased,,,,"July 2, 1993",,Adventureland,Aladdin's Oasis,,,,,12,
Sweet Georgia Brown,Unreleased,,,,"July 2, 1993",,Adventureland,Aladdin's Oasis,,,,,3,
I Dream of Jeannie,Unreleased,,,,"July 2, 1993",,Adventureland,Aladdin's Oasis,,,,,10,
The Entertainer,Unreleased,,,,"July 2, 1993",,Adventureland,Aladdin's Oasis,,,,,5,
Caravan,Unreleased,,,,"July 2, 1993",,Adventureland,Aladdin's Oasis,,,,,7,Incorrectly identified in original listing as “Surfin’ USA”
As Time Goes By,We'll Meet Again: The Love Songs of World War II,,Smithsonian Records,,"June 26, 1994",,Adventureland,Jungle Cruise Queue v.2,"This version of the Jungle Cruise Queue radio played from 1992 until 2020. In 2021, the music stayed the same, but the loop changed to include radio news from “Alberta Falls” (SEA member). See https://community.magicmusic.net/threads/magic-kingdom-jungle-cruise-bgm.16/#post-70 (a misnomer) and MouseBits: https://mousebits.com/smf/index.php?topic=9756.msg91954#msg91954. This playlist was compiled from a source recording. All of songs in the loop seemed to be EQed to reduce bass and treble significantly.","00:58:12.115

(updated version is also ~58 min long)",,Adelaide Hall,1,Begins with radio news chatter.
Sentimental Journey,We'll Meet Again: The Love Songs of World War II,,Smithsonian Records,,"June 26, 1994",,Adventureland,Jungle Cruise Queue v.2,,,,The Merry Macs,3,
Moonglow,After You've Gone (The Original Benny Goodman Trio And Quartet Sessions - Vol. 1),,Bluebird,,"June 26, 1994",,Adventureland,Jungle Cruise Queue v.2,,,,Benny Goodman and His Orchestra,2,Radio news plays after this track
Deep Purple,"Camel Caravan Broadcasts 1939, Vol. II",,Phontastic,,"June 26, 1994",,Adventureland,Jungle Cruise Queue v.2,,,,"Martha Tilton, Benny Goodman and His Orchestra",5,
Intermezzo,We'll Meet Again: The Love Songs of World War II,,Smithsonian Records,,"June 26, 1994",,Adventureland,Jungle Cruise Queue v.2,,,,Glenn Miller Orchestra,4,"Radio interference / jungle sounds play in the middle of this track, and also play directly after this track."
Moon Over Burma,We'll Meet Again: The Love Songs of World War II,,Smithsonian Records,,"June 26, 1994",,Adventureland,Jungle Cruise Queue v.2,,,,Dorothy Lamour,6,Radio interference occurs during this track.
Flamingo,We'll Meet Again: The Love Songs of World War II,,Smithsonian Records,,"June 26, 1994",,Adventureland,Jungle Cruise Queue v.2,,,,"Duke Ellington, Herb Jeffries",7,Radio news is played directly after this track.
Moonlight Serenade,A Memorial,,Bluebird,,"June 26, 1994",,Adventureland,Jungle Cruise Queue v.2,,,,Glenn Miller Orchestra,15,"Radio news is heard directly following this track. Only verified track with 30 second sample, so may not be exact source track."
Moonlight on the Ganges,We'll Meet Again: The Love Songs of World War II,,Smithsonian Records,,"June 26, 1994",,Adventureland,Jungle Cruise Queue v.2,,,,Tommy Dorsey,13,"Radio interference and jungle sounds are played during this track, and radio news is heard directly following it."
Goodnight Wherever You Are,We'll Meet Again: The Love Songs of World War II,,Smithsonian Records,,"June 26, 1994",,Adventureland,Jungle Cruise Queue v.2,,,,"Helen Claire, Harry Leader",12,
"Sing, Sing, Sing","Sing, Sing, Sing",,Bluebird,,"June 26, 1994",,Adventureland,Jungle Cruise Queue v.2,,,,Benny Goodman and His Orchestra,9,First drum hit is edited out. The two tracks were out of sync by approximately 0.03 seconds at the end of the song but still seems to be the most plausible option.
On a Slow Boat to China,Best Of The Big Bands,,Columbia,,"June 26, 1994",,Adventureland,Jungle Cruise Queue v.2,,,,Kay Kyser,8,
I’ll Be Seeing You,We'll Meet Again: The Love Songs of World War II,,Smithsonian Records,,"June 26, 1994",,Adventureland,Jungle Cruise Queue v.2,,,,"Julie Dawn, Carroll Gibbons, Savoy Hotel Orpheans",10,Radio news plays directly after this track.
Someone's Rocking My Dream Boat,We'll Meet Again: The Love Songs of World War II,,Smithsonian Records,,"June 26, 1994",,Adventureland,Jungle Cruise Queue v.2,,,,The Ink Spots,14,
When Buddha Smiles,"Camel Caravan Broadcasts 1939, Vol. II",,Phontastic,,"June 26, 1994",,Adventureland,Jungle Cruise Queue v.2,,,,Benny Goodman and His Orchestra,11,Radio interference and jungle sounds are played during this track.
The Bare Necessities,Unreleased,,,,"January 1, 2005",,Fantasyland,"Fantasyland Band Organ v.2, King Arthur Carrousel v.2","This loop began playing at King Arthur’s Carrousel around 2005. Tracklist compiled by pixelated based on a 2011 reference recording. See MouseBits, https://mousebits.com/smf/index.php?topic=6421.msg51539#msg51539 (2011), https://mousebits.com/smf/index.php?topic=8018.msg72396#msg72396 (2013) and https://mousebits.com/smf/index.php?topic=6997.msg58880#msg58880 (2012).",00:48:29.421,,,1,Starts with 2 sec. silent gap
Beauty and the Beast,Unreleased,,,,"January 1, 2005",,Fantasyland,"Fantasyland Band Organ v.2, King Arthur Carrousel v.2",,,,,2,
Who's Afraid of the Big Bad Wolf?,Unreleased,,,,"January 1, 2005",,Fantasyland,"Fantasyland Band Organ v.2, King Arthur Carrousel v.2",,,,,3,
Part of Your World,Unreleased,,,,"January 1, 2005",,Fantasyland,"Fantasyland Band Organ v.2, King Arthur Carrousel v.2",,,,,20,
You've Got a Friend in Me,Unreleased,,,,"January 1, 2005",,Fantasyland,"Fantasyland Band Organ v.2, King Arthur Carrousel v.2",,,,,5,
Bibbidi-Bobbidi-Boo,Unreleased,,,,"January 1, 2005",,Fantasyland,"Fantasyland Band Organ v.2, King Arthur Carrousel v.2",,,,,11,
Chim Chim Cher-ee,Unreleased,,,,"January 1, 2005",,Fantasyland,"Fantasyland Band Organ v.2, King Arthur Carrousel v.2",,,,,4,
Whistle While You Work,Unreleased,,,,"January 1, 2005",,Fantasyland,"Fantasyland Band Organ v.2, King Arthur Carrousel v.2",,,,,15,
Supercalifragilisticexpialidocious,Unreleased,,,,"January 1, 2005",,Fantasyland,"Fantasyland Band Organ v.2, King Arthur Carrousel v.2",,,,,14,
You Can Fly! You Can Fly! You Can Fly!,Unreleased,,,,"January 1, 2005",,Fantasyland,"Fantasyland Band Organ v.2, King Arthur Carrousel v.2",,,,,16,
Once Upon a Dream,Disneyland Resort Remember the Moments: A Magical Souvenir [2006],,Walt Disney Records,,"January 1, 2005",,Fantasyland,"Fantasyland Band Organ v.2, King Arthur Carrousel v.2",,,,,10,
A Whole New World,Unreleased,,,,"January 1, 2005",,Fantasyland,"Fantasyland Band Organ v.2, King Arthur Carrousel v.2",,,,,23,
Heigh-Ho,Unreleased,,,,"January 1, 2005",,Fantasyland,"Fantasyland Band Organ v.2, King Arthur Carrousel v.2",,,,,13,
Be Our Guest,Unreleased,,,,"January 1, 2005",,Fantasyland,"Fantasyland Band Organ v.2, King Arthur Carrousel v.2",,,,,21,
The Work Song (Cinderella),Unreleased,,,,"January 1, 2005",,Fantasyland,"Fantasyland Band Organ v.2, King Arthur Carrousel v.2",,,,,7,
Winnie the Pooh,Unreleased,,,,"January 1, 2005",,Fantasyland,"Fantasyland Band Organ v.2, King Arthur Carrousel v.2",,,,,9,
A Dream Is a Wish Your Heart Makes,Unreleased,,,,"January 1, 2005",,Fantasyland,"Fantasyland Band Organ v.2, King Arthur Carrousel v.2",,,,,17,
Hi-Diddle-Dee-Dee (An Actor's Life for Me),Unreleased,,,,"January 1, 2005",,Fantasyland,"Fantasyland Band Organ v.2, King Arthur Carrousel v.2",,,,,19,
When You Wish Upon a Star,Unreleased,,,,"January 1, 2005",,Fantasyland,"Fantasyland Band Organ v.2, King Arthur Carrousel v.2",,,,,22,
Under the Sea,Unreleased,,,,"January 1, 2005",,Fantasyland,"Fantasyland Band Organ v.2, King Arthur Carrousel v.2",,,,,8,
Zip-a-Dee-Doo-Dah,Unreleased,,,,"January 1, 2005",,Fantasyland,"Fantasyland Band Organ v.2, King Arthur Carrousel v.2",,,,,18,
Someday My Prince Will Come,Unreleased,,,,"January 1, 2005",,Fantasyland,"Fantasyland Band Organ v.2, King Arthur Carrousel v.2",,,,,12,
The Second Star to the Right,Unreleased,,,,"January 1, 2005",,Fantasyland,"Fantasyland Band Organ v.2, King Arthur Carrousel v.2",,,,,6,
See loop notes,Unreleased,,,,,,Fantasyland,"it's a small world queue v.1, it's a small world queue v.3",This loop plays in the IASW queue and is audible along the IASW mall. According to junglecskipper: “The 4:16 IASW Area Music Loop was first played from 1966 until 1993 when the Paris music was installed. It was then brought back in 2003 when the original tracks were restored. It now plays as the queue music for all versions of the attraction except for Tokyo.” See MouseBits: https://mousebits.com/smf/index.php?topic=3995.15 This is a loop consisting of several themes from the ride.,00:04:16,4:16,,,
Disneyland Paris Variation I,Walt Disney and the 1964 World’s Fair,,,,,,Fantasyland,it's a small world v.2,"This was the IASW queue music when the ride score was composed by John Debney, from 1993 until 2003. See MouseBits: https://mousebits.com/smf/index.php?topic=3995.15 It is believed that this music was released on the World’s Fair 1964 boxed set. Confirmed to be “Variation I” via https://www.youtube.com/watch?v=jZUAUMVtu9w.",00:02:07,,,,
The Un-Birthday Song [instrumental],Unreleased,,,,,,Fantasyland,Mad Tea Party,A very short loop that plays in and around the Mad Tea Party attraction. See MouseBits: https://mousebits.com/smf/index.php?topic=3674.msg24774#msg24774 (2008).,00:00:58.699,00:00:58.699,,1,This is technically an edited version of the official movie soundtrack without SFX or vocals.
Main Title (The Second Star to the Right) [Instrumental],Peter Pan OST,,,,,,Fantasyland,"Storybook Land Canal Boats Queue v.1, Storybook Land Canal Boats Queue v.2","This loop plays from 4 speakers in the landscaping next to the queue. Date of introduction is ca. 1983, and still plays as of 2026. It was updated to include a track from “Frozen” sometime after the attraction was updated in 2014.  Tracklist compiled by wedroy1923 based on a ca. 2011 reference recording by pixelated and updated by SSrustworthy (2026). See MouseBits, https://mousebits.com/smf/index.php?topic=6237.msg50901#msg50901 (2011) and Disney Parks Music Compendium https://disney-parks-music-compendium.blogspot.com/2022/11/storybook-land-canal-boats-queue-bgm.html (2014). A partial tracklist first appeared on https://web.archive.org/web/20190821083652/http://disneymusicloops.tripod.com/dlr/dlr-fl-sblcb.html.",29:00.897 (v2 with Frozen is 32:01.704),00:01:46.642,The Jud Conlon Chorus,1,"This is an instrumental version of the original soundtrack recording. It is unreleased officially. It is the same version that can be found in the queue for Peter Pan’s Flight, and is in circulation as part of a collection of Fantasyland Bin Loop Cartridges."
Main Title [Instrumental],Sleeping Beauty OST,,,,,,Fantasyland,"Storybook Land Canal Boats Queue v.1, Storybook Land Canal Boats Queue v.2",,,00:02:48.226,"George Bruns, Tchaikovsky",4,This is an instrumental version sans chorus. It has not been officially released.
Babes in Toyland Medley,33 Great Walt Disney Motion Picture Melodies,,,,,,Fantasyland,"Storybook Land Canal Boats Queue v.1, Storybook Land Canal Boats Queue v.2",,,00:04:59.093,Tutti Camarata,3,Also formally released as part of the Babes in Toyland soundtrack as “Babes in Toyland Overture (Instrumental)” which is available digitally
Snow White Medley,33 Great Walt Disney Motion Picture Melodies,,,,,,Fantasyland,"Storybook Land Canal Boats Queue v.1, Storybook Land Canal Boats Queue v.2",,,00:03:44.999,Tutti Camarata,2,Edited to remove the upbeat ‘samba’ version of “Whistle While You Work”
Main Title (Darby O'Gill and the Little People),Best SEAN CONNERY Early Movie Themes,,,,,,Fantasyland,"Storybook Land Canal Boats Queue v.1, Storybook Land Canal Boats Queue v.2",,,00:01:44.762,Oliver Wallace,7,"This has been digitally released as of 2024, sans about 20 additional seconds that are featured in the loop. About 10 of those seconds can be found on this YouTube video with SFX: https://www.youtube.com/watch?v=WV5VDjaKKgk And finally, the last 10 seconds are overlapped by dialogue in the movie."
Bambi Medley,33 Great Walt Disney Motion Picture Melodies,,,,,,Fantasyland,"Storybook Land Canal Boats Queue v.1, Storybook Land Canal Boats Queue v.2",,,00:04:46.752,Tutti Camarata,8,
Cinderella Medley,33 Great Walt Disney Motion Picture Melodies,,,,,,Fantasyland,"Storybook Land Canal Boats Queue v.1, Storybook Land Canal Boats Queue v.2",,,00:05:51.397,Tutti Camarata,9,"Edited~05.15 - End, followed by ~02.39 - ~05.14"
Kingdom Dance,Tangled OST,,,,"October 15, 2010 → October 27, 2013",,Fantasyland,Tangled Meet-and-Greet [INC],"This is a partial loop of the Tangled Meet-and-Greet from Fantasyland from October 15 2010 to October 27 2013. See MouseBits, https://mousebits.com/smf/index.php?topic=8395.msg78474#msg78474 (2014).",Unknown,,,1,
Kiss Interrupted,Tangled OST,,,,"October 15, 2010 → October 27, 2013",,Fantasyland,Tangled Meet-and-Greet [INC],,,,,,
The Tear Heals [Edited],Tangled OST,,,,"October 15, 2010 → October 27, 2013",,Fantasyland,Tangled Meet-and-Greet [INC],,,,,,Edit; fade in around 5:04 of the soundtrack version
Waiting For the Lights,Tangled OST,,,,"October 15, 2010 → October 27, 2013",,Fantasyland,Tangled Meet-and-Greet [INC],,,,,,
Dumbo Medley,Unreleased,,,,"May 25, 1983 → January 1, 2005",,Fantasyland,"Fantasyland Band Organ v.1, King Arthur's Carrousel v.1",This iteration of the King Arthur’s Carrousel loop played until 2005. It is presumed to have been installed with New Fantasyland (1983). See MouseBits: https://mousebits.com/smf/index.php?topic=2183.msg13890#msg13890 (2007) and Magic Music: https://community.magicmusic.net/threads/fantasyland-band-organ.899/#post-5905 (2003).,00:27:32,,,1,
Zip-a-Dee-Doo-Dah / Someday My Prince Will Come / You Can Fly! You Can Fly! Medley,Unreleased,,,,"May 25, 1983 → January 1, 2005",,Fantasyland,"Fantasyland Band Organ v.1, King Arthur's Carrousel v.1",,,,,8,
Mary Poppins Medley,Unreleased,,,,"May 25, 1983 → January 1, 2005",,Fantasyland,"Fantasyland Band Organ v.1, King Arthur's Carrousel v.1",,,,,7,
Silly Symphonies Medley,Unreleased,,,,"May 25, 1983 → January 1, 2005",,Fantasyland,"Fantasyland Band Organ v.1, King Arthur's Carrousel v.1",,,,,3,
Cinderella Medley,Unreleased,,,,"May 25, 1983 → January 1, 2005",,Fantasyland,"Fantasyland Band Organ v.1, King Arthur's Carrousel v.1",,,,,6,
Sleeping Beauty Medley,Disneyland Forever,,,,"May 25, 1983 → January 1, 2005",,Fantasyland,"Fantasyland Band Organ v.1, King Arthur's Carrousel v.1",,,,,4,
Mickey & Friends Medley,Disneyland Forever,,,,"May 25, 1983 → January 1, 2005",,Fantasyland,"Fantasyland Band Organ v.1, King Arthur's Carrousel v.1",,,,,2,
Pinocchio Medley,Unreleased,,,,"May 25, 1983 → January 1, 2005",,Fantasyland,"Fantasyland Band Organ v.1, King Arthur's Carrousel v.1",,,,,5,
Alice in Wonderland,Alice in Wonderland OST,,Walt Disney Records,,"April 13, 1984",,Fantasyland,Alice in Wonderland Queue v.2,"This loop plays in the Alice in Wonderland attraction. It was installed when the attraction reopened as part of New Fantasyland and plays to the present day. See Magic Music: https://community.magicmusic.net/threads/disneylands-alice-in-wonderland-dark-ride-queue-music-question.718/, https://community.magicmusic.net/threads/dl-alice-area-music.1194/#post-8042, and MouseBits: https://mousebits.com/smf/index.php?topic=5185.msg38775#msg38775. The full track listing was on Disney Parks Music Compendium: https://disney-parks-music-compendium.blogspot.com/2022/11/alice-in-wonderland-queue-bgm-1984.html. Many of these are instrumental versions, i.e. the vocals have been removed.",00:26:11,,,1,
The Bare Necessities,Unreleased,,,,,,Fantasyland,Fantasyland,"This loop plays an orchestral version of the Carrousel/Band Organ loop with some organ accents. It plays around the buildings in Fantasyland. ElecTRONrabbit has determined that there are several (~5) versions of the orchestral loop, for example, one that is more Bavarian themed. The loop was introduced in 2011 with the new band organ loop. Tracklist compiled by AriRel. See MouseBits, https://mousebits.com/smf/index.php?topic=8018.msg72396#msg72396 (2013) and https://mousebits.com/smf/index.php?topic=9656.msg91123#msg91123 (2017).",48:29.421,,,1,
A Whole New World,Unreleased,,,,,,Fantasyland,Fantasyland,,,,,23,
When You Wish Upon a Star,Unreleased,,,,,,Fantasyland,Fantasyland,,,,,22,
Whistle While You Work,Unreleased,,,,,,Fantasyland,Fantasyland,,,,,15,
Heigh-Ho,Unreleased,,,,,,Fantasyland,Fantasyland,,,,,13,
Be Our Guest,Unreleased,,,,,,Fantasyland,Fantasyland,,,,,21,
You've Got a Friend in Me,Unreleased,,,,,,Fantasyland,Fantasyland,,,,,5,
You Can Fly! You Can Fly! You Can Fly!,Unreleased,,,,,,Fantasyland,Fantasyland,,,,,16,
Once Upon a Dream,Unreleased,,,,,,Fantasyland,Fantasyland,,,,,10,
The Second Star to the Right,Unreleased,,,,,,Fantasyland,Fantasyland,,,,,6,
Winnie the Pooh,Unreleased,,,,,,Fantasyland,Fantasyland,,,,,9,
Bibbidi-Bobbidi-Boo,Disneyland Resort Official Album [2013],,Walt Disney Records,,,,Fantasyland,Fantasyland,,,,,11,
Someday My Prince Will Come,Unreleased,,,,,,Fantasyland,Fantasyland,,,,,12,
Hi-Diddle-Dee-Dee (An Actor's Life for Me),Unreleased,,,,,,Fantasyland,Fantasyland,,,,,19,
Who's Afraid of the Big Bad Wolf?,Unreleased,,,,,,Fantasyland,Fantasyland,,,,,3,
Supercalifragilisticexpialidocious,Unreleased,,,,,,Fantasyland,Fantasyland,,,,,14,
Chim Chim Cher-ee,Unreleased,,,,,,Fantasyland,Fantasyland,,,,,4,
Part of Your World,Unreleased,,,,,,Fantasyland,Fantasyland,,,,,20,
A Dream Is a Wish Your Heart Makes,Unreleased,,,,,,Fantasyland,Fantasyland,,,,,17,
The Work Song (Cinderella),Unreleased,,,,,,Fantasyland,Fantasyland,,,,,7,
Beauty and the Beast,Unreleased,,,,,,Fantasyland,Fantasyland,,,,,2,
Under the Sea,Unreleased,,,,,,Fantasyland,Fantasyland,,,,,8,
Zip-a-Dee-Doo-Dah,Unreleased,,,,,,Fantasyland,Fantasyland,,,,,18,
Topsy Turvy (The Hunchback of Notre Dame),Unreleased,,,,,,Fantasyland,Fantasy Faire,"This loop was introduced in 2013 with the introduction of the Fantasy Faire area of Fantasyland. These are all classic songs from Disney films composed in a renaissance style. Tracklist compiled by wedroy1923. See MouseBits, https://mousebits.com/smf/index.php?topic=8018.msg72181#msg72181 (2013) and https://mousebits.com/smf/index.php?topic=7993.msg72908#msg72908 (2013).",~1:00:00,,,1,
A Dream is a Wish Your Heart Makes (Cinderella),Unreleased,,,,,,Fantasyland,Fantasy Faire,,,,,12,
A Cottage in the Woods (Sleeping Beauty),Unreleased,,,,,,Fantasyland,Fantasy Faire,,,,,21,Also known as Magical Housecleaning - Pink or Blue
Bibbidi-Bobbidi-Boo (Cinderella),Unreleased,,,,,,Fantasyland,Fantasy Faire,,,,,24,
I See The Light (Tangled),Unreleased,,,,,,Fantasyland,Fantasy Faire,,,,,19,
Beauty and the Beast (Beauty and the Beast),Unreleased,,,,,,Fantasyland,Fantasy Faire,,,,,16,
A Guy Like You (The Hunchback of Notre Dame),Unreleased,,,,,,Fantasyland,Fantasy Faire,,,,,14,
With a Smile and a Song (Snow White and the Seven Dwarfs),Unreleased,,,,,,Fantasyland,Fantasy Faire,,,,,2,
Kingdom Dance (Tangled),Unreleased,,,,,,Fantasyland,Fantasy Faire,,,,,6,
Once Upon a Dream (Sleeping Beauty),Unreleased,,,,,,Fantasyland,Fantasy Faire,,,,,3,
True Love's Kiss (Enchanted),Unreleased,,,,,,Fantasyland,Fantasy Faire,,,,,18,
Whistle While You Work (Snow White and the Seven Dwarfs),Unreleased,,,,,,Fantasyland,Fantasy Faire,,,,,9,
Gaston (Beauty and the Beast),Unreleased,,,,,,Fantasyland,Fantasy Faire,,,,,13,
Touch the Sky (Brave),Disneyland Resort Official Album [2013],,Walt Disney Records,,,,Fantasyland,Fantasy Faire,,,,,4,
I'm Wishing (Snow White and the Seven Dwarfs),Unreleased,,,,,,Fantasyland,Fantasy Faire,,,,,17,
I've Got a Dream (Tangled),Unreleased,,,,,,Fantasyland,Fantasy Faire,,,,,11,
Happy Working Song (Enchanted),Unreleased,,,,,,Fantasyland,Fantasy Faire,,,,,10,
Part of Your World (The Little Mermaid),Unreleased,,,,,,Fantasyland,Fantasy Faire,,,,,5,
A Whole New World (Aladdin),Unreleased,,,,,,Fantasyland,Fantasy Faire,,,,,15,
The Bells of Notre Dame (The Hunchback of Notre Dame),Unreleased,,,,,,Fantasyland,Fantasy Faire,,,,,8,
Belle (Beauty and the Beast),Unreleased,,,,,,Fantasyland,Fantasy Faire,,,,,23,
Something There (Beauty and the Beast),Unreleased,,,,,,Fantasyland,Fantasy Faire,,,,,7,
Tour of the Kingdom (The Little Mermaid),Unreleased,,,,,,Fantasyland,Fantasy Faire,,,,,20,
So this is Love (Cinderella),Unreleased,,,,,,Fantasyland,Fantasy Faire,,,,,22,
Dance of the Burgermeisters,Dance of the Renaissance,,Earth Dance Music,1,,,Fantasyland,Disney Princess Fantasy Faire,,,1:57.822,Richard Seales,14,
Gavotte,Dance of the Renaissance,,Earth Dance Music,2,,,Fantasyland,Disney Princess Fantasy Faire,,,2:48.185,Richard Seales,15,
Round Dance,Dance of the Renaissance,,Earth Dance Music,11,,,Fantasyland,Disney Princess Fantasy Faire,,,2:53.353,Richard Seales,2,
La Bouree,Scarborough Faire,,Earth Dance Music,12,,,Fantasyland,Disney Princess Fantasy Faire,,,3:28.004,Richard Seales,6,
Courante,Scarborough Faire,,Earth Dance Music,14,,,Fantasyland,Disney Princess Fantasy Faire,,,1:48.526,Richard Seales,9,
Bransle de la Royne,Dance of the Renaissance,,Earth Dance Music,5,,,Fantasyland,Disney Princess Fantasy Faire,,,3:01.426,Richard Seales,16,
The Outlandish Knight,Scarborough Faire,,Earth Dance Music,9,,,Fantasyland,Disney Princess Fantasy Faire,,,2:59.416,Richard Seales,8,The last clatter is removed.
Bransle des Villages,Scarborough Faire,,Earth Dance Music,15,,,Fantasyland,Disney Princess Fantasy Faire,,,2:23.400,Richard Seales,10,
Bianco Fiore,Dance of the Renaissance,,Earth Dance Music,7,,,Fantasyland,Disney Princess Fantasy Faire,,,2:04.294,Richard Seales,3,
Springdance,Dance of the Renaissance,,Earth Dance Music,9,,,Fantasyland,Disney Princess Fantasy Faire,,,1:46.188,Richard Seales,18,
El Tutu,Scarborough Faire,,Earth Dance Music,8,,,Fantasyland,Disney Princess Fantasy Faire,,,2:56.890,Richard Seales,5,
Paduana del Re,Scarborough Faire,,Earth Dance Music,6,,,Fantasyland,Disney Princess Fantasy Faire,,,3:07.676,Richard Seales,4,
Reigentanz,Dance of the Renaissance,,Earth Dance Music,13,,,Fantasyland,Disney Princess Fantasy Faire,,,2:48.893,Richard Seales,7,
Courante,Dance of the Renaissance,,Earth Dance Music,10,,,Fantasyland,Disney Princess Fantasy Faire,"This loop played in the Disney Princess Fantasy Faire, which was located at the Fantasyland Theater from October 6, 2006 to August 12, 2012. See https://mousebits.com/smf/index.php?topic=3494.msg39055#msg39055 (2010) and https://mousebits.com/smf/index.php?topic=7019.msg59446#msg59446 (2012). Tracklist compiled by pixelated. Some of the tracks have long fadeouts so sometimes those fades are cut short. There are no crossfades. Individual track lengths are measured from the start of that track to the start of the following track, so any gap between tracks is included in that time.",49:27.233,3:17.004,Richard Seales,1,
Canarios,Dance of the Renaissance,,Earth Dance Music,8,,,Fantasyland,Disney Princess Fantasy Faire,,,3:19.550,Richard Seales,17,
Spagnoletta,Scarborough Faire,,Earth Dance Music,1,,,Fantasyland,Disney Princess Fantasy Faire,,,2:49.883,Richard Seales,13,
Saltarello,Dance of the Renaissance,,Earth Dance Music,16,,,Fantasyland,Disney Princess Fantasy Faire,,,3:19.855,Richard Seales,12,
Bransle Double,Scarborough Faire,,Earth Dance Music,10,,,Fantasyland,Disney Princess Fantasy Faire,,,2:36.680,Richard Seales,11,
Waltz on a Tightrope 1838/8,Cinematic ANW 1838,,,,"May 25, 2013 → March 12, 2020",,Fantasyland,Mickey and the Magical Map Pre-Show,,,,"Gerrit Wunder, Dorothee Badent",3,The source track has a long fadeout (~3.7 secs.) that I can't hear in the recording but the next track starts after the fadeout.
Three Years Later,Frozen Complete Score,,,,,,Fantasyland,Frozen Royal Reception,"This loop played at the Frozen Meet-and-Greet known as the “Frozen Royal Reception” in Fantasyland. It opened in November 2013 and closed sometime in 2015. Tracklist compiled by monorail91 and See MouseBits, https://mousebits.com/smf/index.php?topic=8373.msg80852#msg80852 (2014).",~00:10:20,,,1,
Party Source #3,Frozen Complete Score,,,,,,Fantasyland,Frozen Royal Reception,,,,,6,"This is part of the Coronation Band Suite, plus an additional track."
Meet Olaf,Frozen Complete Score,,,,,,Fantasyland,Frozen Royal Reception,,,,,10,"On the OST, this track is Meet Olaf, edited to include 0:00-0:07 and 0:54-end."
Oaken's Sauna,Frozen Complete Score,,,,,,Fantasyland,Frozen Royal Reception,,,,,8,"On the OST, this track is Oaken's Sauna, edited to include 0:00 - 0:52"
Fanfare,Frozen Complete Score,,,,,,Fantasyland,Frozen Royal Reception,,,,,3,
Party Source #1,Frozen Complete Score,,,,,,Fantasyland,Frozen Royal Reception,,,,,4,"This is part of the Coronation Band Suite, plus an additional track."
Meet Hans,Frozen Complete Score,,,,,,Fantasyland,Frozen Royal Reception,,,,,2,
Ice in Anna's Heart,Frozen Complete Score,,,,,,Fantasyland,Frozen Royal Reception,,,,,11,
Anna Dances with Hans,Frozen Complete Score,,,,,,Fantasyland,Frozen Royal Reception,,,,,7,
Party Source #2,Frozen Complete Score,,,,,,Fantasyland,Frozen Royal Reception,,,,,5,"This is part of the Coronation Band Suite, plus an additional track."
This Way To The North Mountain,Frozen Complete Score,,,,,,Fantasyland,Frozen Royal Reception,,,,,9,"On the OST, this track is The North Mountain, edited to include 1:00 - end"
Ending,Frozen Complete Score,,,,,,Fantasyland,Frozen Royal Reception,,,,,12,
Im Chuchichaschtli,Swiss Folkmusic and Yodeling (STAR CR 171),,STAR,,,,Fantasyland,Matterhorn Bobsleds Queue v.2,"This loop was introduced with the reopening of the Matterhorn Bobsleds on June 15, 2012 after a lengthy refurbishment. Track times indicate the approximate time from the beginning of one track to the beginning of the next one in the loop. See MouseBits, https://mousebits.com/smf/index.php?topic=9006.msg85941#msg85941 (2015). This currently plays in the proper queue area. A separate loop plays in the lightning lane/extended queue.",00:25:20,02:36,Fred Burri and the Matterhorn Musicians,1,
Am Hinterrhein (At The Source Of The Rhine),A Visit to Switzerland (Capitol ST-10264),,Capitol,,,,Fantasyland,"Fantasyland Skyway Station v.1, Matterhorn Bobsleds Queue v.1",,,,Bündner Ländlerquintett,3,
Im Chuchichäschtli,Swiss Folkmusic and Yodeling (STAR CR 171),,STAR,,,,Fantasyland,"Fantasyland Skyway Station v.1, Matterhorn Bobsleds Queue v.1","This track listing is based on a recording in circulation ca. 1978 and is thought to have played until a revised version was introduced in 2012. This music played under the Jack Wagner safety announcements in the Matterhorn Bobsleds queue area. See MouseBits, https://mousebits.com/smf/index.php?topic=8673.msg82217#msg82217 (2014) and the passport to dreams blog: http://passport2dreams.blogspot.com/2014/10/the-music-of-matterhorn.html.",~00:18:00,,Fred Burri and the Matterhorn Musicians,1,
Alpaufzug Luzärner Chilby,Swiss Folkmusic and Yodeling (STAR CR 171),,STAR,,,,Fantasyland,"Fantasyland Skyway Station v.1, Matterhorn Bobsleds Queue v.1",,,,Fred Burri and the Matterhorn Musicians,2,Edited to include ~00:29 - ~01:20 and ~01:32 - End
Lusbübe-Ländler (Naughty Boy Ländler),A Visit to Switzerland (Capitol ST-10264),,Capitol,,,,Fantasyland,"Fantasyland Skyway Station v.1, Matterhorn Bobsleds Queue v.1",,,,Ländlerkapelle Oberland,4,
Beim Augustfeuer (By The Bonfire),A Visit to Switzerland (Capitol ST-10264),,Capitol,,,,Fantasyland,"Fantasyland Skyway Station v.1, Matterhorn Bobsleds Queue v.1",,,,Ländlerkapelle Bärner Mutze,10,
Der Klarinettenmuckel (The Boy with the Clarinet),Music of the German Alps (Capitol ST-10211),,Capitol,,,,Fantasyland,"Fantasyland Skyway Station v.1, Matterhorn Bobsleds Queue v.1",,,,Alfons Bauer And The Bavarian Entertainers,8,
Obervazer-Schottisch,A Visit to Switzerland (Capitol ST-10264),,Capitol,,,,Fantasyland,"Fantasyland Skyway Station v.1, Matterhorn Bobsleds Queue v.1",,,,Bündner Ländlerquintett,5,
Am Trachtefescht,Swiss Folkmusic and Yodeling (STAR CR 171),,STAR,,,,Fantasyland,"Fantasyland Skyway Station v.1, Matterhorn Bobsleds Queue v.1",,,,Fred Burri and the Matterhorn Musicians,6,
Schi Scha Schätzeli,Swiss Folkmusic and Yodeling (STAR CR 171),,STAR,,,,Fantasyland,"Fantasyland Skyway Station v.1, Matterhorn Bobsleds Queue v.1",,,,Fred Burri and the Matterhorn Musicians,7,Edited to include 00:00 - 00:03 and ~00:38 - ~01:13 and ~01:51 - End
Schneidig Voran (Marching Ahead),Music of the German Alps (Capitol ST-10211),,Capitol,,,,Fantasyland,"Fantasyland Skyway Station v.1, Matterhorn Bobsleds Queue v.1",,,,Alfons Bauer And The Bavarian Entertainers,9,Edited (?)
Alpaufzug Luzarner Chilby,Swiss Folkmusic and Yodeling (STAR CR 171),,STAR,,,,Fantasyland,Matterhorn Bobsleds Queue v.2,,,01:42,Fred Burri and the Matterhorn Musicians,2,Edited to include ~00:42 - End.
Am Trachtefescht,Swiss Folkmusic and Yodeling (STAR CR 171),,STAR,,,,Fantasyland,Matterhorn Bobsleds Queue v.2,,,02:34,Fred Burri and the Matterhorn Musicians,6,
Lusbübe-Ländler (Naughty Boy Ländler),A Visit to Switzerland (Capitol ST-10264),,Capitol,,,,Fantasyland,Matterhorn Bobsleds Queue v.2,,,02:24,Ländlerkapelle Oberland,4,Edited to include ~00:04 - End.
Beim Augustfeuer (By The Bonfire),A Visit to Switzerland (Capitol ST-10264),,Capitol,,,,Fantasyland,Matterhorn Bobsleds Queue v.2,,,02:45,Ländlerkapelle Bärner Mutze,10,
Obervazer-Schottisch,A Visit to Switzerland (Capitol ST-10264),,Capitol,,,,Fantasyland,Matterhorn Bobsleds Queue v.2,,,02:44,Bündner Ländlerquintett,5,
Der Klarinettenmuckel (The Boy with the Clarinet),Music of the German Alps (Capitol ST-10211),,Capitol,,,,Fantasyland,Matterhorn Bobsleds Queue v.2,,,00:41,Alfons Bauer And The Bavarian Entertainers,8,
Zwilchhose-Ländler (Long Underwear Ländler),A Visit to Switzerland (Capitol ST-10264),,Capitol,,,,Fantasyland,Matterhorn Bobsleds Queue v.2,,,02:42,Ländlerkapelle Bärner Mutze With Sepp Sutter,11,New addition to the loop from v.1.
Schi Scha Schatzeli,Swiss Folkmusic and Yodeling (STAR CR 171),,STAR,,,,Fantasyland,Matterhorn Bobsleds Queue v.2,,,00:31,Fred Burri and the Matterhorn Musicians,7,Edited to include ~01:51 - End.
Am Hinterrhein (At The Source Of The Rhine),A Visit to Switzerland (Capitol ST-10264),,Capitol,,,,Fantasyland,Matterhorn Bobsleds Queue v.2,,,02:31,Bündner Ländlerquintett,3,
Schneidig Voran (Marching Ahead),Music of the German Alps (Capitol ST-10211),,Capitol,,,,Fantasyland,Matterhorn Bobsleds Queue v.2,,,04:09,Alfons Bauer And The Bavarian Entertainers,9,
Gaston,Unreleased,,,,"February 24, 2017",,Fantasyland,Red Rose Taverne [REF],"This loop plays in the Red Rose Taverne, which replaced the Village Haus on February 24, 2017. See MouseBits, https://mousebits.com/smf/index.php?topic=9503.msg90016#msg90016 (2017). It is identical to the Magic Kingdom’s tavern loop, with slight speed differences, based on a 2024 recording from SSrustworthy. Based on a direct comparison, these tracks seem to be from a different recording session than the partial loop officially released commercially by Tokyo Disneyland. See Mousebits, https://mousebits.com/smf/index.php?topic=7806.msg87638#msg87638 (2016) and https://forums.mousebits.com/threads/red-rose-taverne.11143/ (2025).",00:34:28.229,,,1,
Belle,Unreleased,,,,"February 24, 2017",,Fantasyland,Red Rose Taverne [REF],,,,,11,
Gaston,Unreleased,,,,"February 24, 2017",,Fantasyland,Red Rose Taverne [REF],,,,,7,
Be Our Guest,Unreleased,,,,"February 24, 2017",,Fantasyland,Red Rose Taverne [REF],,,,,8,
Maison de Lunes,Unreleased,,,,"February 24, 2017",,Fantasyland,Red Rose Taverne [REF],,,,,9,
To the Fair,Unreleased,,,,"February 24, 2017",,Fantasyland,Red Rose Taverne [REF],,,,,5,
Beauty and the Beast,Unreleased,,,,"February 24, 2017",,Fantasyland,Red Rose Taverne [REF],,,,,6,
Me,Unreleased,,,,"February 24, 2017",,Fantasyland,Red Rose Taverne [REF],,,,,3,
Be Our Guest,"Beauty and the Beast: Original Motion Picture Soundtrack
",,,,"February 24, 2017",,Fantasyland,Red Rose Taverne [REF],,,,,2,"Soundtrack version, including vocals"
Something There,Unreleased,,,,"February 24, 2017",,Fantasyland,Red Rose Taverne [REF],,,,,10,
Human Again,Unreleased,,,,"February 24, 2017",,Fantasyland,Red Rose Taverne [REF],,,,,4,
Sorcerer’s Dream 1071/1,"Magic, Ghosts, Mystery ANW 1071",,,,"May 25, 2013 → March 12, 2020",,Fantasyland,Mickey and the Magical Map Pre-Show,"This loop played as audiences were walking into the Fantasyland Theater for performances of Mickey and the Magical Map, a stage show which ran from 2013 to 2020. See MouseBits, https://mousebits.com/smf/index.php?topic=8888.msg85356#msg85356 (2015).",~00:11:37,,Paul Mottram,1,Has a short crossfade to the next track which omits the last ~27 secs of this track.
Mystical Kingdom 1241/2,"Horror, Magic, Drama ANW 1241",,,,"May 25, 2013 → March 12, 2020",,Fantasyland,Mickey and the Magical Map Pre-Show,,,,Paul Mottram,2,The source track has a fadeout and the loop track seems to have been dynamically compressed so the loop track's fadeout is shorter.  The start of the next track overlaps the fadeout by ~1 sec.
Sprites 1190/1,"Magic, Mystery ANW 1190",,,,"May 25, 2013 → March 12, 2020",,Fantasyland,Mickey and the Magical Map Pre-Show,,,,Tim Garland,4,
Magic Web 1598/5,Rom Com & Family Movies ANW 1598,,,,"May 25, 2013 → March 12, 2020",,Fantasyland,Mickey and the Magical Map Pre-Show,,,,"Dan Skinner, Adam Skinner",5,"This fades in with the ""ladies and gentlemen..."" announcement that the show is starting. Edited version of the track."
Vals Från Riddarhyttan,Olle Johnny,,Odeon,,,,Fantasyland,"Captain Hook's Galley [INC], Skull Rock [INC]",This loop played around Captain Hook’s Galley and Skull Rock. It was likely installed by Jack Wagner sometime in the 1970’s and was removed when Fantasyland closed in 1982 for the New Fantasyland project. The album “Olle Johnny” was released in 1967. See https://mousebits.com/smf/index.php?topic=6889.msg80963#msg80963 (2014). This is a partial tracklist based on a short recording done by RocketRodsXPR.,Unknown,,Olle Johnny,1,
Vingåkersdansen,Olle Johnny,,Odeon,,,,Fantasyland,"Captain Hook's Galley [INC], Skull Rock [INC]",,,,Olle Johnny,2,Identified based on a vintage live recording by RocketRodsXPR.
A-E-I-O-U (The Caterpillar Song),Unreleased,,,,"May 26, 1983",,Fantasyland,The Mad Hatter,"This loop plays in the Mad Hatter shop in Fantasyland. It is easiest heard in the area near the cash registers. All of these tracks originate from the re-recordings of the soundtrack for new Fantasyland in 1983/84 and are currently used as part of Alice's Curious Labyrinth in Disneyland Paris. Tracklist compiled based on live reference recordings by wedroy1923 and SSrustworthy. None of the tracks are identical to the versions released on DL/WDW Forever, but some are very similar or were released as partial versions. See MouseBits, Re: https://mousebits.com/smf/index.php?topic=9121.msg86697#msg86697 (2015).",18:33.393,,,1,
The Tulgey Wood,Unreleased,,,,"May 26, 1983",,Fantasyland,The Mad Hatter,,,Similar to version from DL Forever,,3,
‘Twas Brillig (?),Unreleased,,,,"May 26, 1983",,Fantasyland,The Mad Hatter,,,"Since this track is denoted as “Labyrinth Entrance music” in the original post, it seems that it may be ‘Twas Brillig, which plays upon entering the DLP Alice’s Curious Labyrinth Attraction. However, it does not seem to be a match for the DL forever version.",,5,
The Caucus Race,Unreleased,,,,"May 26, 1983",,Fantasyland,The Mad Hatter,,,Similar to version from WDW Forever,,4,
March of the Cards,Unreleased,,,,"May 26, 1983",,Fantasyland,The Mad Hatter,,,Similar to versions on WDW Forever / DL Forever,,6,
I'm Late,Unreleased,,,,"May 26, 1983",,Fantasyland,The Mad Hatter,,,Similar to version from WDW Forever,,9,
Painting the Roses Red,Unreleased,,,,"May 26, 1983",,Fantasyland,The Mad Hatter,,,Similar to version from WDW Forever,,8,
All in The Golden Afternoon,Unreleased,,,,"May 26, 1983",,Fantasyland,The Mad Hatter,,,Similar to version from DL Forever,,7,
Off With Her Head,Unreleased,,,,"May 26, 1983",,Fantasyland,The Mad Hatter,,,Similar to version from WDW Forever,,2,
The Games,Brave OST,1,Walt Disney Records,5,"May 21, 2012 → June 30, 2014",,Fantasyland,Merida Meet-and-Greet [REF],"A full tracklist for the Merida Meet-and-Greet at the Small World Mall, ca. 2012. Based on YouTube videos, the same loop is probably used at the Merida Meet-and-Greet at WDW's Magic Kingdom. All tracks except 2 have been compared to their source album tracks. Individual track lengths are measured from the start of that track to the start of the following track, so any gap between tracks is included in that time. See MouseBits, https://mousebits.com/smf/index.php?topic=7423.msg64442#msg64442 (2012).",00:45:19.965,1:07.376,Patrick Doyle,1,Preceded by 2.2 sec. silent gap. The loop track starts at around 42.555 of the album track.
The Honeymoon Reel/Kings/The Clayslaps Reel,Close To The Bone,4,,,"May 21, 2012 → June 30, 2014",,Fantasyland,Merida Meet-and-Greet [REF],,,3:11.389,Old Blind Dogs,5,
The Geese in the Bog/Jig of Slurs,The Best Of The Tannahill Weavers 1979-1989,1,,,"May 21, 2012 → June 30, 2014",,Fantasyland,Merida Meet-and-Greet [REF],,,2:50.165,The Tannahill Weavers,3,The loop track starts at around 1.625 of the album track.
Lucy Cassidy/The Bletherskate/The Smith of Chilliechassie,The Best Of The Tannahill Weavers 1979-1989,5,,,"May 21, 2012 → June 30, 2014",,Fantasyland,Merida Meet-and-Greet [REF],,,3:07.595,The Tannahill Weavers,4,The loop track starts at around 1.402 of the album track and the section from 23.398 to 41.653 in the album track has been deleted. The loop track ends with a long fadeout (~20 secs).
The Holy Loch Reel,The Tartan Chillout Album,,,,"May 21, 2012 → June 30, 2014",,Fantasyland,Merida Meet-and-Greet [REF],,,1:57.693,The Campbells,2,Edited. Unknown edit points. No silent gap between this track and the next.
Silver Spear/The Humours of Tulla,The Battlefield Band,1,,,"May 21, 2012 → June 30, 2014",,Fantasyland,Merida Meet-and-Greet [REF],,,2:25.611,The Battlefield Band,6,The loop track starts with a short fade in. The loop track plays about 0.025 slower than the album track.
Roddie MacDonald's Favourite,The Best Of The Tannahill Weavers 1979-1989,7,,,"May 21, 2012 → June 30, 2014",,Fantasyland,Merida Meet-and-Greet [REF],,,2:44.085,The Tannahill Weavers,9,
The Walking Nightmare/The Shopgirl/Croix Rousse,Five,5,,,"May 21, 2012 → June 30, 2014",,Fantasyland,Merida Meet-and-Greet [REF],,,3:07.441,Old Blind Dogs,14,"The loop track starts at 2.936 of the album track as part of a short crossfade with the previous track. The jazzy section from 19.214 to 1:42.215 in the album track has been deleted, blending the ride cymbal into the crash cymbal."
The St. Kilda Wedding/Perrie Werrie Reel/the Honourable Mrs. Moll's Reel,The Best of Ossian,1,,,"May 21, 2012 → June 30, 2014",,Fantasyland,Merida Meet-and-Greet [REF],,,4:20.394,Ossian,12,
Remember To Smile,Brave OST,7,,,"May 21, 2012 → June 30, 2014",,Fantasyland,Merida Meet-and-Greet [REF],,,1:04.610,Patrick Doyle,15,The loop track starts at around 1:08.704 of the album track. Around 0.6 secs. of a ride cymbal may have been edited into the loop track before the album track starts.
The Landlord's Walk,Celtic Dance,1,,,"May 21, 2012 → June 30, 2014",,Fantasyland,Merida Meet-and-Greet [REF],,,2:26.014,Blair Douglas,13,"The loop track starts at 14.113 of the album track, skipping over some rim hits on the bodhrán to start with a bass drum hit. The loop track has a short crossfade into the following track, starting at around 2:40.121 of the album track"
Bannockburn Road (medley: Chuir I Gluin Air a Bhodach/Bannockburn Road/Inspector Campbell of Ness/The Left-Handed Fiddler),The World's Room,5,,,"May 21, 2012 → June 30, 2014",,Fantasyland,Merida Meet-and-Greet [REF],,,4:14.030,Old Blind Dogs,11,"The loop track starts at 1:25.612 of the album track, right before a cymbal crash. No silent gap between this track and the next."
The Blue Lagoon/Easy Jig,Dookin’,11,,,"May 21, 2012 → June 30, 2014",,Fantasyland,Merida Meet-and-Greet [REF],,,3:02.079,The Battlefield Band,10,
Turf Lodge/The Cape Breton Fiddlers' Welcome to the Shetland Isles/Lady Margaret Stewart/The Flaggon,The Best Of The Tannahill Weavers 1979-1989,12,,,"May 21, 2012 → June 30, 2014",,Fantasyland,Merida Meet-and-Greet [REF],,,4:29.889,The Tannahill Weavers,7,
The Mines Of Golkonda/Gavotte ar Menez/The Shores Of Lough Gowna/Muneira Quetzelcoatl,Zama Zama: Try Your Luck,1,,,"May 21, 2012 → June 30, 2014",,Fantasyland,Merida Meet-and-Greet [REF],,,5:11.594,The Battlefield Band,8,
Bi d’r Huet,"Le meilleur du folklore Suisse, Vol. 4 (Die Beschti schwyzer Folklore - The Best of Swiss Folklore / Jodel, Alphorn, Akkordeon, Chör, Walzer, Marsch...)",1,Cdvd,8,"November 16, 2018",,Fantasyland,Matterhorn Bobsleds Extended Queue,"This loop plays in the extended queue/lightning lane queue for the Matterhorn. It began playing when the new queue opened in 2018 and is still in use. Tracklist compiled by junglecskipper and starwarsgalaxysedge. See MouseBits, https://mousebits.com/smf/index.php?topic=10785.msg98765#msg98765.",30:31.043,03:06.071," Schwyzer Folklore",1,~3 seconds shorter than source track time
De Wöschbrättler,World Music Vol. 31: The Sound of Switzerland,1,Countdown Media GmbH,2,"November 16, 2018",,Fantasyland,Matterhorn Bobsleds Extended Queue,,,02:14.661,Kapelle Bluamagärtli,4,~1.5 second shorter from listed source track time
Am Lutzelsee,World Music Vol. 31: The Sound of Switzerland,1,Countdown Media GmbH,9,"November 16, 2018",,Fantasyland,Matterhorn Bobsleds Extended Queue,,,03:06.055,Kappelle Bluamagärtli,10,Has <1 sec crossfade into next track. About ~.5 second shorter than source.
Alphorn Berner Oberland,Traditionelle Schweizer Musik - Traditional Swiss Music,,,,"November 16, 2018",,Fantasyland,Matterhorn Bobsleds Extended Queue,,,00:51.716,J. Spälti,11,
"Langsam aber sicher, Polka",Best of Schweizer Volksmusik - Traditional Swiss Folk Music - Kompositionen von Marino Manferdini,1,Worldmusic International,7,"November 16, 2018",,Fantasyland,Matterhorn Bobsleds Extended Queue,,,03:31.974,Kapelle Ludwig Oswald,6,~4 seconds shorter than listed source track time
Auf der Mitterfeldalm,,,,,"November 16, 2018",,Fantasyland,Matterhorn Bobsleds Extended Queue,,,03:36.126,Altmühldorfer Musikanten,3,~5 second shorter from listed source track time
Alphorn Solo Mit Talerschwingen,,,,,"November 16, 2018",,Fantasyland,Matterhorn Bobsleds Extended Queue,,,01:06.621,Alphorn Solo,5,~5 seconds shorter than listed source track time
Schindlschneider,,,,,"November 16, 2018",,Fantasyland,Matterhorn Bobsleds Extended Queue,,,02:45.924,Bairer Saitenmusi,9,~5 seconds shorter than listed source track time
Landluft,Tirolean and Swiss Folk Music,1,The Digital Gramophone Ltd.,18,"November 16, 2018",,Fantasyland,Matterhorn Bobsleds Extended Queue,,,02:48.054,Walter Wild and his Orchestra,12,~5 seconds shorter than source
A Ganz a gfieriga,Innleit’n Musi,1,Bogner Records,17,"November 16, 2018",,Fantasyland,Matterhorn Bobsleds Extended Queue,,,02:33.226,"Innleit’n Musi ",2,~5 second shorter from listed source track time
Pariampampam (Live),Schweizer Volksmusik - Traditional Swiss Music,2,Zytglogge Verlag,10,"November 16, 2018",,Fantasyland,Matterhorn Bobsleds Extended Queue,,,02:35.476,Ils Fränzlis da Tschlin,8,Edited to cut applause at end of track. ~10 seconds shorter than listed source track time
Oberland Boarischer,Musi und Gsangl aus dem Werfdenfelser Land,1,Bogner,13,"November 16, 2018",,Fantasyland,Matterhorn Bobsleds Extended Queue,,,02:14.539,Kreuzalm Musi,7,~5 seconds shorter than listed source track time
Snow White Overture,Snow White OST,,,,"January 1, 2002",,Fantasyland,"Bibbidi Bobbidi Boutique v.1, Once Upon a Time...a Princess Shop","This loop played in both “Once Upon a Time…a Princess Shop” and Bibbidi Bobbidi Boutique. Karalora ID’d this loop when it was “Once Upon a Time…” and determined it to be identical when it was changed to Bibbidi Bobbidi Boutique. She notes, “[T]he track order is extremely predictable. It starts with music from Snow White, goes through the original six Princess movies in chronological order, and then starts over (with one odd exception around the middle of the list). If there are no more Princess-y songs from a given movie, it skips that one in the remaining cycles.” See http://disneylanddilettante.blogspot.com/2016/01/the-second-sensearmchair-imagineering.html and MouseBits: https://mousebits.com/smf/index.php?topic=8312.msg77332#msg77332. The loop changed sometime before January 2023.",Unknown,,,1,
Something There,Beauty and the Beast OST,,,,"January 1, 2002",,Fantasyland,"Bibbidi Bobbidi Boutique v.1, Once Upon a Time...a Princess Shop",,,,,20,
A Whole New World,Aladdin OST,,,,"January 1, 2002",,Fantasyland,"Bibbidi Bobbidi Boutique v.1, Once Upon a Time...a Princess Shop",,,,,7,
Bibbidi Bobbidi Boo,Cinderella OST,,,,"January 1, 2002",,Fantasyland,"Bibbidi Bobbidi Boutique v.1, Once Upon a Time...a Princess Shop",,,,,17,1st verse only
Be Our Guest,Beauty and the Beast OST,,,,"January 1, 2002",,Fantasyland,"Bibbidi Bobbidi Boutique v.1, Once Upon a Time...a Princess Shop",,,,,15,
Hail to the Princess Aurora,Sleeping Beauty OST,,,,"January 1, 2002",,Fantasyland,"Bibbidi Bobbidi Boutique v.1, Once Upon a Time...a Princess Shop",,,,,4,
Once Upon a Dream,Sleeping Beauty OST,,,,"January 1, 2002",,Fantasyland,"Bibbidi Bobbidi Boutique v.1, Once Upon a Time...a Princess Shop",,,,,10,
Kiss the Girl,The Little Mermaid OST,,,,"January 1, 2002",,Fantasyland,"Bibbidi Bobbidi Boutique v.1, Once Upon a Time...a Princess Shop",,,,,11,
Tour of the Kingdom,The Little Mermaid OST,,,,"January 1, 2002",,Fantasyland,"Bibbidi Bobbidi Boutique v.1, Once Upon a Time...a Princess Shop",,,,,19,
A Dream Is a Wish Your Heart Makes,Cinderella OST,,,,"January 1, 2002",,Fantasyland,"Bibbidi Bobbidi Boutique v.1, Once Upon a Time...a Princess Shop",,,,,9,"Intro is omitted, 1st verse only"
Main Title / Cinderella,Cinderella OST,,,,"January 1, 2002",,Fantasyland,"Bibbidi Bobbidi Boutique v.1, Once Upon a Time...a Princess Shop",,,,,3,"This is the song only, with score omitted."
Beauty and the Beast,Beauty and the Beast OST,,,,"January 1, 2002",,Fantasyland,"Bibbidi Bobbidi Boutique v.1, Once Upon a Time...a Princess Shop",,,,,12,
Part of Your World,The Little Mermaid OST,,,,"January 1, 2002",,Fantasyland,"Bibbidi Bobbidi Boutique v.1, Once Upon a Time...a Princess Shop",,,,,5,
So This Is Love,Cinderella OST,,,,"January 1, 2002",,Fantasyland,"Bibbidi Bobbidi Boutique v.1, Once Upon a Time...a Princess Shop",,,,,21,Instrumental introduction
Under the Sea,The Little Mermaid OST,,,,"January 1, 2002",,Fantasyland,"Bibbidi Bobbidi Boutique v.1, Once Upon a Time...a Princess Shop",,,,,22,
Someday My Prince Will Come,Snow White OST,,,,"January 1, 2002",,Fantasyland,"Bibbidi Bobbidi Boutique v.1, Once Upon a Time...a Princess Shop",,,,,16,
I'm Wishing/One Song,Snow White OST,,,,"January 1, 2002",,Fantasyland,"Bibbidi Bobbidi Boutique v.1, Once Upon a Time...a Princess Shop",,,,,2,
With a Smile and a Song,Snow White OST,,,,"January 1, 2002",,Fantasyland,"Bibbidi Bobbidi Boutique v.1, Once Upon a Time...a Princess Shop",,,,,8,
Whistle While You Work,Snow White OST,,,,"January 1, 2002",,Fantasyland,"Bibbidi Bobbidi Boutique v.1, Once Upon a Time...a Princess Shop",,,,,13,
Part of Your World (Reprise),The Little Mermaid OST,,,,"January 1, 2002",,Fantasyland,"Bibbidi Bobbidi Boutique v.1, Once Upon a Time...a Princess Shop",,,,,14,
Belle,Beauty and the Beast OST,,,,"January 1, 2002",,Fantasyland,"Bibbidi Bobbidi Boutique v.1, Once Upon a Time...a Princess Shop",,,,,6,Intro is omitted
Finale,Sleeping Beauty OST,,,,"January 1, 2002",,Fantasyland,"Bibbidi Bobbidi Boutique v.1, Once Upon a Time...a Princess Shop",,,,,18,
Obervazer-Schottisch,"A Visit To Switzerland, Capitol ST-10264",1,,,"May 25, 1983",,Fantasyland,"Fantasyland Skyway Station v.2, Matterhorn Way, Pinocchio Village Haus","This loop was compiled by Jack Wagner and (presumably) introduced in Disneyland with the Pinocchio Village Haus as part of New Fantasyland in 1983. Individual track lengths are measured from the start of that track to the start of the following track, so any gap between tracks is included in that time. See MouseBits, https://mousebits.com/smf/index.php?topic=5296.msg91028#msg91028 (2017) and the http://passport2dreams.blogspot.com/2018/02/that-infernal-swiss-music.html. The same loop was used for the Skyway Chalet and the Village Haus in 1983, see Magic Music: https://community.magicmusic.net/threads/questions-concerning-fantasyland-area-music-in-1970s-and-1980s.1971/#post-13221 (2005). This loop started playing along Matterhorn Way as of 2022, see MouseBits, https://forums.mousebits.com/threads/village-haus-music-playing-again.10618/#post-100038 (2024).",00:59:23.601, 00:02:46.144,Bündner Ländlerquintett,1,
Alpenjodel,"Bi eus im Schwyzerland, Vol. 3 ",,,,"May 25, 1983",,Fantasyland,"Fantasyland Skyway Station v.2, Matterhorn Way, Pinocchio Village Haus",,, 00:02:22.014,"Jodelduo Josy Eugster, Helene Schwegler",11,
Jodel-Polka,"Bi eus im Schwyzerland, Vol. 3 ",,,,"May 25, 1983",,Fantasyland,"Fantasyland Skyway Station v.2, Matterhorn Way, Pinocchio Village Haus",,, 00:02:25.364,Ländlerkapelle Edy Keiser,14,
Beim Augustfeuer (By The Bonfire),"A Visit To Switzerland, Capitol ST-10264",1,,,"May 25, 1983",,Fantasyland,"Fantasyland Skyway Station v.2, Matterhorn Way, Pinocchio Village Haus",,, 00:02:39.482,Ländlerkapelle Bärner Mutze,5,
Liechtensteiner Polka,"Accordeon In Gold, Polydor 249 306",1,,,"May 25, 1983",,Fantasyland,"Fantasyland Skyway Station v.2, Matterhorn Way, Pinocchio Village Haus",,, 00:02:15.577,Horst Wende und seine Accordeon-Band,15,
S' Kantönlilied,Jodel Ländler Schwyzerörgeli ,,,,"May 25, 1983",,Fantasyland,"Fantasyland Skyway Station v.2, Matterhorn Way, Pinocchio Village Haus",,, 00:02:00.382,Ländlerkapelle Heidi Wild mit Kinderchor,7,
En Heimelige,"Bi eus im Schwyzerland, Vol. 3 ",,,,"May 25, 1983",,Fantasyland,"Fantasyland Skyway Station v.2, Matterhorn Way, Pinocchio Village Haus",,, 00:02:09.438,"Jodelduo Josy Eugster, Helene Schwegler",13,
Heigh-Ho / Whistle While You Work,A Musical Souvenir of Walt Disney World's Magic Kingdom ,,,,"May 25, 1983",,Fantasyland,"Fantasyland Skyway Station v.2, Matterhorn Way, Pinocchio Village Haus",,, 00:01:14.487,Polka Band,12,
Die Fischerin Vom Bodensee,"Accordeon In Gold, Polydor 249 306",1,,,"May 25, 1983",,Fantasyland,"Fantasyland Skyway Station v.2, Matterhorn Way, Pinocchio Village Haus",,, 00:02:45.013,Horst Wende und seine Accordeon-Band,16,
Frühlingsfreuden,"Bi eus im Schwyzerland, Vol. 3 ",,,,"May 25, 1983",,Fantasyland,"Fantasyland Skyway Station v.2, Matterhorn Way, Pinocchio Village Haus",,, 00:02:48.305,Ländlerkapelle Edy Keiser,10,
Am sunnige Egge,"Bi eus im Schwyzerland, Vol. 3 ",,,,"May 25, 1983",,Fantasyland,"Fantasyland Skyway Station v.2, Matterhorn Way, Pinocchio Village Haus",,, 00:02:46.458,"Jodelduo Josy Eugster, Helene Schwegler",9,
Lusbübe-Ländler (Naughty Boy Ländler),"A Visit To Switzerland, Capitol ST-10264",1,,,"May 25, 1983",,Fantasyland,"Fantasyland Skyway Station v.2, Matterhorn Way, Pinocchio Village Haus",,, 00:02:28.790,Ländlerkapelle Oberland,4,
Urner-Polka,"A Visit To Switzerland, Capitol ST-10264",2,,,"May 25, 1983",,Fantasyland,"Fantasyland Skyway Station v.2, Matterhorn Way, Pinocchio Village Haus",,, 00:03:07.066,Bündner Ländlerquintett,6,
Gruss Milano (Salute To Milan),"A Visit To Switzerland, Capitol ST-10264",1,,,"May 25, 1983",,Fantasyland,"Fantasyland Skyway Station v.2, Matterhorn Way, Pinocchio Village Haus",,, 00:02:42.803,Bündner Ländlerquintett,2,
Uf Em Grätli (Up On The Cliff),"A Visit To Switzerland, Capitol ST-10264",1,,,"May 25, 1983",,Fantasyland,"Fantasyland Skyway Station v.2, Matterhorn Way, Pinocchio Village Haus",,, 00:02:37.694,Ländlerkapelle Bärner Mutze With Sepp Sutter,3,
Frohsinn (Schottisch),"Bi eus im Schwyzerland, Vol. 3 ",,,,"May 25, 1983",,Fantasyland,"Fantasyland Skyway Station v.2, Matterhorn Way, Pinocchio Village Haus",,, 00:02:52.969,Ländlerkapelle Edy Keiser,8,
"Am Hinterrhein (At The Source Of The
  Rhine)","A Visit To Switzerland, Capitol ST-10264",2,,,"May 25, 1983",,Fantasyland,"Fantasyland Skyway Station v.2, Matterhorn Way, Pinocchio Village Haus",,, 00:02:32.998,Bündner Ländlerquintett,18,
Aelpli (Schottisch),"Bi eus im Schwyzerland, Vol. 3 ",,,,"May 25, 1983",,Fantasyland,"Fantasyland Skyway Station v.2, Matterhorn Way, Pinocchio Village Haus",,, 00:02:30.788,Ländlerkapelle Edy Keiser,20,
Mi Freud,"Bi eus im Schwyzerland, Vol. 3 ",,,,"May 25, 1983",,Fantasyland,"Fantasyland Skyway Station v.2, Matterhorn Way, Pinocchio Village Haus",,, 00:02:48.362,"Jodelduo Josy Eugster, Helene Schwegler",17,
Läbeslust,"Bi eus im Schwyzerland, Vol. 3 ",,,,"May 25, 1983",,Fantasyland,"Fantasyland Skyway Station v.2, Matterhorn Way, Pinocchio Village Haus",,, 00:02:28.825,Berhely Studer,21,
Mitenand Gaht's Besser,Jodelperlen Swiss Yodeling ,,,,"May 25, 1983",,Fantasyland,"Fantasyland Skyway Station v.2, Matterhorn Way, Pinocchio Village Haus",,, 00:02:55.323,"Ländlerkapelle Bergfriede, Jodelduo Josy Eugster und Helene Schwegler",19,
De Würzegrübler,"Bi eus im Schwyzerland, Vol. 3 ",,,,"May 25, 1983",,Fantasyland,"Fantasyland Skyway Station v.2, Matterhorn Way, Pinocchio Village Haus",,, 00:02:34.316,Ländlerkapelle Edy Keiser,22,
"""Obe abe - une ufe""","Bi eus im Schwyzerland, Vol. 3 ",,,,"May 25, 1983",,Fantasyland,"Fantasyland Skyway Station v.2, Matterhorn Way, Pinocchio Village Haus",,, 00:03:30.991,Ländlerkapelle Edy Keiser,23,
Audio clip - Tense music and thunderclaps (Snow White?),,,,,,,Fantasyland,"Castle Heraldry Shoppe [INC], Disney Villains Shop [INC]","Partial listing for the Disney Villains Shop and Castle Heraldry Shoppe in the Fantasyland Castle Courtyard. The loop remained through the theming change. This track list was obtained when it was the Castle Heraldry Shoppe. See MouseBits, https://mousebits.com/smf/index.php?topic=7868.msg70557#msg70557 (2013). The shop opened in 1991, but this loop includes clips from later movies, so it may have been introduced or updated later.",Unknown,,,1,
Audio clip from Pinocchio - The Coachman sorting the transformed donkey-boys,,,,,,,Fantasyland,"Castle Heraldry Shoppe [INC], Disney Villains Shop [INC]",,,,,4,
Poor Unfortunate Souls,The Little Mermaid OST,,,,,,Fantasyland,"Castle Heraldry Shoppe [INC], Disney Villains Shop [INC]",,,,,3,
Audio clip from Peter Pan - Tinkerbell betrays the location of Peter’s hideout,,,,,,,Fantasyland,"Castle Heraldry Shoppe [INC], Disney Villains Shop [INC]",,,,,6,
Gaston,Beauty and the Beast OST,,,,,,Fantasyland,"Castle Heraldry Shoppe [INC], Disney Villains Shop [INC]",,,,,7,
Never Smile at a Crocodile (Score),Peter Pan OST,,,,,,Fantasyland,"Castle Heraldry Shoppe [INC], Disney Villains Shop [INC]",,,,,5,
Audio clip from Bambi - The scene where the deer flee the meadow because Man is approaching,,,,,,,Fantasyland,"Castle Heraldry Shoppe [INC], Disney Villains Shop [INC]",,,,,2,
Prince Ali (Reprise),Aladdin OST,,,,,,Fantasyland,"Castle Heraldry Shoppe [INC], Disney Villains Shop [INC]",,,,,10,
Siamese Cat Song,Lady and the Tramp OST,,,,,,Fantasyland,"Castle Heraldry Shoppe [INC], Disney Villains Shop [INC]",,,,,15,
Kill the Beast,Beauty and the Beast OST,,,,,,Fantasyland,"Castle Heraldry Shoppe [INC], Disney Villains Shop [INC]",,,,,11,
Flotsam and Jetsam (Score),The Little Mermaid OST,,,,,,Fantasyland,"Castle Heraldry Shoppe [INC], Disney Villains Shop [INC]",,,,,8,
Audio clip from Sleeping Beauty - Maleficent sends the raven to search,,,,,,,Fantasyland,"Castle Heraldry Shoppe [INC], Disney Villains Shop [INC]",,,,,13,
Jafar’s Hour (Score),Aladdin OST,,,,,,Fantasyland,"Castle Heraldry Shoppe [INC], Disney Villains Shop [INC]",,,,,9,
Night on Bald Mountain (brief excerpt),,,,,,,Fantasyland,"Castle Heraldry Shoppe [INC], Disney Villains Shop [INC]",,,,,14,
Audio clip from Sleeping Beauty - Maleficent’s “gift” to baby Aurora,,,,,,,Fantasyland,"Castle Heraldry Shoppe [INC], Disney Villains Shop [INC]",,,,,12,
Audio clip from Pinocchio - Stromboli locks up Pinocchio,,,,,,,Fantasyland,"Castle Heraldry Shoppe [INC], Disney Villains Shop [INC]",,,,,16,
"Mine, Mine, Mine (edited – John Smith’s verse is removed)",Pocahontas OST,,,,,,Fantasyland,"Castle Heraldry Shoppe [INC], Disney Villains Shop [INC]",,,,,17,
"Audio clip from Alice in Wonderland
 – The Queen of Hearts condemns the Clubs to beheading",,,,,,,Fantasyland,"Castle Heraldry Shoppe [INC], Disney Villains Shop [INC]",,,,,18,
Jingle Bells,Goblin Market,,,9,"November 12, 2013 → January 1, 2014",Christmas,Adventureland,"Jingle Cruise Boathouse v.1 [REF], Jingle Cruise Boathouse v.3 [PRE]","A preliminary track list for the Disneyland 2013 Jingle Cruise Boathouse BGM. Every loop track has been compared against full-length album tracks. pixelated has noted where a loop track is not an exact match to an album track. Individual track lengths are measured from the start of that track to the start of the following track, so any gap between tracks is included in that time. See MouseBits, https://mousebits.com/smf/index.php?topic=8302.msg77972#msg77972 (2013). The loop returned for the 2025 holiday season (v.3), with an announcement removed (that was repeated twice in the loop).",1:27:37.492, 00:02:40.439,Mora's Modern Rhythmists,1,Preceded by a 2.63 sec. silent gap
It's Beginning To Look Like Christmas,White Christmas,,,10,"November 12, 2013 → January 1, 2014",Christmas,Adventureland,"Jingle Cruise Boathouse v.1 [REF], Jingle Cruise Boathouse v.3 [PRE]",,,00:02:44.162,Bing Crosby,22,
Jingle Bells (in Hawaiian),Santa's Gone Hawaiian!,,,5,"November 12, 2013 → January 1, 2014",Christmas,Adventureland,"Jingle Cruise Boathouse v.1 [REF], Jingle Cruise Boathouse v.3 [PRE]",,,00:02:35.614,Genoa Keawe & Her Hawaiians,19,
Let It Snow! Let It Snow! Let It Snow!,Wishes You A Swinging Christmas,,,8,"November 12, 2013 → January 1, 2014",Christmas,Adventureland,"Jingle Cruise Boathouse v.1 [REF], Jingle Cruise Boathouse v.3 [PRE]",,,00:02:41.169,Ella Fitzgerald,17,
Meet Me Under The Mistletoe,Swingin' Christmas,,,6,"November 12, 2013 → January 1, 2014",Christmas,Adventureland,"Jingle Cruise Boathouse v.1 [REF], Jingle Cruise Boathouse v.3 [PRE]",,,00:02:47.198,Dick Robertson,18,
I Want A Hippopotamus For Christmas,Dr. Demento Presents The Greatest Christmas Novelty CD Of All Time,,,5,"November 12, 2013 → January 1, 2014",Christmas,Adventureland,"Jingle Cruise Boathouse v.1 [REF], Jingle Cruise Boathouse v.3 [PRE]",,, 00:02:34.808,Gayla Peevey,14,
Santa Claus Came In The Spring,Swingin' Christmas,,,5,"November 12, 2013 → January 1, 2014",Christmas,Adventureland,"Jingle Cruise Boathouse v.1 [REF], Jingle Cruise Boathouse v.3 [PRE]",,,00:03:05.358,Benny Goodman,26,
Cool Yule,Swingin' Christmas,,,17,"November 12, 2013 → January 1, 2014",Christmas,Adventureland,"Jingle Cruise Boathouse v.1 [REF], Jingle Cruise Boathouse v.3 [PRE]",,,00:02:52.757,Louis Armstrong,5,
Have Yourself a Merry Little Christmas,Wishes You A Swinging Christmas,,,3,"November 12, 2013 → January 1, 2014",Christmas,Adventureland,"Jingle Cruise Boathouse v.1 [REF], Jingle Cruise Boathouse v.3 [PRE]",,,00:02:53.831,Ella Fitzgerald,9,
Winter Wonderland, ,,,,"November 12, 2013 → January 1, 2014",Christmas,Adventureland,"Jingle Cruise Boathouse v.1 [REF], Jingle Cruise Boathouse v.3 [PRE]",,,00:02:43.371,Ted Weems & His Orchestra,4,
What Will Santa Claus Say,Swingin' Christmas,,,1,"November 12, 2013 → January 1, 2014",Christmas,Adventureland,"Jingle Cruise Boathouse v.1 [REF], Jingle Cruise Boathouse v.3 [PRE]",,,00:03:08.839,Louis Prima,21,
Sleigh Ride,In the Christmas Mood,,,1,"November 12, 2013 → January 1, 2014",Christmas,Adventureland,"Jingle Cruise Boathouse v.1 [REF], Jingle Cruise Boathouse v.3 [PRE]",,,00:03:41.106,The Glenn Miller Orchestra,6,
Swingin' Them Jingle Bells,Swingin' Christmas,,,2,"November 12, 2013 → January 1, 2014",Christmas,Adventureland,"Jingle Cruise Boathouse v.1 [REF], Jingle Cruise Boathouse v.3 [PRE]",,,00:03:04.372,Fats Waller,28,
Mele Kalikimaka, ,,,,"November 12, 2013 → January 1, 2014",Christmas,Adventureland,"Jingle Cruise Boathouse v.1 [REF], Jingle Cruise Boathouse v.3 [PRE]",,,00:02:52.633,Bing Crosby and The Andrews Sisters,12,
Christmas Island,Christmas Cocktails Part 2 (Ultra Lounge),,,15,"November 12, 2013 → January 1, 2014",Christmas,Adventureland,"Jingle Cruise Boathouse v.1 [REF], Jingle Cruise Boathouse v.3 [PRE]",,,00:02:24.179,The Dinning Sisters & Bob Atcher,10,
Jungle Bells (Album Version),Christmas On Big Island,,,4,"November 12, 2013 → January 1, 2014",Christmas,Adventureland,"Jingle Cruise Boathouse v.1 [REF], Jingle Cruise Boathouse v.3 [PRE]",,,00:03:01.704,The Blue Hawaiians,13,
I Want A Hippopotamus For Christmas, ,,,,"November 12, 2013 → January 1, 2014",Christmas,Adventureland,"Jingle Cruise Boathouse v.1 [REF], Jingle Cruise Boathouse v.3 [PRE]",,,00:02:35.447,Gayla Peevey,29,
Winter Wonderland,Wishes You A Swinging Christmas,,,9,"November 12, 2013 → January 1, 2014",Christmas,Adventureland,"Jingle Cruise Boathouse v.1 [REF], Jingle Cruise Boathouse v.3 [PRE]",,,00:02:13.829,Ella Fitzgerald,25,
Winter Weather,Swingin' Christmas,,,7,"November 12, 2013 → January 1, 2014",Christmas,Adventureland,"Jingle Cruise Boathouse v.1 [REF], Jingle Cruise Boathouse v.3 [PRE]",,,00:02:59.902,Benny Goodman,24,
"Jing-A-Ling, Jing-A-Ling", ,,,,"November 12, 2013 → January 1, 2014",Christmas,Adventureland,"Jingle Cruise Boathouse v.1 [REF], Jingle Cruise Boathouse v.3 [PRE]",,,00:02:51.313,The Andrews Sisters,23,
Santa Claus Is Comin' To Town, ,,,,"November 12, 2013 → January 1, 2014",Christmas,Adventureland,"Jingle Cruise Boathouse v.1 [REF], Jingle Cruise Boathouse v.3 [PRE]",,,00:02:35.596,Woody Herman,15,
Winter Wonderland,Christmas In Hawaii,,,2,"November 12, 2013 → January 1, 2014",Christmas,Adventureland,"Jingle Cruise Boathouse v.1 [REF], Jingle Cruise Boathouse v.3 [PRE]",,,00:02:23.429,Jerry Byrd,16,
Mele Kalikimaka,Christmas With Arthur Godfrey And All The Little Godfreys,,,5,"November 12, 2013 → January 1, 2014",Christmas,Adventureland,"Jingle Cruise Boathouse v.1 [REF], Jingle Cruise Boathouse v.3 [PRE]",,, 00:01:39.605,Haleloke Kahauolopua,3,The loop version runs ~0.47 secs. slower than the album version.  Slowing down the album version causes the first half of the tracks to go very slightly out of sync.
(Everybody's Waitin' For) The Man With The Bag,Yule B' Swingin',,,8,"November 12, 2013 → January 1, 2014",Christmas,Adventureland,"Jingle Cruise Boathouse v.1 [REF], Jingle Cruise Boathouse v.3 [PRE]",,,00:02:39.025,Kay Starr,11,
Santa Claus Is Comin' To Town, ,,,,"November 12, 2013 → January 1, 2014",Christmas,Adventureland,"Jingle Cruise Boathouse v.1 [REF], Jingle Cruise Boathouse v.3 [PRE]",,, 00:02:40.044,Bing Crosby & The Andrews Sisters,2,"The loop version runs ~0.72 secs. slower than the ""A Merry Christmas with Bing Crosby and The Andrews Sisters"" album version. Slowing down the album version causes the first half of the tracks to go slightly out of sync."
Blue Christmas (Album Version),Christmas On Big Island,,,5,"November 12, 2013 → January 1, 2014",Christmas,Adventureland,"Jingle Cruise Boathouse v.1 [REF], Jingle Cruise Boathouse v.3 [PRE]",,,00:03:22.594,The Blue Hawaiians,7,
Santa Claus Got Stuck In My Chimney,Wishes You A Swinging Christmas,,,14,"November 12, 2013 → January 1, 2014",Christmas,Adventureland,"Jingle Cruise Boathouse v.1 [REF], Jingle Cruise Boathouse v.3 [PRE]",,,00:03:04.372,Ella Fitzgerald,27,
Merry Christmas Polka, ,,,,"November 12, 2013 → January 1, 2014",Christmas,Adventureland,"Jingle Cruise Boathouse v.1 [REF], Jingle Cruise Boathouse v.3 [PRE]",,,00:02:46.967,The Andrews Sisters,20,
Here Comes Santa Claus,A Merry Christmas with Bing Crosby and The Andrews Sisters,,,15,"November 12, 2013 → January 1, 2014",Christmas,Adventureland,"Jingle Cruise Boathouse v.1 [REF], Jingle Cruise Boathouse v.3 [PRE]",,,00:03:01.146,Bing Crosby and The Andrews Sisters,8,
Announcement,,,,,"November 12, 2013 → January 1, 2014",Christmas,Adventureland,"Jingle Cruise Boathouse v.1 [REF], Jingle Cruise Boathouse v.3 [PRE]",,,00:00:09.600,,7.5,
Announcement,,,,,"November 12, 2013 → January 1, 2014",Christmas,Adventureland,"Jingle Cruise Boathouse v.1 [REF], Jingle Cruise Boathouse v.3 [PRE]",,,00:00:59.141,,3.5,
Announcement,,,,,"November 12, 2013 → January 1, 2014",Christmas,Adventureland,"Jingle Cruise Boathouse v.1 [REF], Jingle Cruise Boathouse v.3 [PRE]",,,00:00:47.931,,10.5,
Announcement,,,,,"November 12, 2013 → January 1, 2014",Christmas,Adventureland,"Jingle Cruise Boathouse v.1 [REF], Jingle Cruise Boathouse v.3 [PRE]",,,00:00:12.251,,11.5,
Announcement,,,,,"November 12, 2013 → January 1, 2014",Christmas,Adventureland,"Jingle Cruise Boathouse v.1 [REF], Jingle Cruise Boathouse v.3 [PRE]",,,00:00:28.851,,13.5,
Announcement,,,,,"November 12, 2013 → January 1, 2014",Christmas,Adventureland,"Jingle Cruise Boathouse v.1 [REF], Jingle Cruise Boathouse v.3 [PRE]",,,00:00:56.798,,9.5,
Announcement,,,,,"November 12, 2013 → January 1, 2014",Christmas,Adventureland,"Jingle Cruise Boathouse v.1 [REF], Jingle Cruise Boathouse v.3 [PRE]",,,00:00:15.325,,5.5,
Announcement,,,,,"November 12, 2013 → January 1, 2014",Christmas,Adventureland,"Jingle Cruise Boathouse v.1 [REF], Jingle Cruise Boathouse v.3 [PRE]",,,00:00:14.088,,16.5,
Announcement,,,,,"November 12, 2013 → January 1, 2014",Christmas,Adventureland,"Jingle Cruise Boathouse v.1 [REF], Jingle Cruise Boathouse v.3 [PRE]",,,00:00:32.031,,17.5,
Announcement,,,,,"November 12, 2013 → January 1, 2014",Christmas,Adventureland,"Jingle Cruise Boathouse v.1 [REF], Jingle Cruise Boathouse v.3 [PRE]",,,00:00:29.936,,28.5,
Announcement,,,,,"November 12, 2013 → January 1, 2014",Christmas,Adventureland,"Jingle Cruise Boathouse v.1 [REF], Jingle Cruise Boathouse v.3 [PRE]",,,00:00:19.941,,21.5,
Announcement,,,,,"November 12, 2013 → January 1, 2014",Christmas,Adventureland,"Jingle Cruise Boathouse v.1 [REF], Jingle Cruise Boathouse v.3 [PRE]",,,00:00:11.747,,22.5,
Announcement,,,,,"November 12, 2013 → January 1, 2014",Christmas,Adventureland,"Jingle Cruise Boathouse v.1 [REF], Jingle Cruise Boathouse v.3 [PRE]",,,00:00:07.441,,19.5,
Announcement,,,,,"November 12, 2013 → January 1, 2014",Christmas,Adventureland,"Jingle Cruise Boathouse v.1 [REF], Jingle Cruise Boathouse v.3 [PRE]",,,00:00:59.835,,25.5,
Announcement,,,,,"November 12, 2013 → January 1, 2014",Christmas,Adventureland,"Jingle Cruise Boathouse v.1 [REF], Jingle Cruise Boathouse v.3 [PRE]",,,00:00:13.115,,29.5,
See loop notes and v.1,,,,,,Christmas,Adventureland,Jingle Cruise Boathouse v.2 [INC],"Starting in 2014, a second version of the Jingle Cruise loop played with no announcements between tracks and the second “I want a Hippopotamus for Christmas” track was removed. Apparently, ""Rudolf the Red Nosed Reindeer"" by Arthur Lyman (the same one heard on the Trader Sam's Christmas loop) is also included in the loop. See MouseBits, https://mousebits.com/smf/index.php?topic=8302.msg83713;topicseen#msg83713 (2014).",Unknown,,,1,
"‘Round the Corner, Sally",Unreleased,,,,"January 1, 1976 → September 7, 1998",,Tomorrowland,Submarine Voyage Queue,,,,,9,
A Whale of a Tale,WDW Forever,,,,"January 1, 1976 → September 7, 1998",,Tomorrowland,Submarine Voyage Queue,,,,,8,
A Long Time Ago,Unreleased,,,,"January 1, 1976 → September 7, 1998",,Tomorrowland,Submarine Voyage Queue,,,,,7,
Hawaiian Honeymoon,Hawaiian Favourites,,,,"December 19, 2018",,Adventureland,Tropical Hideaway daytime,"This loop plays at the Tropical Hideaway counter-service restaurant during the day, 2018-present. Track listing compiled by pixelated. See MouseBits, https://mousebits.com/smf/index.php?topic=9972.msg93530#msg93530 (2018).",01:05:17.473,00:01:46.403,The Waikiki Beach Boys,1,
Jungle Drums,The Best of Jungle Echoes,,,,"December 19, 2018",,Adventureland,Tropical Hideaway daytime,,,00:00:48.633,Chaino,29,
Kalua,Hawaiian Percussion,,,,"December 19, 2018",,Adventureland,Tropical Hideaway daytime,,,00:00:53.574,Billy Mure,9,
Love Dance,Ritual of the Savage,,,,"December 19, 2018",,Adventureland,Tropical Hideaway daytime,,,00:02:06.695,Les Baxter,12,
Frenesi,Chant of the Jungle,,,,"December 19, 2018",,Adventureland,Tropical Hideaway daytime,,,00:03:58.557,Augie Colon,21,
Rey quiché,"""Mexique - Guatemala - Mexico - Guatemala: Marimbas"" (Air Mail Music Collection)",,,,"December 19, 2018",,Adventureland,Tropical Hideaway daytime,,,00:02:00.973,Guatemala Traditional,17,
Orange Tamore,Isle of Enchantment,,,,"December 19, 2018",,Adventureland,Tropical Hideaway daytime,,,00:02:02.726,Arthur Lyman,5,
Lemon Tree,Lyman '66,,,,"December 19, 2018",,Adventureland,Tropical Hideaway daytime,,,00:02:39.361,Arthur Lyman,11,
Adventureland,Walt Disney Takes You To Disneyland,,,,"December 19, 2018",,Adventureland,Tropical Hideaway daytime,,,00:02:05.022,Disney Concert Orchestra,4,
Elfenchor,Walt Disney's Enchanted Tiki Room,,,,"December 19, 2018",,Adventureland,Tropical Hideaway daytime,,,00:00:52.869,Jacques Offenbach (comp.),22,
Chiu Chiu,Chant of the Jungle,,,,"December 19, 2018",,Adventureland,Tropical Hideaway daytime,,,00:01:48.333,Augie Colon,8,
Thème de Huayno,Los Incas (Chants et danses de l'Amerique latine),,,,"December 19, 2018",,Adventureland,Tropical Hideaway daytime,,,00:03:02.724,Los Incas,14,
Tradewind,Eden's Island,,,,"December 19, 2018",,Adventureland,Tropical Hideaway daytime,,,00:01:26.464,Eden Ahbez,10,
Aloha Ia O Wai 'Anae,Sonny Chillingworth,,,,"December 19, 2018",,Adventureland,Tropical Hideaway daytime,,,00:02:12.604,Sonny Chillingworth,20,
Mi linda kelly,"""Mexique - Guatemala - Mexico - Guatemala: Marimbas"" (Air Mail Music Collection)",,,,"December 19, 2018",,Adventureland,Tropical Hideaway daytime,,,00:02:42.740,Guatemala Traditional,25,
Life Has Its Trials,Afro-Harping,,,,"December 19, 2018",,Adventureland,Tropical Hideaway daytime,,,00:02:19.394,Dorothy Ashby,23,
Manchurian Melody,The Primiitve and the Passionate,,,,"December 19, 2018",,Adventureland,Tropical Hideaway daytime,,,00:01:50.310,Les Baxter,7,
Chant of the Jungle,Chant of the Jungle [partial],,,,"December 19, 2018",,Adventureland,Tropical Hideaway daytime,,,00:01:37.142,Augie Colon,3,
Temple of Gold,Sacred Idol,,,,"December 19, 2018",,Adventureland,Tropical Hideaway daytime,,,00:04:23.073,Les Baxter,19,
Jungle Drums,Britxotica! London's Rarest Primitive Pop and Savage Jazz,,,,"December 19, 2018",,Adventureland,Tropical Hideaway daytime,,,00:02:51.899,Ted Heath,6,
Jungle Drums,Chant of the Jungle,,,,"December 19, 2018",,Adventureland,Tropical Hideaway daytime,,,00:02:34.281,Augie Colon,15,
Primitiva,Chant of the Jungle,,,,"December 19, 2018",,Adventureland,Tropical Hideaway daytime,,,00:03:17.370,Augie Colon,27,
Adventureland,Walt Disney Takes You To Disneyland,,,,"December 19, 2018",,Adventureland,Tropical Hideaway daytime,,,00:02:58.543,Disney Concert Orchestra,13,
Legend of the Rain (Instrumental),"Paradise Lost & Found, Songs of Hawaii Old and New",,,,"December 19, 2018",,Adventureland,Tropical Hideaway daytime,,,00:02:25.919,Waitiki,18,
Adventureland,Walt Disney Takes You To Disneyland,,,,"December 19, 2018",,Adventureland,Tropical Hideaway daytime,,,00:01:44.152,Disney Concert Orchestra,2,
Sea Nymph,Jewels of the Sea,,,,"December 19, 2018",,Adventureland,Tropical Hideaway daytime,,,00:01:42.317,Les Baxter,16,
Tangi Tika,Arthur Lyman on Screen,,,,"December 19, 2018",,Adventureland,Tropical Hideaway daytime,,,00:02:26.429,Arthur Lyman,28,
Adventureland,Walt Disney Takes You To Disneyland,,,,"December 19, 2018",,Adventureland,Tropical Hideaway daytime,,,00:02:24.369,Disney Concert Orchestra,26,
Cuchibamba,Tamboo!,,,,"December 19, 2018",,Adventureland,Tropical Hideaway daytime,,,00:01:26.240,Les Baxter,24,
The Girl Behind the Bamboo Curtain,The Soul of the Drums,,,,"December 19, 2018",,Adventureland,Tropical Hideaway daytime,,,00:00:48.357,Les Baxter,30,
Elfenchor,Walt Disney's Enchanted Tiki Room,,,,"December 19, 2018",,Adventureland,Tropical Hideaway nighttime,"This loop plays at the Tropical Hideaway counter-service restaurant at night, 2018-present. Track listing compiled by pixelated. See MouseBits, https://mousebits.com/smf/index.php?topic=9972.msg93530#msg93530 (2018).",01:23:27.631,00:02:26.473,Jacques Offenbach (comp.),1,
Sueno en Paraguay,Amansara,,,,"December 19, 2018",,Adventureland,Tropical Hideaway nighttime,,,00:03:39.180,Chancha Via Circuito,28,
One Night in Tokyo,Polynesia,,,,"December 19, 2018",,Adventureland,Tropical Hideaway nighttime,,,00:02:21.701,Arthur Lyman,26,
Tiki Diva,Tiki Moon,,,,"December 19, 2018",,Adventureland,Tropical Hideaway nighttime,,,00:04:37.072,Kenny Sasaki & The Tiki Boys,24,
Black Panther,The Savage and the Sensuous Bongos,,,,"December 19, 2018",,Adventureland,Tropical Hideaway nighttime,,,00:03:11.977,Don Ralke,15,
Adventureland,Walt Disney Takes You to Disneyland,,,,"December 19, 2018",,Adventureland,Tropical Hideaway nighttime,,,00:00:48.913,Disney Concert Orchestra,16,
Adventureland,Walt Disney Takes You to Disneyland,,,,"December 19, 2018",,Adventureland,Tropical Hideaway nighttime,,,00:00:57.027,Disney Concert Orchestra,22,
Brazil (Bossa Nova),Cotton Fields,,,,"December 19, 2018",,Adventureland,Tropical Hideaway nighttime,,,00:02:00.710,Arthur Lyman,10,
At the Tiki Bar,Tiki Moon,,,,"December 19, 2018",,Adventureland,Tropical Hideaway nighttime,,,00:01:39.787,Kenny Sasaki & The Tiki Boys,27,
Hilawe,Hawaiian Sunset,,,,"December 19, 2018",,Adventureland,Tropical Hideaway nighttime,,,00:01:06.506,Arthur Lyman,2,
Temple of the Snake God,Call of the Islands,,,,"December 19, 2018",,Adventureland,Tropical Hideaway nighttime,,,00:07:05.335,Ìxtahuele,21,
Market Place,Eden's Island,,,,"December 19, 2018",,Adventureland,Tropical Hideaway nighttime,,,00:02:24.941,Eden Ahbez,20,
La Paloma,The Very Best of Arthur Lyman,,,,"December 19, 2018",,Adventureland,Tropical Hideaway nighttime,,,00:02:27.695,Arthur Lyman,7,
Manila,Charred Mammal Flesh: Exotic Music for BBQ,,,,"December 19, 2018",,Adventureland,Tropical Hideaway nighttime,,,00:04:24.485,Waitiki,5,
Yellow Bird,Yellow Bird,,,,"December 19, 2018",,Adventureland,Tropical Hideaway nighttime,,,00:02:38.319,Arthur Lyman,18,
Crescent,Invisible Cities,,,,"December 19, 2018",,Adventureland,Tropical Hideaway nighttime,,,00:06:48.438,NOMO,25,
Adventureland,Walt Disney Takes You to Disneyland,,,,"December 19, 2018",,Adventureland,Tropical Hideaway nighttime,,,00:01:14.883,Disney Concert Orchestra,11,
The Rose of Bukhara,Mareld,,,,"December 19, 2018",,Adventureland,Tropical Hideaway nighttime,,,00:03:38.248,Ìxtahuele,14,
The Palace of the Tiger Women,Tiki for the Atomic Age,,,,"December 19, 2018",,Adventureland,Tropical Hideaway nighttime,,,00:02:20.535,Kava Kon,6,
"Lord, What a Morning",The Soul of the Drums,,,,"December 19, 2018",,Adventureland,Tropical Hideaway nighttime,,,00:03:55.251,Les Baxter,12,
Adventureland,Walt Disney Takes You to Disneyland,,,,"December 19, 2018",,Adventureland,Tropical Hideaway nighttime,,,00:00:54.720,Disney Concert Orchestra,3,
Damballah,Isle of Magic,,,,"December 19, 2018",,Adventureland,Tropical Hideaway nighttime,,,00:04:49.066,Mop Mop,19,
Ritual of the Cobra,The Savage and the Sensuous Bongos,,,,"December 19, 2018",,Adventureland,Tropical Hideaway nighttime,,,00:02:33.864,Don Ralke,9,
Cave of Uldo,Charred Mammal Flesh: Exotic Music for BBQ,,,,"December 19, 2018",,Adventureland,Tropical Hideaway nighttime,,,00:02:35.616,Waitiki,17,
Moon Goddess,The Savage and the Sensuous Bongos,,,,"December 19, 2018",,Adventureland,Tropical Hideaway nighttime,,,00:02:46.152,Don Ralke,4,
El Naddaha,Call of the Islands,,,,"December 19, 2018",,Adventureland,Tropical Hideaway nighttime,,,00:02:39.867,Ìxtahuele,8,
Green Lemonade,Bird Island,,,,"December 19, 2018",,Adventureland,Tropical Hideaway nighttime,,,00:02:44.299,Kenny Sasaki & The Tiki Boys,13,
Bodas de Oro,Mambo Sinuendo,,,,"December 19, 2018",,Adventureland,Tropical Hideaway nighttime,,,00:04:36.571,Ry Cooder & Manuel Galban,23,
Frisco Rag,30 Barbary Coast Favorites (Fantasy 3270),,Fantasy,,"January 1, 1976 → November 1, 1991",,Main Street U.S.A.,"Main Street U.S.A. v.2 ""AM""","This loop played on Main Street, U.S.A. from 1976-1991. The loop was created by Jack Wagner for both MK and DL, and is often known as the AM loop, although from observation of home videos it was not necessarily constrained to a time of day. See Magic Music, https://community.magicmusic.net/threads/frontierland-loop-question.3677/#post-25773 (2008), Disney Parks Music Compendium, https://disney-parks-music-compendium.blogspot.com/2022/12/main-street-usa-bgm-1976-am.html (2014), http://passport2dreams.blogspot.com/2013/04/main-street-usa-1976-1991-morning.html (2013), and MouseBits https://mousebits.com/smf/index.php?topic=7973.msg71919#msg71919 (2013).",~00:59:00,,San Francisco Harry & the Barbary Coast Bandits,1,
"Wells Fargo Wagon (written 1957, fictional date 1912)",Unreleased,,,,"January 9, 2012",,Main Street U.S.A.,Main Street U.S.A. v.4,"This loop has played on Main Street, U.S.A. from 2012 onward.  The tracks were custom compositions by Dean Mora performed by the Dean Mora Orchestra. See MouseBits, https://mousebits.com/smf/index.php?topic=6968.msg58915#msg58915 (2012). All composition dates (fictional or real) are listed with the track titles for context. ",00:55:53,,Dean Mora Orchestra,1,
Yankee Doodle Boy (1904),Unreleased,,,,"January 9, 2012",,Main Street U.S.A.,Main Street U.S.A. v.4,,,,Dean Mora Orchestra,28,
The Band Played On (1895),Unreleased,,,,"January 9, 2012",,Main Street U.S.A.,Main Street U.S.A. v.4,,,,Dean Mora Orchestra,10,
"Fortuosity (written 1965, fictional date 1916)",Unreleased,,,,"January 9, 2012",,Main Street U.S.A.,Main Street U.S.A. v.4,,,,Dean Mora Orchestra,20,
"Kansas City (written 1943, fictional date 1906)",Unreleased,,,,"January 9, 2012",,Main Street U.S.A.,Main Street U.S.A. v.4,,,,Dean Mora Orchestra,27,
"Before the Parade Passes By (written 1964, fictional date early 1900's)",Unreleased,,,,"January 9, 2012",,Main Street U.S.A.,Main Street U.S.A. v.4,,,,Dean Mora Orchestra,12,
Alexander's Ragtime Band (1911),Unreleased,,,,"January 9, 2012",,Main Street U.S.A.,Main Street U.S.A. v.4,,,,Dean Mora Orchestra,11,
Meet Me in St. Louis (1904),Unreleased,,,,"January 9, 2012",,Main Street U.S.A.,Main Street U.S.A. v.4,,,,Dean Mora Orchestra,25,
Dearie (1950),Unreleased,,,,"January 9, 2012",,Main Street U.S.A.,Main Street U.S.A. v.4,,,,Dean Mora Orchestra,14,
"Married Life (written 2009, fictional date early 1900's)",Disneyland Resort Official Album (2013),,,,"January 9, 2012",,Main Street U.S.A.,Main Street U.S.A. v.4,,,,Dean Mora Orchestra,4,Also available on The Legacy Collection: Disneyland
"Goodbye, My Coney Island Baby (1924)",Unreleased,,,,"January 9, 2012",,Main Street U.S.A.,Main Street U.S.A. v.4,,,,Dean Mora Orchestra,13,
Sidewalks of New York (1894),Unreleased,,,,"January 9, 2012",,Main Street U.S.A.,Main Street U.S.A. v.4,,,,Dean Mora Orchestra,22,
Oh! You Drummer (1910),Unreleased,,,,"January 9, 2012",,Main Street U.S.A.,Main Street U.S.A. v.4,,,,Dean Mora Orchestra,21,
It's a Long Way To Tipperary (1912),Unreleased,,,,"January 9, 2012",,Main Street U.S.A.,Main Street U.S.A. v.4,,,,Dean Mora Orchestra,18,
Old Timers Waltz Medley (1917),Unreleased,,,,"January 9, 2012",,Main Street U.S.A.,Main Street U.S.A. v.4,,,,Dean Mora Orchestra,8,
"Oh, You Beautiful Doll (1911)",Unreleased,,,,"January 9, 2012",,Main Street U.S.A.,Main Street U.S.A. v.4,,,,Dean Mora Orchestra,7,
Maple Leaf Rag (1899),Unreleased,,,,"January 9, 2012",,Main Street U.S.A.,Main Street U.S.A. v.4,,,,Dean Mora Orchestra,3,
"Elegance (written 1964, fictional date early 1900's)",Unreleased,,,,"January 9, 2012",,Main Street U.S.A.,Main Street U.S.A. v.4,,,,Dean Mora Orchestra,26,
By the Light of the Silvery Moon (1909),Unreleased,,,,"January 9, 2012",,Main Street U.S.A.,Main Street U.S.A. v.4,,,,Dean Mora Orchestra,17,
Let Me Call You Sweetheart (1910),Unreleased,,,,"January 9, 2012",,Main Street U.S.A.,Main Street U.S.A. v.4,,,,Dean Mora Orchestra,5,
In the Good Old Summertime (1902),Unreleased,,,,"January 9, 2012",,Main Street U.S.A.,Main Street U.S.A. v.4,,,,Dean Mora Orchestra,19,
"Put On Your Sunday Clothes (written 1964, fictional date 1900)",Unreleased,,,,"January 9, 2012",,Main Street U.S.A.,Main Street U.S.A. v.4,,,,Dean Mora Orchestra,2,
Wait 'Till the Sun Shine Nellie (1905),Unreleased,,,,"January 9, 2012",,Main Street U.S.A.,Main Street U.S.A. v.4,,,,Dean Mora Orchestra,24,
Delerium Tremens Rag (1913),Unreleased,,,,"January 9, 2012",,Main Street U.S.A.,Main Street U.S.A. v.4,,,,Dean Mora Orchestra,15,
There'll Be a Hot Time In the Old Town Tonight (1896),Unreleased,,,,"January 9, 2012",,Main Street U.S.A.,Main Street U.S.A. v.4,,,,Dean Mora Orchestra,23,
Put on Your Old Grey Bonnet (1909),Unreleased,,,,"January 9, 2012",,Main Street U.S.A.,Main Street U.S.A. v.4,,,,Dean Mora Orchestra,9,
"Surrey With the Fringe On Top (written 1943, fictional date 1906)",Unreleased,,,,"January 9, 2012",,Main Street U.S.A.,Main Street U.S.A. v.4,,,,Dean Mora Orchestra,6,
"Hello, Ma Baby (1899)",Unreleased,,,,"January 9, 2012",,Main Street U.S.A.,Main Street U.S.A. v.4,,,,Dean Mora Orchestra,16,
Keystone Kapers or Custard's Last Stand,"Rides, Rapes & Rescues (Liberty LST 7185)",1,Liberty,1,,,Main Street U.S.A.,Main Street Cinema [REF],,,02:10.353,Hangnails Hennessey and Wingy Brubeck,2,Edited to remove spoken introduction; runs slightly faster than the source track (loop copied over from tape)
Madame Fifi's Can-Can or La Derriere de Ma Tante,"Rides, Rapes & Rescues (Liberty LST 7185)",2,Liberty,1,,,Main Street U.S.A.,Main Street Cinema [REF],"This loop plays at the Main Street Cinema. Five Mickey Mouse shorts play on separate screens without sound, whereas the sixth (Steamboat Willie) has sound that plays in competition with the loop. See MouseBits, https://mousebits.com/smf/index.php?topic=4217.msg29304#msg29304 (2009) and Disney Parks Music Compendium, https://disney-parks-music-compendium.blogspot.com/2022/11/main-street-cinema-bgm.html. The loop was probably compiled by Jack Wagner and installed in the 70’s. The vocal introductions were removed in 1983 when the Cinema switched to all Mickey Mouse shorts in 1983 (https://community.magicmusic.net/threads/main-street-cinema-dl-playlist-and-question.4125/#post-30547 and https://community.magicmusic.net/threads/dlrp-main-street-music-what-is-it.1890/#post-12735).",00:09:30.004,02:15.441,Hangnails Hennessey and Wingy Brubeck,1,Edited to remove spoken introduction; runs slightly faster than the source track (loop copied over from tape)
"Silents Please! ""The Pearls of Murine"" - Chapter 11 - ""Death or Dishonor”","Rides, Rapes & Rescues (Liberty LST 7185)",1,Liberty,2,,,Main Street U.S.A.,Main Street Cinema [REF],,,02:22.761,Hangnails Hennessey and Wingy Brubeck,3,Edited to remove spoken introduction; runs slightly faster than the source track (loop copied over from tape)
"A Mustache, A Derby, A Cane and A Cop","Rides, Rapes & Rescues (Liberty LST 7185)",1,Liberty,4,,,Main Street U.S.A.,Main Street Cinema [REF],,,02:41.477,Hangnails Hennessey and Wingy Brubeck,4,Edited to remove spoken introduction; runs slightly faster than the source track (loop copied over from tape)
Songe d'Automne,Salon to Swing,,Chandos,,"January 1, 1992",,Main Street U.S.A.,Plaza Inn [REF],"Interior loop for the Plaza Inn since ca. 1992. See Disney Parks Music Compendium, https://disney-parks-music-compendium.blogspot.com/2022/12/plaza-inn-bgm-1992.html (2014) and MouseBits: https://mousebits.com/smf/index.php?topic=5938.msg46746#msg46746 (2010). Depending on the time of day (mostly morning) the loop is sometimes replaced by the Main Street BGM or a different BGM used for birthday parties. The loop plays in and outside of the restaurant as well as in the adjacent restrooms.",01:00:19,,Palm Court Theatre Orchestra,1,
Smiles,The Whistler and His Dog,,Newport Classics,,"January 1, 1992",,Main Street U.S.A.,Plaza Inn [REF],,,,Paragon Ragtime Orchestra,13,
Tea for Two,"Tea Time Ensemble, Vol. 1",,Koch International Classics,,"January 1, 1992",,Main Street U.S.A.,Plaza Inn [REF],,,,Tea Time Ensemble,11,
Wiener Praterleben,Serenata,,Philips Classics,,"January 1, 1992",,Main Street U.S.A.,Plaza Inn [REF],,,,Maastricht Salon Orchestra,7,"Edited: 00:00 - 01:05, 01:40 - 03:29"
Serenade,Viveza in Palm Court Style,,Skylark,,"January 1, 1992",,Main Street U.S.A.,Plaza Inn [REF],,,,Viveza,2,
Vale Musette & Charmain,"Tea Time Ensemble, Vol. 1",,Koch International Classics,,"January 1, 1992",,Main Street U.S.A.,Plaza Inn [REF],,,,Tea Time Ensemble,10,
Waltz for Evelyn,Ragtime [Soundtrack],,Roadrunner Records,,"January 1, 1992",,Main Street U.S.A.,Plaza Inn [REF],,,,Randy Newman,5,
Silver Birds,The Picnic Party,,Chandos,,"January 1, 1992",,Main Street U.S.A.,Plaza Inn [REF],,,,Palm Court Theatre Orchestra,17,Edited: 00:44 - End
Marstastal,Viveza in Palm Court Style,,Skylark,,"January 1, 1992",,Main Street U.S.A.,Plaza Inn [REF],,,,Viveza,9,
The Grasshopper's Dance,The Picnic Party,,Chandos,,"January 1, 1992",,Main Street U.S.A.,Plaza Inn [REF],,,,Palm Court Theatre Orchestra,14,
Heinzelmannchens,Serenata,,Philips Classics,,"January 1, 1992",,Main Street U.S.A.,Plaza Inn [REF],,,,Maastricht Salon Orchestra,8,Edited: 00:11 - End
Gnomenparade,"Tea Time Ensemble, Vol. 1",,Koch International Classics,,"January 1, 1992",,Main Street U.S.A.,Plaza Inn [REF],,,,Tea Time Ensemble,15,
Old Ideas,Viveza in Palm Court Style,,Skylark,,"January 1, 1992",,Main Street U.S.A.,Plaza Inn [REF],,,,Viveza,3,Edited: 01:04 - End
Fragrance,Salon to Swing,,Chandos,,"January 1, 1992",,Main Street U.S.A.,Plaza Inn [REF],,,,Palm Court Theatre Orchestra,4,
In the Shadows,The Picnic Party,,Chandos,,"January 1, 1992",,Main Street U.S.A.,Plaza Inn [REF],,,,Palm Court Theatre Orchestra,18,
Fanny Polka,Abendsterne,,Denon Records,,"January 1, 1992",,Main Street U.S.A.,Plaza Inn [REF],,,,Biedermeier Ensemble Wien,16,
Liebesfreund,Passione Amorosa,,Harmonia Mundi,,"January 1, 1992",,Main Street U.S.A.,Plaza Inn [REF],,,,Le Virtuose Romantique,6,
Drun't in der Lobau,"Tea Time Ensemble, Vol. 1",,Koch International Classics,,"January 1, 1992",,Main Street U.S.A.,Plaza Inn [REF],,,,Tea Time Ensemble,12,
Selections From Mary Poppins,Captain Lowell E. Graham Conducts National Symphonic Winds – Center Stage,,,,,,Main Street U.S.A.,Jolly Holiday Bakery Café,"A preliminary track list for the Disneyland Jolly Holiday Bakery Café, which opened in January 2012. Individual track lengths are measured from the start of that track to the start of the following track, so any gap between tracks is included in that time. See MouseBits, https://mousebits.com/smf/index.php?topic=7116.msg61477#msg61477 (2012). Additional information provided by VJ.",00:23:48.554,4:22.094,National Symphonic Winds,1,Preceded by a 0.9 second silent gap. May be edited; this is unverified.
Chim Chim Cher-ee (Instrumental),Disney's Karaoke Series: Mary Poppins,,,,,,Main Street U.S.A.,Jolly Holiday Bakery Café,,,1:10.041,,7,Edited.
A Spoonful of Sugar,Disney's Orchestra Collection Vol. 1,,,,,,Main Street U.S.A.,Jolly Holiday Bakery Café,,,3:29.606,Never Land Orchestra,3,
Let's Go Fly a Kite,Tokyo Disneyland/WDW Magic Kingdom main entrance BGM,,,,,,Main Street U.S.A.,Jolly Holiday Bakery Café,,,3:25.229,,2,
Mary Poppins Medley,Salute to Disney,,,,,,Main Street U.S.A.,Jolly Holiday Bakery Café,,,3:46.520,"Arthur Fiedler, Boston Pops Orchestra",5,"Preceded by a gap. The loop track starts at ~5:20 of the album track to reduce the medley to only ""Supercalifragilisticexpialidocious"" (#2) and ""Chim Chim Cher-ee"" (#3)."
Overture,Mary Poppins Original Soundtrack,,,,,,Main Street U.S.A.,Jolly Holiday Bakery Café,,,1:06.665,"Richard M. Sherman, Robert B. Sherman",6,Preceded by a gap. Edited to only include “A Spoonful of Sugar”
Jolly Holiday,Mary Poppins Original Soundtrack,,,,,,Main Street U.S.A.,Jolly Holiday Bakery Café,,,1:38.493,"Julie Andrews, Dick Van Dyke",8,Edited 2:52.9 to 4:31 (?)
Chim Chim Cher-ee,Disney's Orchestra Collection Vol. 2,,,4,,,Main Street U.S.A.,Jolly Holiday Bakery Café,,,2:36.595,Never Land Orchestra,4,Preceded by a gap. The loop track runs about 0.087 secs. faster than the album track.
Supercalifragilisticexpialidocious,"Disney’s Orchestra Collection, Vol. 3",,,,,,Main Street U.S.A.,Jolly Holiday Bakery Café,,,2:13.218,Never Land Orchestra,9,"Preceded by a gap. "
Original Rags,The Art of Scott Joplin,,,,,,Main Street U.S.A.,Emporium,"This ragtime loop played in the interior of the Disneyland Emporium. The loop plays very quietly and is usually difficult to hear in the store. It is the same loop as that of the Liberty and Discovery Arcades at Disneyland Paris. See MouseBits, https://mousebits.com/smf/index.php?topic=9144.msg89579#msg89579 and https://mousebits.com/smf/index.php?topic=9607.msg91501#msg91501 (2017). Most tracks overlap by a few seconds towards the end to remove any silent gaps. “The Red Back Book” is out of print, but was re-released digitally as “The Art of Scott Joplin.” Also see Magic Music, https://community.magicmusic.net/threads/new-dl-emporium-music.963/#post-6369 which suggests the loop’s installation as ca. 2003.",01:00:55,0.9992x album speed using the digital release.,Gunther Schuller & New England Ragtime Ensemble,1,Preceded by ~1 second of silence
Elite Syncopations,The Art of Scott Joplin,,,,,,Main Street U.S.A.,Emporium,,,0.9992x album speed using the digital release.,Gunther Schuller & New England Ragtime Ensemble,2,
Magnetic Rag,The Art of Scott Joplin,,,,,,Main Street U.S.A.,Emporium,,,0.9992x album speed using the digital release.,Gunther Schuller & New England Ragtime Ensemble,3,
Palm Leaf Rag — A Slow Drag,The Art of Scott Joplin,,,,,,Main Street U.S.A.,Emporium,,,0.9992x album speed using the digital release.,Gunther Schuller & New England Ragtime Ensemble,6,
Bethena — A Concert Waltz,The Art of Scott Joplin,,,,,,Main Street U.S.A.,Emporium,,,0.9992x album speed using the digital release.,Gunther Schuller & New England Ragtime Ensemble,5,
Wall Street Rag,The Art of Scott Joplin,,,,,,Main Street U.S.A.,Emporium,,,0.9992x album speed using the digital release.,Gunther Schuller & New England Ragtime Ensemble,4,
Scott Joplin's New Rag,The Art of Scott Joplin,,,,,,Main Street U.S.A.,Emporium,,,0.9992x album speed using the digital release.,Gunther Schuller & New England Ragtime Ensemble,11,
The Easy Winners,The Red Back Book,,,,,,Main Street U.S.A.,Emporium,,,,The New England Conservatory Ragtime Ensemble,7,
Maple Leaf Rag,The Red Back Book,,,,,,Main Street U.S.A.,Emporium,,,,The New England Conservatory Ragtime Ensemble,9,
The Cascades,The Red Back Book,,,,,,Main Street U.S.A.,Emporium,,,,The New England Conservatory Ragtime Ensemble,8,
Euphonic Sounds — A Syncopated Novelty,The Art of Scott Joplin,,,,,,Main Street U.S.A.,Emporium,,,0.9992x album speed using the digital release.,Gunther Schuller & New England Ragtime Ensemble,10,
Pine Apple Rag,The Art of Scott Joplin,,,,,,Main Street U.S.A.,Emporium,,,0.9992x album speed using the digital release.,Gunther Schuller & New England Ragtime Ensemble,15,
Peacherine Rag,The Art of Scott Joplin,,,,,,Main Street U.S.A.,Emporium,,,0.9992x album speed using the digital release.,Gunther Schuller & New England Ragtime Ensemble,13,
The Rag Time Dance,The Red Back Book,,,,,,Main Street U.S.A.,Emporium,,,,The New England Conservatory Ragtime Ensemble,16,
Sugar Cane,The Red Back Book,,,,,,Main Street U.S.A.,Emporium,,,,The New England Conservatory Ragtime Ensemble,12,
Sun Flower Slow Drag,The Red Back Book,,,,,,Main Street U.S.A.,Emporium,,,,The New England Conservatory Ragtime Ensemble,14,
The Christmas Tree,The David Rose Christmas Album,,Capitol,,"November 1, 1972",Christmas,Main Street U.S.A.,Main Street U.S.A. Holiday,"This loop plays on Main Street, U.S.A. during the holiday season (November - January). Verified tracklist based on a reference recording by pixelated. MiceAge provides a nice analysis of all of the tracks: https://www.micechat.com/278726-holiday-special-disneylands-main-street-music-loop/ See MouseBits, https://mousebits.com/smf/index.php?topic=8247.msg75897#msg75897 (2013). Updated notes on high quality track re-releases posted by SSrustworthy on https://forums.mousebits.com/threads/disneyland-resort-christmas-loops-3-0.8247/post-100545https://forums.mousebits.com/threads/disneyland-resort-christmas-loops-3-0.8247/post-100545(2025). This loop has been known to play in the Storybook Canal Boats area and the Village Haus/Red Rose Taverne.",00:58:49,02:16.04,"David
  Rose",1,
Hark! The Herald Angels Sing,A Music Box Christmas,,Columbia,,"November 1, 1972",Christmas,Main Street U.S.A.,Main Street U.S.A. Holiday,,,01:44.72,Rita Ford,12,Edited: Fade In
Carol of the Bells,The Music of Christmas,,Capitol,,"November 1, 1972",Christmas,Main Street U.S.A.,Main Street U.S.A. Holiday,,,01:20.20,Hollywood Bowl Symphony Orchestra,21,
Jingle Bells,Merry Christmas,,Kapp/4 Corners of the World,,"November 1, 1972",Christmas,Main Street U.S.A.,Main Street U.S.A. Holiday,,,02:14.47,Raymond Lefevre & His Orchestra,11,"Edited: Fade In, Fade Out"
Hark! The Herald Angels Sing,Silent Night and 13 Other Best Loved Christmas Songs,,Dot,,"November 1, 1972",Christmas,Main Street U.S.A.,Main Street U.S.A. Holiday,,,01:56.03,Lawrence Welk & His Orchestra,28,
O Tannenbaum,A Music Box Christmas,,Columbia,,"November 1, 1972",Christmas,Main Street U.S.A.,Main Street U.S.A. Holiday,,,01:25.61,Rita Ford,15,Edited: Fade Out
Lobe Den Herren,A Music Box Christmas,,Columbia,,"November 1, 1972",Christmas,Main Street U.S.A.,Main Street U.S.A. Holiday,,,00:54.94,Rita Ford,30,
Rudolph the Red-Nosed Reindeer,Ed Sullivan Presents Music of Christmas,,Columbia,,"November 1, 1972",Christmas,Main Street U.S.A.,Main Street U.S.A. Holiday,,,01:50.43,Ed Sullivan,8,
The Christmas Song,The David Rose Christmas Album,,Capitol,,"November 1, 1972",Christmas,Main Street U.S.A.,Main Street U.S.A. Holiday,,,02:58.82,David Rose,9,Edited: Fade In
Petit Papa Noel (Little Father Christmas),The Christmas Album,,Kapp/4 Corners of the World,,"November 1, 1972",Christmas,Main Street U.S.A.,Main Street U.S.A. Holiday,,,02:14.13,Paul Mauriat,16,"MiceAge reports there is some debate over whether Raymond Lefevre's version of ""Little Father Christmas"" was originally used in the loop. pixelated's recording indicates that the current version does use ""Petit Papa Noel"" found on Paul Mauriat album."
Jingle Bell Rock,The Christmas Songbook,,Capitol,,"November 1, 1972",Christmas,Main Street U.S.A.,Main Street U.S.A. Holiday,,,02:26.76,Hollyridge Strings,17,
Ihr Kinderlein Kommet,Season's Greetings,,Liberty,,"November 1, 1972",Christmas,Main Street U.S.A.,Main Street U.S.A. Holiday,,,02:13.28,Felix Slatkin,22,"This track is mislabeled on the album as ""I Heard the Bells on Christmas Day”"
The First Noel,Ed Sullivan Presents Music of Christmas,,Columbia,,"November 1, 1972",Christmas,Main Street U.S.A.,Main Street U.S.A. Holiday,,,01:03.51,Ed Sullivan,20,
White Christmas,Silent Night and 13 Other Best Loved Christmas Songs,,Dot,,"November 1, 1972",Christmas,Main Street U.S.A.,Main Street U.S.A. Holiday,,,02:12.16,Lawrence Welk & His Orchestra,24,
Toyland,The David Rose Christmas Album,,Capitol,,"November 1, 1972",Christmas,Main Street U.S.A.,Main Street U.S.A. Holiday,,,01:30.13,David Rose,4,
Christmas Waltz,The David Rose Christmas Album,,Capitol,,"November 1, 1972",Christmas,Main Street U.S.A.,Main Street U.S.A. Holiday,,,03:11.05,David Rose,19,
Deck the Halls,Silent Night and 13 Other Best Loved Christmas Songs,,Dot,,"November 1, 1972",Christmas,Main Street U.S.A.,Main Street U.S.A. Holiday,,,01:04.76,Lawrence Welk & His Orchestra,29,
"Still, Still, Holy Melody",A Music Box Christmas,,Columbia,,"November 1, 1972",Christmas,Main Street U.S.A.,Main Street U.S.A. Holiday,,,02:02.69,Rita Ford,27,Edited: Fades Out
"Caroling, Caroling","The Sound of Chritmas, Vol. 2",,Capitol,,"November 1, 1972",Christmas,Main Street U.S.A.,Main Street U.S.A. Holiday,,,02:23.95,Hollywood Pops Orchestra,13,
I’ll Be Home for Christmas,Silent Night and 13 Other Best Loved Christmas Songs,,Dot,,"November 1, 1972",Christmas,Main Street U.S.A.,Main Street U.S.A. Holiday,,,02:06.11,Lawrence Welk & His Orchestra,25,
Rudolph the Red-Nosed Reindeer,Silent Night and 13 Other Best Loved Christmas Songs,,Dot,,"November 1, 1972",Christmas,Main Street U.S.A.,Main Street U.S.A. Holiday,,,02:01.71,Lawrence Welk & His Orchestra,26,
I’m Dreaming of a White Christmas,Ed Sullivan Presents Music of Christmas,,Columbia,,"November 1, 1972",Christmas,Main Street U.S.A.,Main Street U.S.A. Holiday,,,02:21.45,Ed Sullivan,6,Edited: Fade in
Silver Bells,Merry Christmas,,Kapp/4 Corners of the World,,"November 1, 1972",Christmas,Main Street U.S.A.,Main Street U.S.A. Holiday,,,02:10.20,Raymond Lefevre & His Orchestra,10,Edited: Fade In
Twelve Days of Christmas,The David Rose Christmas Album,,Capitol,,"November 1, 1972",Christmas,Main Street U.S.A.,Main Street U.S.A. Holiday,,,01:23.48,David Rose,2,
Zu Bethlehem Geboren,A Music Box Christmas,,Columbia,,"November 1, 1972",Christmas,Main Street U.S.A.,Main Street U.S.A. Holiday,,,00:52.11,Rita Ford,7,
The First Noel,A Music Box Christmas,,Columbia,,"November 1, 1972",Christmas,Main Street U.S.A.,Main Street U.S.A. Holiday,,,02:08.29,Rita Ford,3,
Ihr Kinderlein Kommet,A Music Box Christmas,,Columbia,,"November 1, 1972",Christmas,Main Street U.S.A.,Main Street U.S.A. Holiday,,,02:49.80,Rita Ford,23,
Deck the Halls,Season's Greetings,,Liberty,,"November 1, 1972",Christmas,Main Street U.S.A.,Main Street U.S.A. Holiday,,,02:05.32,Felix Slatkin,14,
Do You Hear What I Hear?,Ed Sullivan Presents Music of Christmas,,Columbia,,"November 1, 1972",Christmas,Main Street U.S.A.,Main Street U.S.A. Holiday,,,01:52.26,Ed Sullivan,5,Edited: 00:21 - End
Jingle Bells,A Music Box Christmas,,Columbia,,"November 1, 1972",Christmas,Main Street U.S.A.,Main Street U.S.A. Holiday,,,01:58.95],Rita Ford,18,
A Spoonful of Sugar,,,,,,,Main Street U.S.A.,Plaza Inn Character Breakfast v.1 [INC],"This loop played in and around the Plaza Inn as part of the Character Breakfasts. The tracklist was originally posted on http://web.archive.org/web/20070703011709/http://disneymusicloops.tripod.com/dlr/dlr-mainst-plazabreak.html (from before 2005) and MouseBits, https://mousebits.com/smf/index.php?topic=7994.msg71812#msg71812 (2013).",Unknown,,,1,
"Good Manners Announcement, ""Good Morning”",,,,,,,Main Street U.S.A.,Plaza Inn Character Breakfast v.1 [INC],,,,,2,
Bibbidi-Bobbidi-Boo,,,,,,,Main Street U.S.A.,Plaza Inn Character Breakfast v.1 [INC],,,,,4,
A Whole New World,,,,,,,Main Street U.S.A.,Plaza Inn Character Breakfast v.1 [INC],,,,,6,
Chim Chim Cheree,,,,,,,Main Street U.S.A.,Plaza Inn Character Breakfast v.1 [INC],,,,,9,
Once Upon a Dream,,,,,,,Main Street U.S.A.,Plaza Inn Character Breakfast v.1 [INC],,,,,3,
Unknown,,,,,,,Main Street U.S.A.,Plaza Inn Character Breakfast v.1 [INC],,,,,8,
Saddle Back,,,,,,,Main Street U.S.A.,Plaza Inn Character Breakfast v.1 [INC],,,,,5,This may have been played while a character skit was ongoing.
Beauty and the Beast,,,,,,,Main Street U.S.A.,Plaza Inn Character Breakfast v.1 [INC],,,,,10,
Whistle While You Work,,,,,,,Main Street U.S.A.,Plaza Inn Character Breakfast v.1 [INC],,,,,7,
You Can Fly! You Can Fly! You Can Fly!,Disney Strings Fantasy,,,,,,Main Street U.S.A.,Plaza Inn Minnie and Friends Breakfast in the Park v.1 [INC],"This loop played at the Plaza Inn during Minnie and Friends Breakfast in the Park, likely until ~2020 when the “Zip-a-dee-doo-dah” tracks were removed from BGMs around the resort. Heard in videos dating to at least 2007. See MouseBits, https://mousebits.com/smf/index.php?topic=7994.msg71851#msg71851 (2013).",Unknown,,,1,
March of the Cards,,,,,,,Main Street U.S.A.,Plaza Inn Minnie and Friends Breakfast in the Park v.1 [INC],,,,,,"Extended version of DLF track, found in Main Gates ‘92 loop"
Minnie's Yoo Hoo!,Unreleased,,,,,,Main Street U.S.A.,Plaza Inn Minnie and Friends Breakfast in the Park v.1 [INC],,,,,,"From a set of Japanese “Disney March” style tracks associated with WDW’s Magical Express, Goofy’s Kitchen, and DTDD’s Disney’s Wonderful World of Sweets."
Zip-A-Dee-Doo-Dah (Splash Mountain),Unreleased,,,,,,Main Street U.S.A.,Plaza Inn Minnie and Friends Breakfast in the Park v.1 [INC],,,,,,Esplanade/Main Gates Loop
My Oh My! What a Wonderful Day,Une Journee a Disneyland Paris,,,,,,Main Street U.S.A.,Plaza Inn Minnie and Friends Breakfast in the Park v.1 [INC],,,,,,
Songs from Winnie the Pooh (Album Version),Walt Disney World Band,,,,,,Main Street U.S.A.,Plaza Inn Minnie and Friends Breakfast in the Park v.1 [INC],,,,Walt Disney World Band,,
Mickey Mouse March,Unreleased,,,,,,Main Street U.S.A.,Plaza Inn Minnie and Friends Breakfast in the Park v.1 [INC],,,,,,"From a set of Japanese “Disney March” style tracks associated with WDW’s Magical Express, Goofy’s Kitchen, and DTDD’s Disney’s Wonderful World of Sweets."
Bibbidi-Bobbidi-Boo,Unreleased,,,,,,Main Street U.S.A.,Plaza Inn Minnie and Friends Breakfast in the Park v.1 [INC],,,,,,"From a set of Japanese “Disney March” style tracks associated with WDW’s Magical Express, Goofy’s Kitchen, and DTDD’s Disney’s Wonderful World of Sweets."
Some Day My Prince Will Come,Snow White and the Seven Dwarfs OST,,,,,,Main Street U.S.A.,The Storybook Store at Crystal Arcade [REF],"This loop plays in the Main Street, U.S.A Crystal Arcade in the department with signage reading “The Storybook Store”. Tracklist compiled by Karalora and wedroy1923 with notes from SSrustworthy based on a recording by pixelated. All tracks have vocals present. See MouseBits: https://mousebits.com/smf/index.php?topic=8015.msg72172#msg72172 (2013) and https://mousebits.com/smf/index.php?topic=7584.msg66612#msg66612 (2012), and https://forums.mousebits.com/threads/the-storybook-store-at-crystal-arcade.11140/. Also see Magic Music, https://community.magicmusic.net/threads/new-dl-emporium-music.963/#post-6369 which suggests the loop’s installation as predating 2003.",00:55:15.362,,,1,Edited to include 0:38.337 - end (omitting intro)
Finale,Sleeping Beauty OST,,,,,,Main Street U.S.A.,The Storybook Store at Crystal Arcade [REF],,,,,11,
Reception at the Palace / So This Is Love,Cinderella OST,,,,,,Main Street U.S.A.,The Storybook Store at Crystal Arcade [REF],,,,,9,Edited to include 2:38 to end
Bella Notte,Lady and the Tramp OST,,,,,,Main Street U.S.A.,The Storybook Store at Crystal Arcade [REF],,,,,4,Edited to include 1:40.535 - end (From just before Tony’s vocal to end)
Feed the Birds,Mary Poppins OST,,,,,,Main Street U.S.A.,The Storybook Store at Crystal Arcade [REF],,,,,10,
Little Wooden Head,Pinocchio OST,,,,,,Main Street U.S.A.,The Storybook Store at Crystal Arcade [REF],,,,,3,Edited to include 3:15.067 - 5:42.530
Perfect Nanny,Mary Poppins OST,,,,,,Main Street U.S.A.,The Storybook Store at Crystal Arcade [REF],,,,,17,
Looking for Romance,Bambi OST,,,,,,Main Street U.S.A.,The Storybook Store at Crystal Arcade [REF],,,,,22,
La La Lu,Lady and the Tramp OST,,,,,,Main Street U.S.A.,The Storybook Store at Crystal Arcade [REF],,,,,15,Edited to include 1:37.202 - end
Overture,Mary Poppins OST,,,,,,Main Street U.S.A.,The Storybook Store at Crystal Arcade [REF],,,,,26,
Main Title,Alice in Wonderland OST,,,,,,Main Street U.S.A.,The Storybook Store at Crystal Arcade [REF],,,,,16,Edited to include 0:00 - fade out over harp glissendo as next track starts
Main Title (The Second Star to the Right),Peter Pan OST,,,,,,Main Street U.S.A.,The Storybook Store at Crystal Arcade [REF],,,,,21,
The Siamese Cat Song,Lady and the Tramp OST,,,,,,Main Street U.S.A.,The Storybook Store at Crystal Arcade [REF],,,,,23,
In a World of My Own,Alice in Wonderland OST,,,,,,Main Street U.S.A.,The Storybook Store at Crystal Arcade [REF],,,,,25,"Edited to include 0:54.985 - "
Stay Awake,Mary Poppins OST,,,,,,Main Street U.S.A.,The Storybook Store at Crystal Arcade [REF],,,,,8,Edited to include 0:01.004 to end
Baby Mine,Dumbo OST,,,,,,Main Street U.S.A.,The Storybook Store at Crystal Arcade [REF],,,,,5,Edited to include 0:26.558 - end (Starts from “oohing” before first verse to end of song)
Your Mother and Mine,Peter Pan OST,,,,,,Main Street U.S.A.,The Storybook Store at Crystal Arcade [REF],,,,,2,"Edited to include 0:21.929 - 1:09.449 as only first verse, ending after “and mine”"
Mermaid Lagoon,Peter Pan OST,,,,,,Main Street U.S.A.,The Storybook Store at Crystal Arcade [REF],,,,,7,Edited 0:00 - 1:01.654 (subtle fade out)
All in the Golden Afternoon,Alice in Wonderland OST,,,,,,Main Street U.S.A.,The Storybook Store at Crystal Arcade [REF],,,,,6,Edited to include “ba bums” and has subtle fade out before Alice begins. Slight overlap with next track
A Real Boy,Pinocchio OST,,,,,,Main Street U.S.A.,The Storybook Store at Crystal Arcade [REF],,,,,24,
You Can Fly! You Can Fly! You Can Fly!,Peter Pan OST,,,,,,Main Street U.S.A.,The Storybook Store at Crystal Arcade [REF],,,,,12,"Edited to include Peter saying “Come on, Everybody…” to end"
Love is a Song,Bambi OST,,,,,,Main Street U.S.A.,The Storybook Store at Crystal Arcade [REF],,,,,13,
When You Wish Upon a Star,Pinocchio OST,,,,,,Main Street U.S.A.,The Storybook Store at Crystal Arcade [REF],,,,,14,
I'm Wishing / One Song,Snow White and the Seven Dwarfs OST,,,,,,Main Street U.S.A.,The Storybook Store at Crystal Arcade [REF],,,,,18,
I Wonder,Sleeping Beauty OST,,,,,,Main Street U.S.A.,The Storybook Store at Crystal Arcade [REF],,,,,20,Edited to include 1:04.700 - 3:56.437
A Dream is a Wish Your Heart Makes,Cinderella OST,,,,,,Main Street U.S.A.,The Storybook Store at Crystal Arcade [REF],,,,,19,Edited to include 1:01.912 up to but not including the clock chime.
You Can Fly! You Can Fly! You Can Fly!,Peter Pan OST,,,,"May 25, 1983",,Fantasyland,Peter Pan's Flight Queue," ",,,,2,
A Pirate's Life (is a Wonderful Life),Peter Pan OST,,,,"May 25, 1983",,Fantasyland,Peter Pan's Flight Queue,,,,,3,
Following the Leader,Peter Pan OST,,,,"May 25, 1983",,Fantasyland,Peter Pan's Flight Queue,,,,,5,
Never Smile at a Crocodile,Peter Pan OST,,,,"May 25, 1983",,Fantasyland,Peter Pan's Flight Queue,,,,,4,
Mermaid Lagoon,Peter Pan OST,,,,"May 25, 1983",,Fantasyland,Peter Pan's Flight Queue,,,,,6,
On The Rooftop,Peter Pan OST,,,,"May 25, 1983",,Fantasyland,Peter Pan's Flight Queue,"Queue music for Peter Pan’s Flight. All tracks are instrumentals. Playlist based on a source recording of unknown origin and originally posted 03/2002 by Progressland on Magic Music of the Mouse discussion board. Additional information by wedroy1923. See Magic Music, https://community.magicmusic.net/threads/disneyland-music-loops.17/ and Disney Parks Music Compendium https://disney-parks-music-compendium.blogspot.com/2022/11/peter-pans-flight-queue-bgm-1983.html.",00:09:16,,,1,
Heigh-Ho,Snow White OST,,,,"May 25, 1983",,Fantasyland,Snow White's Scary Adventures Queue,"This loop played in the queue of Snow White’s Scary Adventures, starting in 1983. It is unknown whether the queue music is the same for Snow White’s Enchanted Wish (the updated attraction). See Disney Parks Music Compendium: https://disney-parks-music-compendium.blogspot.com/2022/11/snow-whites-scary-adventures-queue-bgm.html (2014) and MouseBits https://mousebits.com/smf/index.php?topic=7478.msg65162#msg65162https://mousebits.com/smf/index.php?topic=7478.msg65162#msg65162). All tracks have vocals removed.",~00:06:31,,,1,No anvil bangs at the beginning.
Whistle While You Work,Snow White OST,,,,"May 25, 1983",,Fantasyland,Snow White's Scary Adventures Queue,,,,,2,There is a section edited out of the loop version.
Someday My Prince Will Come,,,,,"May 25, 1983",,Fantasyland,Snow White's Scary Adventures Queue,,,~1:00,,4,"This is a much slower version than what is played in the overture. It’s possible that this is a faster mix not used in the movie. It’s very close to the reprise version, but a little longer."
With a Smile and a Song,Snow White OST,,,,"May 25, 1983",,Fantasyland,Snow White's Scary Adventures Queue,,,,,3,No bird SFX.
Little Wooden Head,Pinocchio OST,,,,"May 25, 1983",,Fantasyland,Pinocchio's Daring Journey,"This loop plays in the covered queue and loading area for Pinocchio’s Daring Journey in Fantasyland. See Disney Parks Music Compendium, https://disney-parks-music-compendium.blogspot.com/2022/11/pinocchios-daring-journey-queue-bgm.html and Magic Music, https://community.magicmusic.net/threads/disneyland-music-loops.17/#post-71 (2002). The most complete tracklist was posted by SSrustworthy on MouseBits, see https://forums.mousebits.com/threads/pinocchios-daring-journey-queue.11044/https://forums.mousebits.com/threads/pinocchios-daring-journey-queue.11044/(2024).",00:08:27.698,05:06.066,,1,"Using the legacy edition, Starts at 0:37.082 in source"
Turn on the Old Music Box,Pinocchio OST,,,,"May 25, 1983",,Fantasyland,Pinocchio's Daring Journey,,,00:46.376,,3,
The Blue Fairy,Pinocchio OST,,,,"May 25, 1983",,Fantasyland,Pinocchio's Daring Journey,,,00:30.949,,2,"Using the Legacy edition, starts at 2:50.896 in source"
Coach to Pleasure Island,Pinocchio OST,,,,"May 25, 1983",,Fantasyland,Pinocchio's Daring Journey,,,01:06.882,,5,"Edited to include 0:48.155 - 1:54.560. Uses the final note of Hi Diddle Dee Dee to give ""Coach"" a sharp ending."
Hi Diddle Dee Dee (An Actor’s Life For Me) Instrumental,Unreleased,,,,"May 25, 1983",,Fantasyland,Pinocchio's Daring Journey,,,00:53.878,,4,An instrumental version of “Hi Diddle Dee Dee”; this YT version works well: https://www.youtube.com/watch?v=OnixrRGu5Hk
Wedding Announcement,The Little Mermaid OST,,,,"January 1, 1996 → August 17, 2008",,Fantasyland,Ariel's Grotto,,,,,4,
Jig,The Little Mermaid OST,,,,"January 1, 1996 → August 17, 2008",,Fantasyland,Ariel's Grotto,,,,,2,
Bedtime,The Little Mermaid OST,,,,"January 1, 1996 → August 17, 2008",,Fantasyland,Ariel's Grotto,,,,,3,
Fireworks,The Little Mermaid OST,,,,"January 1, 1996 → August 17, 2008",,Fantasyland,Ariel's Grotto,This loop played at the Ariel’s Grotto Meet and Greet. It was replaced by Pixie Hollow in 2008. See Disney Parks Music Compendium: http://dlrmusiccompendium.blogspot.com/2014/03/ariels-grotto-area-music-1996-08172008.html and MouseBits: https://mousebits.com/smf/index.php?topic=10398.msg95687#msg95687 and Magic Music: https://community.magicmusic.net/threads/dl-ariels-grotto-loop.1339/#post-8906 (2004).,00:09:26,,,1,
Kiss the Girl (Calypso Version),,,,,"January 1, 1996 → August 17, 2008",,Fantasyland,Ariel's Grotto,,,,,5,"Apparently this sounds very Syntho-Calypso; and is not the version on the TDS CD. The version used apparently sounds like it starts with a few bars of Zip-a-Dee-Doo-Dah. It is possible, though not confirmed, that this could be the same version used in several esplanade loops."
Tour of the Kingdom,The Little Mermaid OST,,,,"January 1, 1996 → August 17, 2008",,Fantasyland,Ariel's Grotto,,,,,6,
Bare Necessities,Simply Mad About the Mouse,,,,,,Main Street U.S.A.,Plaza Inn Birthday Celebration [INC],"This loop played at the Plaza Inn Birthday Celebration. See Magic Music, https://community.magicmusic.net/threads/disneyland-music-loops.17/post-1908. (2002).",Unknown,,,1,
Hip-Hip Pooh Ray,,,,,,,Main Street U.S.A.,Plaza Inn Birthday Celebration [INC],,,,,3,Instrumental; unidentified
Zip-A-Dee-Doo-Dah,Simply Mad About the Mouse,,,,,,Main Street U.S.A.,Plaza Inn Birthday Celebration [INC],,,,,2,
Happy Birthday,,,,,,,Main Street U.S.A.,Plaza Inn Birthday Celebration [INC],,,,,6,"traditional, karaoke version"
Minnie's Yoo Hoo!,,,,,,,Main Street U.S.A.,Plaza Inn Birthday Celebration [INC],,,,,4,Instrumental; unidentified
Happy Birthday,Mickey's Splashdance,,,,,,Main Street U.S.A.,Plaza Inn Birthday Celebration [INC],,,,,5,
Mickey Mouse Club Alma Mater,,,,,,,Main Street U.S.A.,Plaza Inn Birthday Celebration [INC],,,,,7,Instrumental; unidentified
I’m Late,Alice in Wonderland OST,,Walt Disney Records,,"April 13, 1984",,Fantasyland,Alice in Wonderland Queue v.2,,,,,3,
A-E-I-O-U,Alice in Wonderland OST,,Walt Disney Records,,"April 13, 1984",,Fantasyland,Alice in Wonderland Queue v.2,,,,,6,
In a World of My Own,Alice in Wonderland OST,,Walt Disney Records,,"April 13, 1984",,Fantasyland,Alice in Wonderland Queue v.2,,,,,2,
How Do You Do?,Alice in Wonderland OST,,Walt Disney Records,,"April 13, 1984",,Fantasyland,Alice in Wonderland Queue v.2,,,,,4,
‘Twas Brillig,Alice in Wonderland OST,,Walt Disney Records,,"April 13, 1984",,Fantasyland,Alice in Wonderland Queue v.2,,,,,7,
All in the Golden Afternon,Disneyland Forever,,,,"April 13, 1984",,Fantasyland,Alice in Wonderland Queue v.2,,,,,5,
Tulgey Wood,Alice in Wonderland OST,,Walt Disney Records,,"April 13, 1984",,Fantasyland,Alice in Wonderland Queue v.2,,,,,15,
Off With Her Head,Alice in Wonderland OST,,Walt Disney Records,,"April 13, 1984",,Fantasyland,Alice in Wonderland Queue v.2,,,,,11,
Alice in Wonderland (Medley),Alice in Wonderland: Music from the Score (WDL-4015),,Disneyland Records,,"April 13, 1984",,Fantasyland,Alice in Wonderland Queue v.2,,,,Camarata Chorus and Orchestra,12,"This is a medley of two tracks on the Camarata album, both titled ""Alice in Wonderland.”"
Unbirthday Song,Alice in Wonderland OST,,Walt Disney Records,,"April 13, 1984",,Fantasyland,Alice in Wonderland Queue v.2,,,,,14,
Painting the Roses Red,Alice in Wonderland OST,,Walt Disney Records,,"April 13, 1984",,Fantasyland,Alice in Wonderland Queue v.2,,,,,8,
March of the Cards,Disneyland Forever,,,,"April 13, 1984",,Fantasyland,Alice in Wonderland Queue v.2,,,,,9,"The Disneyland Forever version of track no. 9 includes a fade out, while the version in the loop does not."
Painting the Roses Red,Alice in Wonderland OST,,Walt Disney Records,,"April 13, 1984",,Fantasyland,Alice in Wonderland Queue v.2,,,,,10,SFX can be heard
"<Caterpillar? then Painting the roses red, lead into Unbirthday Song>",Alice in Wonderland OST,,Walt Disney Records,,"April 13, 1984",,Fantasyland,Alice in Wonderland Queue v.2,,,,,13,
Main Title (Alice in Wonderland),Alice in Wonderland OST,,,,"June 14, 1958 → January 1, 1982",,Fantasyland,Alice in Wonderland Queue v.1,"The Alice in Wonderland ‘Main Title’ was the sole queue music for the original, pre-1984 Alice in Wonderland attraction. See Magic Music: https://community.magicmusic.net/threads/fantasyland-attractions.628/#post-21741.",Unknown,,,1,
Prologue,Tinker Bell (2013 Intrada Score),,Intrada,,"October 25, 2008",,Fantasyland,Meet Tinker Bell at Pixie Hollow,"This loop debuted in 2008 with the Pixie Hollow meet and greet area, “Meet Tinker Bell at Pixie Hollow”. It is an amalgamation of score cues from the first Tinker Bell movie (2008). Some cues are unreleased, but most can be found on the 2013 Tinker Bell Intrada soundtrack. See MouseBits: https://mousebits.com/smf/index.php?topic=6852.msg57238#msg57238 and https://mousebits.com/smf/index.php?topic=4977.msg99184#msg99184.",00:17:58.896,,Joel McNeely,1,edited 0:21.379 - 1:00.224
Star Wars Galaxy’s Edge Entrance Theme,Unreleased (on https://soundcloud.com/adam-michalak-1/star-wars-galaxys-edge-entrance-theme),,,,"January 17, 2020",,Star Wars: Galaxy's Edge,Star Wars: Galaxy's Edge Transition,"This loop plays at all three entrance points to Star Wars: Galaxy’s Edge at Frontierland, Critter Country, and Fantasyland. Loop timing based on a reference recording by SSrustworthy. The track slightly overlays with itself within a loop. See Randy Kerber’s https://soundcloud.com/adam-michalak-1/star-wars-galaxys-edge-entrance-theme and MouseBits, https://forums.mousebits.com/threads/star-wars-galaxys-edge-entrance-theme.11065/ (2024).",00:04:54.306,00:04:54.306,Randy Kerber,1,
When You Wish Upon a Star,A Musical History of Disneyland,,,,,,Fantasyland,Sleeping Beauty Castle,"“When You Wish Upon a Star” from the Pinocchio OST plays as you walk through the Sleeping Beauty’s Castle gate. See MouseBits, https://mousebits.com/smf/index.php?topic=6266.msg51130#msg51130 (2011) and https://mousebits.com/smf/index.php?topic=10895.msg99249#msg99249 (2023).",00:01:00.923,00:01:00.923,"Cliff Edwards, Chorus",1,edited 0:26.292 to 1:27.214; note: small fade in and out. The loop seems to be a half a second or so faster than the source track after the chorus begins.
The Dreadnought,Songs & Sounds Of The Sea,,National Geographic Society,,,,Frontierland,S.S. Columbia Docked Seaman,"This music was only heard in situ when the Columbia was being prepped at Fowler's Harbor and when it was backing into position at the dock. It originated from a 1980's renovation for the Columbia Below Decks Maritime Museum. Once the Rivers switch track reconnected and it was ready to load, the music changed to the attraction music. See Magic Music: https://community.magicmusic.net/threads/columbia-tracks.1518/#post-20435 (2004). Loop length listed is according to member ex-wdi, who previously worked on the S.S. Columbia. These tracks are based on a May 1997 recording by RocketRodsXPR. See MouseBits, https://mousebits.com/smf/index.php?topic=10877.msg99153#msg99153 (2022). All tracks from side A of the 1973 vinyl record, Songs & Sounds of the Sea.",00:14:58,,,1,"On the album, there is a track appended to the beginning of this one. However, the reference recording only captured the second half of the album track, the vocal “The Dreadnought.”"
Pirate Overture,Pirates of the Carribbean,,,,,,New Orleans Square,Pirates of the Carribbean Queue,This loop plays in the interior queue of the Pirates of the Carribbean attraction. Loop length based on a live recording by SSrustworthy.,00:03:04.519,00:03:04.519,George Bruns,1,
Strolling Through the Park,Gay Nineties Waltzes,,Somerset,,"January 1, 1971 → November 1, 1975",,Main Street U.S.A.,Main Street U.S.A. v.1 [PRE],"This exact loop is unverified, but is here as a placeholder for the 1971-1976 Main Street loop. This was a short reel composed of the album “Gay Nineties Waltzes” that was initially created for WDW’s 1971 opening. An anecdote from DL FLIGHT 295 offers that it definitely featured “Man on the Flying Trapeze,” which was removed from the 1976 loops. See Magic Music,https://community.magicmusic.net/threads/frontierland-loop-question.3677/#post-25773https://community.magicmusic.net/threads/frontierland-loop-question.3677/#post-25773 and Passport to Dreams blog, http://passport2dreams.blogspot.com/2013/06/the-original-main-street-music.html (2013). See the latter for links to digitally remastered versions. Again, this is very likely the WDW loop, but may not be the exact DL loop.",Unknown,,The Gaslight Orchestra,1,
Bicycle Built For Two,Gay Nineties Waltzes,,Somerset,,"January 1, 1971 → November 1, 1975",,Main Street U.S.A.,Main Street U.S.A. v.1 [PRE],,,,The Gaslight Orchestra,2,
In the Good Old Summer Time,Gay Nineties Waltzes,,Somerset,,"January 1, 1971 → November 1, 1975",,Main Street U.S.A.,Main Street U.S.A. v.1 [PRE],,,,The Gaslight Orchestra,4,
Annie Rooney,Gay Nineties Waltzes,,Somerset,,"January 1, 1971 → November 1, 1975",,Main Street U.S.A.,Main Street U.S.A. v.1 [PRE],,,,The Gaslight Orchestra,3,
Sidewalks of New York,Gay Nineties Waltzes,,Somerset,,"January 1, 1971 → November 1, 1975",,Main Street U.S.A.,Main Street U.S.A. v.1 [PRE],,,,The Gaslight Orchestra,7,
After the Ball,Gay Nineties Waltzes,,Somerset,,"January 1, 1971 → November 1, 1975",,Main Street U.S.A.,Main Street U.S.A. v.1 [PRE],,,,The Gaslight Orchestra,6,
And the Band Played On,Gay Nineties Waltzes,,Somerset,,"January 1, 1971 → November 1, 1975",,Main Street U.S.A.,Main Street U.S.A. v.1 [PRE],,,,The Gaslight Orchestra,8,
Horse Cars,Gay Nineties Waltzes,,Somerset,,"January 1, 1971 → November 1, 1975",,Main Street U.S.A.,Main Street U.S.A. v.1 [PRE],,,,The Gaslight Orchestra,9,
Tammany Picnic,Gay Nineties Waltzes,,Somerset,,"January 1, 1971 → November 1, 1975",,Main Street U.S.A.,Main Street U.S.A. v.1 [PRE],,,,The Gaslight Orchestra,5,
Sweet Rosie O’Grady,Gay Nineties Waltzes,,Somerset,,"January 1, 1971 → November 1, 1975",,Main Street U.S.A.,Main Street U.S.A. v.1 [PRE],,,,The Gaslight Orchestra,10,
School Days,Gay Nineties Waltzes,,Somerset,,"January 1, 1971 → November 1, 1975",,Main Street U.S.A.,Main Street U.S.A. v.1 [PRE],,,,The Gaslight Orchestra,11,
Man on the Flying Trapeze,Gay Nineties Waltzes,,Somerset,,"January 1, 1971 → November 1, 1975",,Main Street U.S.A.,Main Street U.S.A. v.1 [PRE],,,,The Gaslight Orchestra,12,
Theme from 'Minnie's Boys’,Appearing Nightly at the Piano (Metromedia 1023),,"Metromedia ",,"January 1, 1976 → November 1, 1991",,Main Street U.S.A.,"Main Street U.S.A. v.2 ""AM""",,,,Merv Griffin,18,
Sidewalks of New York,"Gay Nineties Waltzes (Somerset, P-3400)",,Somerset,,"January 1, 1976 → November 1, 1991",,Main Street U.S.A.,"Main Street U.S.A. v.2 ""AM""",,,,"Gay Nineties Waltzes (Somerset, P-3400)",6,
School Days,"Gay Nineties Waltzes (Somerset, P-3400)",,Somerset,,"January 1, 1976 → November 1, 1991",,Main Street U.S.A.,"Main Street U.S.A. v.2 ""AM""",,,,"Gay Nineties Waltzes (Somerset, P-3400)",12,
Silver Heels,"Your Father's Moustache, Vol. 1 (Barbary Coast, M-33002)",,Barbary Coast,,"January 1, 1976 → November 1, 1991",,Main Street U.S.A.,"Main Street U.S.A. v.2 ""AM""",,,,Albert White & the Gaslight Orchestra,16,Edited
Mississippi Cabaret,"Your Father's Moustache, Vol. 2 (Barbary Coast, M-33008)",,Barbary Coast,,"January 1, 1976 → November 1, 1991",,Main Street U.S.A.,"Main Street U.S.A. v.2 ""AM""",,,,Albert White & the Gaslight Orchestra,8,
Wisha Wurra,"The Pete King Orchestra Plays the Music of Donnybrook (Kapp, KL-1243)",,Kapp,,"January 1, 1976 → November 1, 1991",,Main Street U.S.A.,"Main Street U.S.A. v.2 ""AM""",,,,The Pete King Orchestra,17,
Unknown,,,,,"January 1, 1976 → November 1, 1991",,Main Street U.S.A.,"Main Street U.S.A. v.2 ""AM""",,,,,3,
Pretty Baby,"Your Father's Moustache, Vol. 2 (Barbary Coast, M-33008)",,Barbary Coast,,"January 1, 1976 → November 1, 1991",,Main Street U.S.A.,"Main Street U.S.A. v.2 ""AM""",,,,Albert White & the Gaslight Orchestra,7,
Old Timers Waltz Medley,"Your Father's Moustache, Vol. 1 (Barbary Coast, M-33002)",,Barbary Coast,,"January 1, 1976 → November 1, 1991",,Main Street U.S.A.,"Main Street U.S.A. v.2 ""AM""",,,,Albert White & the Gaslight Orchestra,13,
Good Old Timers,"Your Father's Moustache, Vol. 1 (Barbary Coast, M-33002)",,Barbary Coast,,"January 1, 1976 → November 1, 1991",,Main Street U.S.A.,"Main Street U.S.A. v.2 ""AM""",,,,Albert White & the Gaslight Orchestra,11,
The Old Grey Mare,"Your Father's Moustache, Vol. 2 (Barbary Coast, M-33008)",,Barbary Coast,,"January 1, 1976 → November 1, 1991",,Main Street U.S.A.,"Main Street U.S.A. v.2 ""AM""",,,,Albert White & the Gaslight Orchestra,4,
Strolling Through the Park — Mary,"Gay Nineties Waltzes (Somerset, P-3400)",,Somerset,,"January 1, 1976 → November 1, 1991",,Main Street U.S.A.,"Main Street U.S.A. v.2 ""AM""",,,,"Gay Nineties Waltzes (Somerset, P-3400)",9,
Horse Cars,"Gay Nineties Waltzes (Somerset, P-3400)",,Somerset,,"January 1, 1976 → November 1, 1991",,Main Street U.S.A.,"Main Street U.S.A. v.2 ""AM""",,,,"Gay Nineties Waltzes (Somerset, P-3400)",14,
Tammany Picnic,"Gay Nineties Waltzes (Somerset, P-3400)",,Somerset,,"January 1, 1976 → November 1, 1991",,Main Street U.S.A.,"Main Street U.S.A. v.2 ""AM""",,,,The Gaslight Orchestra,2,
Sweet Rosie O'Grady,"Gay Nineties Waltzes (Somerset, P-3400)",,Somerset,,"January 1, 1976 → November 1, 1991",,Main Street U.S.A.,"Main Street U.S.A. v.2 ""AM""",,,,"Gay Nineties Waltzes (Somerset, P-3400)",15,
Golden Arrow,"Your Father's Moustache, Vol. 2 (Barbary Coast, M-33008)",,Barbary Coast,,"January 1, 1976 → November 1, 1991",,Main Street U.S.A.,"Main Street U.S.A. v.2 ""AM""",,,,Albert White & the Gaslight Orchestra,5,
'Lasses Trombone,"Your Father's Moustache, Vol. 1 (Barbary Coast, M-33002)",,Barbary Coast,,"January 1, 1976 → November 1, 1991",,Main Street U.S.A.,"Main Street U.S.A. v.2 ""AM""",,,,Albert White & the Gaslight Orchestra,10,
Medley: Bird in a Gilded Cage / Two Girls / Good Old Summertime,30 Barbary Coast Favorites (Fantasy 3270),,Fantasy,,"January 1, 1976 → November 1, 1991",,Main Street U.S.A.,"Main Street U.S.A. v.2 ""AM""",,,,San Francisco Harry & the Barbary Coast Bandits,21,
Little Annie Rooney,"Gay Nineties Waltzes (Somerset, P-3400)",,Somerset,,"January 1, 1976 → November 1, 1991",,Main Street U.S.A.,"Main Street U.S.A. v.2 ""AM""",,,,"Gay Nineties Waltzes (Somerset, P-3400)",22,
Man With a Load of Mischief,"Man With A Load of Music (Kapp, KL-1518)",,Kapp,,"January 1, 1976 → November 1, 1991",,Main Street U.S.A.,"Main Street U.S.A. v.2 ""AM""",,,,Ralph Carmichael and his Orchestra,19,
I Wouldn't Bet One Penny,"The Pete King Orchestra Plays the Music of Donnybrook (Kapp, KL-1243)",,Kapp,,"January 1, 1976 → November 1, 1991",,Main Street U.S.A.,"Main Street U.S.A. v.2 ""AM""",,,,The Pete King Orchestra,20,
On a Sunday Afternoon,30 Barbary Coast Favorites (Fantasy 3270),,Fantasy,,"January 1, 1976 → November 1, 1991",,Main Street U.S.A.,"Main Street U.S.A. v.2 ""AM""",,,,San Francisco Harry & the Barbary Coast Bandits,23,
Bicycle Built for Two,"Gay Nineties Waltzes (Somerset, P-3400)",,Somerset,,"January 1, 1976 → November 1, 1991",,Main Street U.S.A.,"Main Street U.S.A. v.2 ""AM""",,,,"Gay Nineties Waltzes (Somerset, P-3400)",24,
And the Band Played On,"Gay Nineties Waltzes (Somerset, P-3400)",,Somerset,,"January 1, 1976 → October 31, 1992",,Main Street U.S.A.,"Main Street U.S.A. v.2 ""PM""","This loop played on Main Street, U.S.A. from 1976-1991. The loop was created by Jack Wagner for both MK and DL, and is often known as the PM loop, although from observation of home videos it was not necessarily constrained to a time of day. See Magic Music, https://community.magicmusic.net/threads/frontierland-loop-question.3677/#post-25773 (2008), http://passport2dreams.blogspot.com/2013/04/main-street-usa-1976-1991-evening.html (2013), and MouseBits https://mousebits.com/smf/index.php?topic=7973.msg72386#msg72386 (2013).",~00:59:00,,the Gaslight Orchestra,1,Edited
I've Got Rings on My Fingers,30 Barbary Coast Favorites (Fantasy 3270),,Fantasy,,"January 1, 1976 → October 31, 1992",,Main Street U.S.A.,"Main Street U.S.A. v.2 ""PM""",,,,San Francisco Harry & the Barbary Coast Bandits,10,
Down at the Barbecue,"Your Father's Moustache, Vol. 2 (Fantasy, 3292)",,Fantasy,,"January 1, 1976 → October 31, 1992",,Main Street U.S.A.,"Main Street U.S.A. v.2 ""PM""",,,,Albert White & the Gaslight Orchestra,9,
Medley: Billy Boy / Tavern in the Town / Hot Time in the Old Town Tonight,30 Barbary Coast Favorites (Fantasy 3270),,Fantasy,,"January 1, 1976 → October 31, 1992",,Main Street U.S.A.,"Main Street U.S.A. v.2 ""PM""",,,,San Francisco Harry & the Barbary Coast Bandits,14,
Ida,30 Barbary Coast Favorites (Fantasy 3270),,Fantasy,,"January 1, 1976 → October 31, 1992",,Main Street U.S.A.,"Main Street U.S.A. v.2 ""PM""",,,,San Francisco Harry & the Barbary Coast Bandits,21,
The Old Grey Mare,"Your Father's Moustache, Vol. 2 (Barbary Coast, M-33008)",,Barbary Coast,,"January 1, 1976 → October 31, 1992",,Main Street U.S.A.,"Main Street U.S.A. v.2 ""PM""",,,,Albert White & the Gaslight Orchestra,8,
At a Georgia Camp Meeting,"Your Father's Moustache, Vol. 2 (Fantasy, 3292)",,Fantasy,,"January 1, 1976 → October 31, 1992",,Main Street U.S.A.,"Main Street U.S.A. v.2 ""PM""",,,,Albert White & the Gaslight Orchestra,19,
Unknown B,,,,,"January 1, 1976 → October 31, 1992",,Main Street U.S.A.,"Main Street U.S.A. v.2 ""PM""",,,,,13,
Rose of No Man's Land,"Your Father's Moustache, Vol. 1 (Fantasy, 3273)",,Fantasy,,"January 1, 1976 → October 31, 1992",,Main Street U.S.A.,"Main Street U.S.A. v.2 ""PM""",,,,Albert White & the Gaslight Orchestra,6,
Good Old Timers,"Your Father's Moustache, Vol. 1 (Barbary Coast, M-33002)",,Barbary Coast,,"January 1, 1976 → October 31, 1992",,Main Street U.S.A.,"Main Street U.S.A. v.2 ""PM""",,,,Albert White & the Gaslight Orchestra,22,
"Goodbye Broadway, Hello France","Your Father's Moustache, Vol. 1 (Fantasy, 3273)",,Fantasy,,"January 1, 1976 → October 31, 1992",,Main Street U.S.A.,"Main Street U.S.A. v.2 ""PM""",,,,Albert White & the Gaslight Orchestra,5,
Unknown A,,,,,"January 1, 1976 → October 31, 1992",,Main Street U.S.A.,"Main Street U.S.A. v.2 ""PM""",,,,,12,
Smokey Mokes,"Your Father's Moustache, Vol. 2 (Fantasy, 3292)",,Fantasy,,"January 1, 1976 → October 31, 1992",,Main Street U.S.A.,"Main Street U.S.A. v.2 ""PM""",,,,Albert White & the Gaslight Orchestra,20,
Saddle Back,"Your Father's Moustache, Vol. 2 (Barbary Coast, M-33008)",,Barbary Coast,,"January 1, 1976 → October 31, 1992",,Main Street U.S.A.,"Main Street U.S.A. v.2 ""PM""",,,,Albert White & the Gaslight Orchestra,3,
Saxema,"Your Father's Moustache, Vol. 2 (Barbary Coast, M-33008)",,Barbary Coast,,"January 1, 1976 → October 31, 1992",,Main Street U.S.A.,"Main Street U.S.A. v.2 ""PM""",,,,Albert White & the Gaslight Orchestra,2,
Everybody's Rag,30 Barbary Coast Favorites (Fantasy 3270),,Fantasy,,"January 1, 1976 → October 31, 1992",,Main Street U.S.A.,"Main Street U.S.A. v.2 ""PM""",,,,San Francisco Harry & the Barbary Coast Bandits,7,
Grizzly Bear Rag,"Your Father's Moustache, Vol. 2 (Fantasy, 3292)",,Fantasy,,"January 1, 1976 → October 31, 1992",,Main Street U.S.A.,"Main Street U.S.A. v.2 ""PM""",,,,Albert White & the Gaslight Orchestra,15,
Poison Ivy Rag,30 Barbary Coast Favorites (Fantasy 3270),,Fantasy,,"January 1, 1976 → October 31, 1992",,Main Street U.S.A.,"Main Street U.S.A. v.2 ""PM""",,,,San Francisco Harry & the Barbary Coast Bandits,4,
Honey Rag,30 Barbary Coast Favorites (Fantasy 3270),,Fantasy,,"January 1, 1976 → October 31, 1992",,Main Street U.S.A.,"Main Street U.S.A. v.2 ""PM""",,,,San Francisco Harry & the Barbary Coast Bandits,16,
Man on the Flying Trapeze,30 Barbary Coast Favorites (Fantasy 3270),,Fantasy,,"January 1, 1976 → October 31, 1992",,Main Street U.S.A.,"Main Street U.S.A. v.2 ""PM""",,,,San Francisco Harry & the Barbary Coast Bandits,18,
Geraldine,"Your Father's Moustache, Vol. 2 (Fantasy, 3292)",,Fantasy,,"January 1, 1976 → October 31, 1992",,Main Street U.S.A.,"Main Street U.S.A. v.2 ""PM""",,,,Albert White & the Gaslight Orchestra,17,
Bedelia,30 Barbary Coast Favorites (Fantasy 3270),,Fantasy,,"January 1, 1976 → October 31, 1992",,Main Street U.S.A.,"Main Street U.S.A. v.2 ""PM""",,,,San Francisco Harry & the Barbary Coast Bandits,11,
Black and Blue Rag,30 Barbary Coast Favorites (Fantasy 3270),,Fantasy,,"January 1, 1976 → October 31, 1992",,Main Street U.S.A.,"Main Street U.S.A. v.2 ""PM""",,,,San Francisco Harry & the Barbary Coast Bandits,24,
Polka by Request,"Your Father's Moustache, Vol. 2 (Fantasy, 3292)",,Fantasy,,"January 1, 1976 → October 31, 1992",,Main Street U.S.A.,"Main Street U.S.A. v.2 ""PM""",,,,Albert White & the Gaslight Orchestra,25,
Silver Heels,"Your Father's Moustache, Vol. 1 (Barbary Coast, M-33002)",,Barbary Coast,,"January 1, 1976 → October 31, 1992",,Main Street U.S.A.,"Main Street U.S.A. v.2 ""PM""",,,,Albert White & the Gaslight Orchestra,23,Edited
World of Creativity (Magic Highways of Tomorrow),Unreleased,,,,"May 22, 1998 → April 27, 2001",,Tomorrowland,Rocket Rods Exit,"The exit hallway of the Rocket Rods attraction played the song “World of Creativity,” which was based on the song “Detroit” from “The Happiest Millionaire”, which itself was composed by the Sherman Brothers.",00:12:01,12:01,Steve Bartek,1,See the MouseBits torrent “The Disneyland Collection” for the full version of this track.
See loop notes,Unreleased,,,,"May 7, 2016",,Tomorrowland,Star Wars Launch Bay interior,"This loop plays inside the Star Wars Launch Bay at Disneyland. It is identical to the DHS Star Wars Launch Bay and does not contain any commercially released cues from the original soundtracks as it was entirely re-recorded for Tokyo Disneyland. See the discussion on MouseBits, https://mousebits.com/smf/index.php?topic=9331.msg98269#msg98269 (2021). Also see http://www.underscores.fr/a-la-une/evenements/2015/12/star-wars-retour-en-force-a-abbey-road/ (2015). Length based on recording by pixelated.",~00:38:59.8,,"John Williams, William Ross, the London Symphony Orchestra",,
See loop notes,Unreleased,,,,"October 1, 1977 → September 1, 1986",,Tomorrowland,Space Mountain Concourse v.1,"This track is a collection of synthesized moog music composed by Don Dorsey that is thought to have played around the Space Mountain entrance/Space Stage area from October 1977 to around September 1986 (when Space Stage was enclosed into the Magic Eye Theater/Captain EO and the augmented EPCOT Center entrance loop was brought in). A source track is in general circulation, but there is no live reference recording. See MouseBits, https://mousebits.com/smf/index.php?topic=7450.msg64774#msg64774 (2012), https://community.magicmusic.net/threads/space-mountain-music-question.641/#post-4158 (2003) and https://mousebits.com/smf/index.php?topic=9854.msg98981#msg98981 (2022).",00:24:06,,Don Dorsey,1,
"Energy, You Make the World Go Round",Unreleased,,,,,,Tomorrowland,Space Mountain Concourse v.2,"This loop was an augmented version of the EPCOT Center 1982 entrance loop. It played ca. September 1986 when Space Stage was enclosed into the Magic Eye Theater/Captain EO to sometime in the 90s. The new Tomorrowland 2055 cues were recorded in 1991, so probably sometime after that point. See Magic Music, https://community.magicmusic.net/threads/space-mountain-music-question.641/#post-4158 (2003) and https://mousebits.com/smf/index.php?topic=7450.msg64774#msg64774 (2012). Also see http://web.archive.org/web/20070703011709/http://disneymusicloops.tripod.com/wdw/wdwepcot-misc-1982ent.html.",~00:28:32,,George Wilkins,1,
Imagination,Unreleased,,,,,,Tomorrowland,Space Mountain Concourse v.2,,,,George Wilkins,5,
Golden Dream,Unreleased,,,,,,Tomorrowland,Space Mountain Concourse v.2,,,,George Wilkins,2,
Feel the Flow (Universe of Energy),Unreleased,,,,,,Tomorrowland,Space Mountain Concourse v.2,,,,George Wilkins,7,
Listen to the Land,Unreleased,,,,,,Tomorrowland,Space Mountain Concourse v.2,,,,George Wilkins,4,
Magic Journeys,Unreleased,,,,,,Tomorrowland,Space Mountain Concourse v.2,,,,George Wilkins,6,
Fun to Be Free,Unreleased,,,,,,Tomorrowland,Space Mountain Concourse v.2,,,,George Wilkins,3,
Club Buzz Theme,Unreleased,,,,"June 30, 2001 → September 1, 2006",,Tomorrowland,Club Buzz [INC],"This is a needledrop loop that played at Club Buzz in Tomorrowland. This is a partial tracklist; more information is needed. See Magic Music, Re: https://community.magicmusic.net/threads/noooooooo-horrible-area-music-for-dls-tomorrowland.1613/#post-10816.",Unknown,,,1,
Planet Claire,The B-52's,,,,"June 30, 2001 → September 1, 2006",,Tomorrowland,Club Buzz [INC],,,,The B-52's,,
Star Wars Theme/Cantina Band,Star Wars and Other Galactic Funk,,,,"June 30, 2001 → September 1, 2006",,Tomorrowland,Club Buzz [INC],,,,Meco,,
Planet Earth,Freedom Of Choice,,,,"June 30, 2001 → September 1, 2006",,Tomorrowland,Club Buzz [INC],,,,Devo,,
Baba Jinde (Flirtation Dance),Drums of Passion,,,,,,Adventureland,Jungle Cruise Queue v.1,"This Jack Wagner-compiled loop played in the original Jungle Cruise queue from ca. 1970s-1994. Tracklist based on a source track in limited circulation. MightyTriton on Magic Music said “I also remember waiting in line under the grass thatched huts and there was a music loop in there. Music from African tribes played non stop. I remember trying to differentiate the songs from one another but they all sounded the same to me. The speakers were spread out and near the end of the switchbacks. The volume wasn't that loud unless you were directly under one of the speakers, so it did not interfere with all of the jungle sounds too much.” The Kenster said “There was the African Tribe music loop in the old Jungle Cruise queue. I couldn't tell one song from another.” See Magic Music, Re: https://community.magicmusic.net/threads/jungle-cruise-queue-bgm.3691/page-2 (2008) and https://community.magicmusic.net/threads/disneyland-music-loops.17/page-3 (2002). Replaced when the attraction was enhanced for the opening of Indiana Jones Adventure.",~ 30:12,,Olatunji!,1,Edited start - 4:56.175 (fade out early)
Little Brown Jug,Wondering Where,,,,"September 20, 2022",,New Orleans Square,Eudora's Chic Boutique [REF],"This loop plays in the interior of Eudora’s Chic Boutique featuring Tiana’s Gourmet Secrets, which opened on September 20, 2022. See MouseBits, https://mousebits.com/smf/index.php?topic=10835.msg98943#msg98943 (2022). Tracklist compiled by pixelated based on his recording. See Magical Soundtracks’ https://youtu.be/Zgd_zKj_b2s here.",01:46:37.606,00:03:01.175,Hot Sugar Band,1,playback rate: 1.000037
Martinique,Jazz from the Soul of New Orleans,,,,"September 20, 2022",,New Orleans Square,Eudora's Chic Boutique [REF],,,00:03:53.161,Dr. Michael White,3,"edited, playback rate: 1.000012 Note: Track audio after 3:52.888 is removed."
Canal Street Blues,Our New Orleans,,,,"September 20, 2022",,New Orleans Square,Eudora's Chic Boutique [REF],,,00:03:35.078,Dr. Michael White,4,playback rate: 1.000039
Jericho,Swing for Dancers,,,,"September 20, 2022",,New Orleans Square,Eudora's Chic Boutique [REF],,,00:03:53.605,Hot Sugar Band,7,playback rate: 1.000052
St. James infirmary,Are You in Shape?,,,,"September 20, 2022",,New Orleans Square,Eudora's Chic Boutique [REF],,,00:03:12.857,Hot Sugar Band,2,playback rate: 1.000038
Jolie Blonde,Cajun Party!,,,,"September 20, 2022",,New Orleans Square,Eudora's Chic Boutique [REF],,,00:03:42.598,The Cajun Playboys,11,playback rate: 0.999979
My Baby Loves Everybody,Vintage Jazz Anthology: Hot to Cool,,,,"September 20, 2022",,New Orleans Square,Eudora's Chic Boutique [REF],,,00:02:45.848,The City of Los Angeles All Stars & Richard Geere,9,playback rate: 1.000010
Jambalaya,Adventures in New Orleans Jazz Part 2,,,,"September 20, 2022",,New Orleans Square,Eudora's Chic Boutique [REF],,,00:04:11.197,Dr. Michael White,6,playback rate: 1.000016
Mahogany Hall Stomp,Back at the Cross,,,,"September 20, 2022",,New Orleans Square,Eudora's Chic Boutique [REF],,,00:06:51.372,Gregg Stafford and Michael White,8,playback rate: 1.000011
My Hotsy-Totsy Baby,Vintage Jazz Anthology: Hot to Cool,,,,"September 20, 2022",,New Orleans Square,Eudora's Chic Boutique [REF],,,00:04:51.765,The City of Los Angeles All Stars & Richard Geere,5,"edited, playback rate: 0.999999 Note: Track audio after 4:53.201 is removed."
Showtime Swing,Defifoo,,,,"September 20, 2022",,New Orleans Square,Eudora's Chic Boutique [REF],,,00:03:14.088,Hot Sugar Band,10,"edited, playback rate: 1.000009 Note: Track audio after 3:15.400 is removed."
Blue and Broken Hearted,Pete Fountain Presents The Best of Dixieland: Al Hirt,,,,"July 18, 2014",,New Orleans Square,Club 33 Lunch [REF],"This loop began playing at Club 33 upon reopening in 2014. It plays during the lunch hours in the Court of Angels up through Le Grand Salon, covering much of the ground of the original Club. Le Salon Nouveau is said to have a different loop. Based on tracks listed by monorail91, this loop is presumed to be identical to the general Port Orleans loop at Walt Disney World, which was recorded by sorker and used for time references here. See https://forums.mousebits.com/threads/club-33-2-0-music.8643/#post-81820 (2014) and https://forums.mousebits.com/threads/club-33-lunchtime-background-music.11036/ (2024).",~2:30:44,00:02:48.646,Al Hirt,1,
Ghostly Music Box,The Haunted Mansion [2009],1,Walt Disney Records,2,"October 3, 2001","Christmas, Halloween",New Orleans Square,Haunted Mansion Holiday Queue v.1,"This loop played in the Haunted Mansion Holiday queue in 2001, the first year of the HMH’s operation. The crowd in line was treated to prerecorded orchestral codas, to which they were encouraged to ""scream along"" in the mansion. It seems that the only other audio otherwise was the Phantom Manor music box. See this YouTube video: https://www.youtube.com/watch?v=fRPUY52JsQc and https://www.youtube.com/watch?v=IYmr7_BiW7w",Unknown,,,1,Likely edited to remove wind up sounds and click at end.
Up on the Housetop,Haunted Mansion Holiday,1,,1,,"Christmas, Halloween",New Orleans Square,Haunted Mansion Holiday Queue v.2,"This track listing was transcribed in Halloween/Christmas of 2003, although it is thought to have been the same loop from 2002 through and including 2006. See http://web.archive.org/web/20070411215355/http://disneymusicloops.tripod.com/dlr/dlr-nos-hmh03.html and MouseBits, https://mousebits.com/smf/index.php?topic=6032.msg47605#msg47605 (2010). It may have changed between years. The scarols are clearly present in 2002 in this home video:  https://youtu.be/f-7qYyFr1Ls?t=25.",Unknown,,,1,
Old Mansion Tree,Haunted Mansion Holiday,1,,4,,"Christmas, Halloween",New Orleans Square,Haunted Mansion Holiday Queue v.2,,,,,6,
Ghostly Music Box,The Haunted Mansion [2009],1,Walt Disney Records,2,,"Christmas, Halloween",New Orleans Square,Haunted Mansion Holiday Queue v.2,,,,,3,Likely edited to remove wind up sounds and click at end.
Oogie Boogie #1,,1,,,,"Christmas, Halloween",New Orleans Square,Haunted Mansion Holiday Queue v.2,,,,,3.5,Spoken interlude
Scary Bells,Haunted Mansion Holiday,1,,2,,"Christmas, Halloween",New Orleans Square,Haunted Mansion Holiday Queue v.2,,,,,2,
Ghostly Music Box,The Haunted Mansion [2009],1,Walt Disney Records,2,,"Christmas, Halloween",New Orleans Square,Haunted Mansion Holiday Queue v.2,,,,,7,Likely edited to remove wind up sounds and click at end.
Over the Graveyards,Haunted Mansion Holiday,1,,3,,"Christmas, Halloween",New Orleans Square,Haunted Mansion Holiday Queue v.2,,,,,5,
Tim Burton’s The Nightmare Before Christmas Medley: Making Christmas/What’s This?/Kidnap the Sandy Claws,Haunted Mansion Holiday,1,,9,,"Christmas, Halloween",New Orleans Square,Haunted Mansion Holiday Queue v.2,,,,,4,
Wreck the Halls,Haunted Mansion Holiday,1,,5,,"Christmas, Halloween",New Orleans Square,Haunted Mansion Holiday Queue v.2,,,,,8,
Oogie Boogie #2 - “Do you like games?”,,1,,,,"Christmas, Halloween",New Orleans Square,Haunted Mansion Holiday Queue v.2,,,,,7.5,Spoken interlude
13 Days of Christmas,Haunted Mansion Holiday,1,,7,,"Christmas, Halloween",New Orleans Square,Haunted Mansion Holiday Queue v.2,,,,,10,
Ghostly Music Box,The Haunted Mansion [2009],1,Walt Disney Records,2,,"Christmas, Halloween",New Orleans Square,Haunted Mansion Holiday Queue v.2,,,,,11,Likely edited to remove wind up sounds and click at end.
God Rest You Merry Grinning Ghosts,Haunted Mansion Holiday,1,,8,,"Christmas, Halloween",New Orleans Square,Haunted Mansion Holiday Queue v.2,,,,,12,
We Wish You a Scary Christmas,Haunted Mansion Holiday,1,,6,,"Christmas, Halloween",New Orleans Square,Haunted Mansion Holiday Queue v.2,,,,,9,
Oogie Boogie #3 - “Boo!”,,1,,,,"Christmas, Halloween",New Orleans Square,Haunted Mansion Holiday Queue v.2,,,,,11.5,Spoken interlude
Ghostly Music Box,The Haunted Mansion [2009],1,Walt Disney Records,2,"September 1, 2007","Christmas, Halloween",New Orleans Square,Haunted Mansion Holiday Queue v.3,"This is the most recent iteration of the Haunted Mansion Holiday queue, with only the Phantom Manor Music Box playing on a continuous loop with no narration. This likely started in the 2007 season. See MouseBits, https://mousebits.com/smf/index.php?topic=6032.msg47605#msg47605 (2010).",02:01.597,,,1,"Album track length 02:06.667; A good way to replicate the loop, with some wiggle room on recreating the looping bridge, is 
to edit the track to remove 00:00.000 - 00:05.935; 01:55.950 - end; Repeat portion of track 00:59.447 - 01:02.336 at end of edited track to form loop. Slow down tempo of track by 7.2%."
The Merrily Song,Unreleased,,,,,,Fantasyland,Mr. Toad's Wild Ride,"The Merrily song has been used in the Mr. Toad’s Wild Ride queue since at least the 1983 New Fantasyland renovation, if not longer. It has supposedly been sped up since 2008 to its current runtime. This is an orchestration with a vocal and an instrumental section. See Magic Music, https://community.magicmusic.net/threads/fantasyland-attractions.628/#post-21741 (2003).",00:04:25.914,00:04:25.914,,1,
One Minute to Win it,Wreck-it Ralph OST,,,,"March 24, 2017",,Tomorrowland,Autopia Grandstand v.2 [REF],"This loop was first heard on March 24, 2017 with the reopening of Autopia (presented by Honda), at which point the characters ASIMO and Bird were added to the scenery along the attraction. In most areas of the queue, announcements by Bird play over the music, but the music can be heard uninterrupted in the covered area with the short looping videos. See MouseBits, https://mousebits.com/smf/index.php?topic=10841.msg98985#msg98985 (2022).",00:28:10.199,00:01:13.338,Henry Jackman,1,"Track is “Bake A Kart” on the FYC score, without the first few seconds. Starts at first note of high energy guitar/synth portion omitting slower horn leadup. In FYC’s “Bake A Cart”, edited to begin at 00:03.320 of the album track with a slight fade in to mask the opening instrumentation."
Fashion Statement 1901/8,8-Bit Electro ANW 1901,,,,"March 24, 2017",,Tomorrowland,Autopia Grandstand v.2 [REF],,,00:03:12.266,,4,Edited at 01:51.614 to crossfade into later section (02:07.615); first beat of next track starts at 03:44.072 but doesn’t necessarily cross fade
8 Bit Repeat,Electro House Beats,,,,"March 24, 2017",,Tomorrowland,Autopia Grandstand v.2 [REF],,,00:01:56.147,Rupert V.K. Pope,9,Cut to next track at 01:56.154; seamless transition with the underlying beat
Gadget Culture 1653/6,"Lifestyle, Corporate ANW 1653",,,,"March 24, 2017",,Tomorrowland,Autopia Grandstand v.2 [REF],,,00:03:19.649,,8,Fade out at 03:19.734
Get You Back,High Life: Electronic Pop,,,,"March 24, 2017",,Tomorrowland,Autopia Grandstand v.2 [REF],,,00:02:04.610,HeartThrob Beats,10,Cut to next track at 02:04.603
Gadget Lover 1869/2,"Science, Tech & Gadgets ANW 1869",,,,"March 24, 2017",,Tomorrowland,Autopia Grandstand v.2 [REF],,,00:03:41.567,,2,Fade out at 03:41.803 of track to begin next track
Social Media 2586/2,Technology ANW 2586,,,,"March 24, 2017",,Tomorrowland,Autopia Grandstand v.2 [REF],,,00:02:01.539,,7,Edited start - 00:06.865; 00:13.694 - end with fadeout to next track at 02:08.388
Nano Hugs 1594/2,Lifestyle Electronica ANW 1594,,,,"March 24, 2017",,Tomorrowland,Autopia Grandstand v.2 [REF],,,00:02:49.239,,6,Track is composed of several edited sections that seamlessly crossfade into each other; includes 0:01.493-00:57.519; 01:16.732 - 1:36.522; 01:55.716 - 02:08.157; 02:32.147 - 02:39.001; 02:48.608 - 03:43.093; 03:52.688 - 04:12.324
Vision 2130/6,Quirky Electronica ANW 2130,,,,"March 24, 2017",,Tomorrowland,Autopia Grandstand v.2 [REF],,,00:02:32.510,,5,Fades out by start of next track at 02:32.891
Bang On,Synth Electro Pop,,,,"March 24, 2017",,Tomorrowland,Autopia Grandstand v.2 [REF],,,00:03:20.172,David Krajic,11,Fade in for 00:00.455; Fade out at 03:18.868
Hot Pan 1655/7,Quirky Kids ANW 1655,,,,"March 24, 2017",,Tomorrowland,Autopia Grandstand v.2 [REF],,,00:01:59.163,,3,Fade out at 01:58.935 of track to cross fade with next track
Unknown,,,,,,,Main Street U.S.A.,Opera House Lobby [INC],The current staging area for Great Moments with Mr. Lincoln has a light instrumental that plays before the pre-show that appears to be unreleased. It is unknown when this was introduced.,Unknown,,,1,
In An Eighteenth Century Drawing Room,,,,,"January 1, 1983 → January 1, 1992",,Main Street U.S.A.,Plaza Inn Exterior [INC],"This loop played in the outdoor patio area outside the Plaza Inn dining rooms. This loop was shared by the Plaza Inn and Crystal Palace from 1983-1992 and was created for Tokyo Disneyland’s Crystal Palace in Adventureland. This track listing came from the original ""Treasures of Fantasy"" box set (1996, DMW934), the booklet with the blue cover, page 9, and was verified with a 2016 live recording at TDL by wedroy1923. See MouseBits, https://mousebits.com/smf/index.php?topic=7973.msg73536#msg73536 (2013).",Unknown,,,1,
Scarlet Ribbons,,,,,"January 1, 1983 → January 1, 1992",,Main Street U.S.A.,Plaza Inn Exterior [INC],,,,,10,
Dotted Swiss Polka,,,,,"January 1, 1983 → January 1, 1992",,Main Street U.S.A.,Plaza Inn Exterior [INC],,,,,4,
"Medley From ""Fiddler On The Roof”",,,,,"January 1, 1983 → January 1, 1992",,Main Street U.S.A.,Plaza Inn Exterior [INC],,,,,14,
My Ship,,,,,"January 1, 1983 → January 1, 1992",,Main Street U.S.A.,Plaza Inn Exterior [INC],,,,,8,
Disney Medley (Feed the Birds / Let's Go Fly a Kite / Zip-a-Dee-Doo-Dah / When You Wish Upon a Star / Supercalifragilisticexpialidocious),,,,,"January 1, 1983 → January 1, 1992",,Main Street U.S.A.,Plaza Inn Exterior [INC],,,,,5,
Dancing on the Ceiling (electric piano only),,,,,"January 1, 1983 → January 1, 1992",,Main Street U.S.A.,Plaza Inn Exterior [INC],,,,,16,
South Medley (Swanee River / Basin Street Blues / Do You Know What It Means to Miss New Orleans? / Unknown),,,,,"January 1, 1983 → January 1, 1992",,Main Street U.S.A.,Plaza Inn Exterior [INC],,,,,6,
Love is Blue,,,,,"January 1, 1983 → January 1, 1992",,Main Street U.S.A.,Plaza Inn Exterior [INC],,,,,12,
Porgy & Bess Medley,,,,,"January 1, 1983 → January 1, 1992",,Main Street U.S.A.,Plaza Inn Exterior [INC],,,,Frank Chacksfield & His Orchestra,7,
Finian's Rainbow Medley,,,,,"January 1, 1983 → January 1, 1992",,Main Street U.S.A.,Plaza Inn Exterior [INC],,,,,15,
Minuet in G (electric piano only),,,,,"January 1, 1983 → January 1, 1992",,Main Street U.S.A.,Plaza Inn Exterior [INC],,,,,9,
French Medley,,,,,"January 1, 1983 → January 1, 1992",,Main Street U.S.A.,Plaza Inn Exterior [INC],,,,,11,
Boccherini Minuet,,,,,"January 1, 1983 → January 1, 1992",,Main Street U.S.A.,Plaza Inn Exterior [INC],,,,,2,
Lullaby of the Leaves,,,,,"January 1, 1983 → January 1, 1992",,Main Street U.S.A.,Plaza Inn Exterior [INC],,,,,3,
Say It with Disney Music Medley (When You Wish Upon a Star / Unknown / Someday My Prince Will Come),,,,,"January 1, 1983 → January 1, 1992",,Main Street U.S.A.,Plaza Inn Exterior [INC],,,,,13,
Segment: 78th Batuu Holochess Tournament,,,,,,,Star Wars: Galaxy's Edge,BSO 401.72 Radio,,,00:08:28.994,,3," "
End Credits,The Nightmare Before Christmas OST,,,,,,New Orleans Square,"Le Bat en Rouge, Port Royal Curios and Curiosities",,,01:36.660,Danny Elfman,2,"note, crossfade in at 1:13.100, fade out at 2:47.243 for 0:02.517"
Cantina Song aka Mad About Mad About Me,Star Wars: Galaxy’s Edge Oga’s Cantina: R3X’s Playlist #1,,,,"January 17, 2020",,Star Wars: Galaxy's Edge,Oga's Cantina / DJ R3X,"This is the show hosted by DJ R3X in Oga’s cantina. See my MouseBits post for an extensive post on this topic: https://mousebits.com/smf/index.php?topic=10848.msg99013#msg99013 (2022). This loop repeats four times, with the interchangeable tracks changing each time. For convenience, I have only included one repetition of the loop here, with notes on the interchangeable tracks included in the Track Notes column.",N/A,,"R3X, Figrin D’an and the Modal Nodes",1,Potentially preceded by a reboot.
Swisskapolka,A Musical History of Disneyland,,,,"November 18, 1962 → March 8, 1999",,Adventureland,Swiss Family Robinson Treehouse,The Swisskapolka could be heard from the pump organ in the living room of the Swiss Family Robinson Treehouse. This can be labeled as “attraction music” that functioned as BGM for the larger area. The attraction operated from 1962-1999.,00:01:52,1:52,,1,
Christmas Medley,Disneyland Forever,,,,,Christmas,Adventureland,Swiss Family Robinson Treehouse Holiday,This medley could be heard from the pump organ in the living room of the Swiss Family Robinson Treehouse during the holiday season.,00:04:30,4:30,,1,
Oola Shuka,Star Wars: Galaxy’s Edge Oga’s Cantina: R3X’s Playlist #1,,,,"January 17, 2020",,Star Wars: Galaxy's Edge,Oga's Cantina / DJ R3X,,,,Gaya,6,
Turbulence,Star Wars: Galaxy’s Edge Oga’s Cantina: R3X’s Playlist #1,,,,"January 17, 2020",,Star Wars: Galaxy's Edge,Oga's Cantina / DJ R3X,,,,Mus Kat & Nalpak,2,
Utinni,Star Wars: Galaxy’s Edge Oga’s Cantina: R3X’s Playlist #1,,,,"January 17, 2020",,Star Wars: Galaxy's Edge,Oga's Cantina / DJ R3X,,,,The Dusty Jawas,16,
Goola Bukee,Star Wars: Galaxy’s Edge Oga’s Cantina: R3X’s Playlist #1,,,,"January 17, 2020",,Star Wars: Galaxy's Edge,Oga's Cantina / DJ R3X,,,,"Zano, YS-5755",14,
Nama Heh,Star Wars: Galaxy’s Edge Oga’s Cantina: R3X’s Playlist #1,,,,"January 17, 2020",,Star Wars: Galaxy's Edge,Oga's Cantina / DJ R3X,,,,Laki Lembeng,4,
Modal Notes,Star Wars: Galaxy’s Edge Oga’s Cantina: R3X’s Playlist #1,,,,"January 17, 2020",,Star Wars: Galaxy's Edge,Oga's Cantina / DJ R3X,,,,Figrin D’an and the Modal Nodes,12,
Batuu Boogie,Star Wars: Galaxy’s Edge Oga’s Cantina: R3X’s Playlist #1,,,,"January 17, 2020",,Star Wars: Galaxy's Edge,Oga's Cantina / DJ R3X,,,,"Chaka Mater Laka, MW-59",17,
Doshka,Star Wars: Galaxy’s Edge Oga’s Cantina: R3X’s Playlist #1,,,,"January 17, 2020",,Star Wars: Galaxy's Edge,Oga's Cantina / DJ R3X,,,,Mus Kat & Nalpak,19,
Overload,Unreleased,,,,"January 17, 2020",,Star Wars: Galaxy's Edge,Oga's Cantina / DJ R3X,,,,R3X,7,"The track “Overload” was not officially released, but was composed by the Brewhouse Music team and can be listed to in full on their site (labeled “REX - Opening Track”):
https://www.brewhousemusic.com/disneystarwarsdjr3xinogascan
It’s referred to as “Overload” because R3X’s introduction to the track either says that he finds a loose wire, or he says “Okay folks, here’s a jam I made up myself. I call it, Overload!!!” and then launches into a rehash of his lines from his Star Tours piloting days."
Bai Tee Tee,Star Wars: Galaxy’s Edge Oga’s Cantina: R3X’s Playlist #1,,,,"January 17, 2020",,Star Wars: Galaxy's Edge,Oga's Cantina / DJ R3X,,,,"Junee Veech, Gubz",11,
Huttuk Cheeka,Star Wars: Galaxy’s Edge Oga’s Cantina: R3X’s Playlist #1,,,,"January 17, 2020",,Star Wars: Galaxy's Edge,Oga's Cantina / DJ R3X,,,,Elem Zadowz,20,
Droid World,Star Wars: Galaxy’s Edge Oga’s Cantina: R3X’s Playlist #1,,,,"January 17, 2020",,Star Wars: Galaxy's Edge,Oga's Cantina / DJ R3X,,,,Sentient 7 and the Clankers,15,
Una Duey Dee,Star Wars: Galaxy’s Edge Oga’s Cantina: R3X’s Playlist #1,,,,"January 17, 2020",,Star Wars: Galaxy's Edge,Oga's Cantina / DJ R3X,,,,Kra Mer 5,13,
Beep Boop Bop,Star Wars: Galaxy’s Edge Oga’s Cantina: R3X’s Playlist #1,,,,"January 17, 2020",,Star Wars: Galaxy's Edge,Oga's Cantina / DJ R3X,,,,Duro Droids,9,
<Interchangeable Track>,Star Wars: Galaxy’s Edge Oga’s Cantina: R3X’s Playlist #2,,,,"January 17, 2020",,Star Wars: Galaxy's Edge,Oga's Cantina / DJ R3X,,,,,8,"Rotated between four tracks from playlist #2. Rotated between four tracks from playlist #2. Track A1 plays in the same subloop as A2, B1 as B2, C1 as C2, and D1 as D2. See https://mousebits.com/smf/index.php?topic=10848.msg99013#msg99013 for more information. Yocola Ateema has been heard playing after this track, albeit very inconsistently."
Bright Suns,Star Wars: Galaxy’s Edge Oga’s Cantina: R3X’s Playlist #1,,,,"January 17, 2020",,Star Wars: Galaxy's Edge,Oga's Cantina / DJ R3X,,,,Mus Kat & Nalpak,3,
<Interchangeable Track>,Star Wars: Galaxy’s Edge Oga’s Cantina: R3X’s Playlist #2,,,,"January 17, 2020",,Star Wars: Galaxy's Edge,Oga's Cantina / DJ R3X,,,,,5,"Rotated between four tracks from playlist #2. Track A1 plays in the same subloop as A2, B1 as B2, C1 as C2, and D1 as D2. See https://mousebits.com/smf/index.php?topic=10848.msg99013#msg99013 for more information."
Moulee-Rah,Star Wars: Galaxy’s Edge Oga’s Cantina: R3X’s Playlist #1,,,,"January 17, 2020",,Star Wars: Galaxy's Edge,Oga's Cantina / DJ R3X,,,,"Fytee, RB Snootles",18,
Aloogahoo,Star Wars: Galaxy’s Edge Oga’s Cantina: R3X’s Playlist #1,,,,"January 17, 2020",,Star Wars: Galaxy's Edge,Oga's Cantina / DJ R3X,,,,"Vee Gooda, Ryco",10,
U6 (BSO),,,,,,,Star Wars: Galaxy's Edge,BSO 401.72 Radio,,,00:03:24.068,,22,
Doshka,Star Wars: Galaxy’s Edge Oga’s Cantina: R3X’s Playlist #1,,,,,,Star Wars: Galaxy's Edge,BSO 401.72 Radio,,,00:02:53.880,Mus Kat & Nalpak,10,
Segment: The Rawani Cup Podracing Tournament,,,,,,,Star Wars: Galaxy's Edge,BSO 401.72 Radio,,,00:08:34.432,,8,
Mad About Mad About Me,Star Wars: Galaxy’s Edge Oga’s Cantina: R3X’s Playlist #1,,,,,,Star Wars: Galaxy's Edge,BSO 401.72 Radio,,,00:02:51.476,"R3X, Figrin D’an and the Modal Nodes",29,
Shakawalla,Star Wars: Galaxy’s Edge Oga’s Cantina: R3X’s Playlist #2,,,,,,Star Wars: Galaxy's Edge,BSO 401.72 Radio,,,00:03:24.243,Reut Yehudai AKA Kushmara,17,
Huttuk Cheeka,Star Wars: Galaxy’s Edge Oga’s Cantina: R3X’s Playlist #1,,,,,,Star Wars: Galaxy's Edge,BSO 401.72 Radio,,,00:02:14.816,Elem Zadowz,4,
Doolstan,Unreleased,,,,,,Star Wars: Galaxy's Edge,BSO 401.72 Radio,,,00:02:30.606,Brewhouse Music,33,Unofficially released. https://www.brewhousemusic.com/disneystarwarsdjr3xinogascan
Bai Tee Tee,Star Wars: Galaxy’s Edge Oga’s Cantina: R3X’s Playlist #1,,,,,,Star Wars: Galaxy's Edge,BSO 401.72 Radio,,,00:03:08.006,"Junee Veech, Gubz",31,
Beep Boop Bop,Star Wars: Galaxy’s Edge Oga’s Cantina: R3X’s Playlist #1,,,,,,Star Wars: Galaxy's Edge,BSO 401.72 Radio,,,00:02:07.835,Duro Droids,20,
Utinni,Star Wars: Galaxy’s Edge Oga’s Cantina: R3X’s Playlist #1,,,,,,Star Wars: Galaxy's Edge,BSO 401.72 Radio,,,00:02:33.583,The Dusty Jawas,24,
Galma,Unreleased,,,,,,Star Wars: Galaxy's Edge,BSO 401.72 Radio,,,00:01:51.835,Guy Mayzig,7,Star Wars Journey to Batuu Soundtrack (Sims expansion pack). https://www.youtube.com/watch?v=pcAkbmooteY
Ti Lo Laka,Unreleased,,,,,,Star Wars: Galaxy's Edge,BSO 401.72 Radio,,,00:02:09.184,Beckerman Green & Douek,25,"Star Wars Journey to Batuu Soundtrack (Sims expansion pack)
https://www.youtube.com/watch?v=zb3Wz6zXrss"
Segment: The Hutt Hour hosted by Hiro,,,,,,,Star Wars: Galaxy's Edge,BSO 401.72 Radio,,,00:05:58.587,,23,
U2 (BSO),,,,,,,Star Wars: Galaxy's Edge,BSO 401.72 Radio,,,00:03:18.984,,11,
Modal Notes,Star Wars: Galaxy’s Edge Oga’s Cantina: R3X’s Playlist #1,,,,,,Star Wars: Galaxy's Edge,BSO 401.72 Radio,,,00:02:41.725,Figrin D’an and the Modal Nodes,27,
Oola Shuka,Star Wars: Galaxy’s Edge Oga’s Cantina: R3X’s Playlist #1,,,,,,Star Wars: Galaxy's Edge,BSO 401.72 Radio,,,00:03:03.646,Gaya,13,
Nama Heh,Star Wars: Galaxy’s Edge Oga’s Cantina: R3X’s Playlist #1,,,,,,Star Wars: Galaxy's Edge,BSO 401.72 Radio,,,00:02:23.661,Laki Lembeng,15,
Turbulence,Star Wars: Galaxy’s Edge Oga’s Cantina: R3X’s Playlist #1,,,,,,Star Wars: Galaxy's Edge,BSO 401.72 Radio,,,00:02:49.905,Mus Kat & Nalpak,12,
Squip,Star Wars: Galaxy’s Edge Oga’s Cantina: R3X’s Playlist #2,,,,,,Star Wars: Galaxy's Edge,BSO 401.72 Radio,,,00:03:01.090,Kai Vokals,34,
Una Duey Dee,Star Wars: Galaxy’s Edge Oga’s Cantina: R3X’s Playlist #1,,,,,,Star Wars: Galaxy's Edge,BSO 401.72 Radio,,,00:02:16.300,Kra Mer 5,36,
Unknown A,Unreleased,,,,,,Frontierland,Rivers of America v.1,"Little is known concretely about when this loop played, although it is thought to have been installed around August of 1993. A brief clip of the loop playing in front of the Haunted Mansion in 1996 can be heard at https://youtu.be/e-jeX9HoIPM?t=1753. The loop is comprised entirely of recordings by the Royal Street Bachelors from sometime before 1978 as dated by a Jack Wagner Disneyland University training tape using some of the tracks (which is in limited circulation). None of the tracks in this loop were released commercially in their complete form. However, an edited version of “Swanee River” by The Royal Street Bachelors has appeared on several OAs. See the MouseBits post, https://www.notion.so/f7c80f10542145b3b326275f22b2a4d8?pvs=21 (2022). ",01:00:16.014,,The Royal Street Bachelors,1,
See loop notes,Unreleased,,,,"January 24, 1993",,Mickey's Toontown,WACKY Radio,"The W.A.C.K.Y. Radio Loop plays out of the radios in both Mickey’s and Minnie’s houses. Various musical underliners can be heard throughout the radio broadcast, many of which play in the Mickey’s Toontown area loop. Some changes were made to the radio to remove SFX and references to bygone attractions or locales with the renovation in 2023, based on a reference recording by SSrustworthy. See https://mousebits.com/smf/index.php?topic=4674.msg36903#msg36903.",00:20:37.729,00:20:37.729,,1,
It’s a Small World Holiday,It’s a Small World Holiday,,,,,Christmas,Fantasyland,it's a small world Holiday queue,The ‘it’s a small world’ Holiday queue plays a short music loop of themes that was released with the attraction soundtrack. The loop is instrumental.,00:01:30,00:01:30,,1,Released as the first 1:30 of the album track
See loop notes,Unreleased,,,,"July 4, 1984 → July 7, 1996",,Tomorrowland,Circle-Vision: America the Beautiful Queue,"This is an unreleased loop that is thought to have played in the queue area of the Circle-Vision theater, and was specially composed for the America the Beautiful film. This loop would have played from 1984 to 1996.",~00:12:23,~12:50,,1,
A Whale of a Tale,,,,,"August 5, 1955 → August 28, 1966",,Tomorrowland,20k Leagues Under the Sea Exhibit,"Two pieces of music played in the walk-through exhibit, 20,000 Leagues Under the Sea, open from 1955 through 1966. At the entrance, “A Whale of A Tale” could be heard. Once inside, Toccata and Fugue in D minor was played underneath narration. See the Disneyland Collection torrent and the Musical History of Disneyland Box Set booklet.",N/A,,Kirk Douglas,1,
Toccata and Fugue in D,,,,,"August 5, 1955 → August 28, 1966",,Tomorrowland,20k Leagues Under the Sea Exhibit,,,,,2,
"Home, Sweet Home (?)",Unreleased,,,,,,Frontierland,Mark Twain Riverboat v.2,,,,,2,Attraction; This track plays in its entirety as part of the https://youtu.be/r0eV5DVHL8U (see 0:03). I’m unsure on the title.
"Tiger Rag ",,,,,"October 1, 2010 → January 10, 2016",,Frontierland,Mark Twain Riverboat v.3,"This is a collection of tracks that play in sync with the narration on the Mark Twain Riverboat. This track was introduced on October 1, 2010, and was used until January 10, 2016. See MouseBits, https://forums.mousebits.com/threads/the-music-of-the-mark-twain-riverboat.10846/ for extensive discussion of this topic.",N/A,,Dutch Swing College Band,1,Plays before castoff as boat is loading at the dock.
How Do You Do,Unreleased,,,,"October 1, 2010 → January 10, 2016",,Frontierland,Mark Twain Riverboat v.3,,,,,3,"There is a version of this in the unofficial 34th anniversary Splash Mountain collection (”Area Music - How Do You Do”), but the Disneyland Collection torrent has a version (“How Do Ya Do - Music”) that has the bass line present in the Mark Twain version."
Way Down in New Orleans (with vocals),"The Princess and the Frog OST ",,,,"October 1, 2010 → January 10, 2016",,Frontierland,Mark Twain Riverboat v.3,,,,,2,
"Red River Valley (Instrumental) ",Red River Valley,,,,"October 1, 2010 → January 10, 2016",,Frontierland,Mark Twain Riverboat v.3,,,,Paco Ship,5,
"Lord, Lord, Lord, You Sure Been Good to Me",Here Come da Great Olympia Band,,,,"October 1, 2010 → January 10, 2016",,Frontierland,Mark Twain Riverboat v.3,,,,Dejan’s Olympia Brass Band,8,Plays after narration track finishes at unload.
Pirate’s Cove Medley,Sea Changes of the Toucan Pirates,,,,"October 1, 2010 → January 10, 2016",,Frontierland,Mark Twain Riverboat v.3,,,,Toucan Pirates,6,
Unclouded Day,Smoky Mountain Hymns,,,,"October 1, 2010 → January 10, 2016",,Frontierland,Mark Twain Riverboat v.3,,,,Studio Musicians,7,"Note: Shazam thinks this tune is by artist Craig Duncan, but the arrangement lines up with the Smoky Mountain Hymns version, and was correctly identified by other services"
Mark Twain,Unreleased,,,,,,Frontierland,Mark Twain Riverboat v.1,"This Mark Twain attraction music loop consisted of a single short, instrumental track over and over again behind live or recorded narration. It was somewhat slow and sad sounding. See MouseBits, https://forums.mousebits.com/threads/the-music-of-the-mark-twain-riverboat.10846/ for an extensive discussion of this topic. The track is unreleased, but still plays today under the Disneyland Paris riverboat narration.",00:00:41.214,00:00:41.214,,1,"This short snippet has popped up in a loop of length 8:23 in the Disneyland Collection torrent, where the loop plays repeatedly (12.5 times — it’s only 41.214 seconds long). The track is called “Rivers of America Music played just past Indian Village.”"
"Tiger Rag ",,,,,"July 29, 2017",,Frontierland,Mark Twain Riverboat v.4,"This is a collection of tracks that play in sync with the narration on the Mark Twain Riverboat. This collection of tracks was introduced on July 29, 2017 and is still used in 2026, albeit with a change in narration (see v.5). See MouseBits, https://forums.mousebits.com/threads/the-music-of-the-mark-twain-riverboat.10846/ for an extensive discussion of this topic.",N/A,,Dutch Swing College Band,1,Plays before castoff as boat is loading at the dock.
"Lord, Lord, Lord, You Sure Been Good to Me",Here Come da Great Olympia Band,,,,"July 29, 2017",,Frontierland,Mark Twain Riverboat v.4,,,,Dejan’s Olympia Brass Band,8,Plays after narration track finishes at unload.
"Red River Valley (Instrumental) ",Red River Valley,,,,"July 29, 2017",,Frontierland,Mark Twain Riverboat v.4,,,,Paco Ship,5,
Unclouded Day,Smoky Mountain Hymns,,,,"July 29, 2017",,Frontierland,Mark Twain Riverboat v.4,,,,Studio Musicians,7,"Note: Shazam thinks this tune is by artist Craig Duncan, but the arrangement lines up with the Smoky Mountain Hymns version, and was correctly identified by other services"
How Do You Do,Unreleased,,,,"July 29, 2017",,Frontierland,Mark Twain Riverboat v.4,,,,,3,"There is a version of this in the unofficial 34th anniversary Splash Mountain collection (”Area Music - How Do You Do”), but the Disneyland Collection torrent has a version (“How Do Ya Do - Music”) that has the bass line present in the Mark Twain version."
Pirate’s Cove Medley,Sea Changes of the Toucan Pirates,,,,"July 29, 2017",,Frontierland,Mark Twain Riverboat v.4,,,,Toucan Pirates,6,
Way Down in New Orleans (with vocals),"The Princess and the Frog OST ",,,,"July 29, 2017",,Frontierland,Mark Twain Riverboat v.4,,,,,2,
Cedar Falls 2613/3,Banjo ANW 2613,,,,"July 29, 2017",,Frontierland,Mark Twain Riverboat v.4,,,,"Leon Hunt, Josh Clark",4,
Hooray for Hollywood,,,,,,,Main Street U.S.A.,DCA Preview Center,"These tracks were remembered by MouseBits members as playing in the preview center in the Main Street Opera House. No reference recording exists. See MouseBits, https://mousebits.com/smf/index.php?topic=9016.msg86616#msg86616 (2015).",Unknown,,Dorris Day,1,
City Of Angels,,,,,,,Main Street U.S.A.,DCA Preview Center,,,,Red Hot Chili Peppers,,
California Girls,,,,,,,Main Street U.S.A.,DCA Preview Center,,,,The Beach Boys,,
Surfing USA,,,,,,,Main Street U.S.A.,DCA Preview Center,,,,The Beach Boys,,
The Muppet Show Theme,,,,,,,Main Street U.S.A.,DCA Preview Center,,,,,,
I Wanna Weld Your Hand,See track notes,,,,"January 9, 1987 → July 27, 2010",,Tomorrowland,Star Tours Queue,"These are two tracks that played in the original Star Tours ride queue, among narration from the droid. There was no overarching loop, per se. See these wiki articles: https://disney.fandom.com/wiki/I_Wanna_Weld_Your_Hand, https://starwars.fandom.com/wiki/The_Droid_Rooms",N/A,02:33,Danny and the Droids,1,"This is included in “The Droid Rooms” released on several Disneyland official albums as 0:00 - 2:33. The first segment was played when repair droid https://starwars.fandom.com/wiki/G2-9T/Legends usually told guests it is one of his favorite hit songs: ""https://starwars.fandom.com/wiki/I_Wanna_Weld_Your_Hand"" by https://starwars.fandom.com/wiki/Danny_and_the_Droids."
The Droid Rooms [second half],See track notes,,,,"January 9, 1987 → July 27, 2010",,Tomorrowland,Star Tours Queue,,,01:06,,2,This is included in “The Droid Rooms” released on several Disneyland official albums as 2:33-3:40. This track appears to have played underneath repair droid https://starwars.fandom.com/wiki/G2-9T/Legends’s commentary at various times.
Star Wars Theme,Treasures of Fantasy (1995 Box Set),,,,"January 9, 1987 → December 3, 2012",,Tomorrowland,Star Tours Exit,"This music played in the exit hall of the original Star Tours attraction. It is essentially the Star Wars Theme from the Treasures of Fantasy CD, looped twice with a transition bridge. See Magic Music, https://community.magicmusic.net/threads/star-tours-exit-music.856/#post-32920 (2003).",~00:09:53,09:53,,1,"This track was looped twice, with a bridge between the iterations, to form the full loop. "
Old Kentucky Home,Unreleased,,,,,,Frontierland,Fort Wilderness,,,,,2,
Old Folks at Home (Swanee River),Unreleased,,,,,,Frontierland,Fort Wilderness,,,,,3,
Oh! Susannah,Unreleased,,,,,,Frontierland,Fort Wilderness,,,,,4,
Unknown,Unreleased,,,,,,Frontierland,Fort Wilderness,,,,,5,
"8 Humoresques, Op. 101, B. 187: No. 7. Poco lento e grazioso in G flat major","Salon Orchestra Favourites, Vol. 3",,,,"October 21, 2021",,Main Street U.S.A.,Plaza Point Holiday Shoppe,"This loop has played in the Plaza Point Holiday Shoppe since opening in October 2021 in the previous location of the camera shop. See MouseBits, https://forums.mousebits.com/threads/plaza-point-holiday-shoppe-interior-loop.11069/, 2024. See Reconstruction by https://www.youtube.com/watch?v=M0aGtEuqZUw.",~01:20:30.8,00:02:26.027959,Schwanen Salon Orchestra,1,
Fragrance,Salon to Swing,,,,"October 21, 2021",,Main Street U.S.A.,Plaza Point Holiday Shoppe,,,00:03:59.635374,Anthony Godwin and The Palm Court Theatre Orchestra,3,
Joplin: Elite Syncopations,And The Band Played On,,,,"October 21, 2021",,Main Street U.S.A.,Plaza Point Holiday Shoppe,,,00:03:21.586054,I Salonisti,6,
In the Shadows,"""Titanic: Music As Heard On The Fateful Voyage""",,,,"October 21, 2021",,Main Street U.S.A.,Plaza Point Holiday Shoppe,,,00:05:17.005578,Ian Whitcomb,5,
III. Blumencorso,"Salon Orchestra Favourites, Vol. 2",,,,"October 21, 2021",,Main Street U.S.A.,Plaza Point Holiday Shoppe,,,00:03:08.808141,Schwanen Salon Orchestra,2,
Noce villageoise,"Serenata: I Salonisti Spielen Salonmusik OR ""The Last Dance",,,,"October 21, 2021",,Main Street U.S.A.,Plaza Point Holiday Shoppe,,,00:03:10.222721,I Salonisti,4,
Liebesfreud,"Salon Orchestra Favourites, Vol. 3",,,,"October 21, 2021",,Main Street U.S.A.,Plaza Point Holiday Shoppe,,,00:03:11.922222,Schwanen Salon Orchestra,7,
Lincke: Lysistrata (Arr. I Salonisti),I Salonisti,,,,"October 21, 2021",,Main Street U.S.A.,Plaza Point Holiday Shoppe,,,00:02:15.148254,Glühwürmchen-Idyll,9,
The Merry Widow Waltz,"""Titanic: Music As Heard On The Fateful Voyage""",,,,"October 21, 2021",,Main Street U.S.A.,Plaza Point Holiday Shoppe,,,00:03:25.347574,Ian Whitcomb,10,
Sousa: El Capitán,And The Band Played On,,,,"October 21, 2021",,Main Street U.S.A.,Plaza Point Holiday Shoppe,,,00:02:15.244558,I Salonisti,15,
Silver Heels,"""Titanic: Music As Heard On The Fateful Voyage""",,,,"October 21, 2021",,Main Street U.S.A.,Plaza Point Holiday Shoppe,,,00:02:53.065669,Ian Whitcomb,13,
"Ein Walzertraum , Act I: Non sai mia bella: Leise, ganz leise klingt's durch den Raum","Salon Orchestra Favourites, Vol. 3",,,,"October 21, 2021",,Main Street U.S.A.,Plaza Point Holiday Shoppe,,,00:04:29.938957,Schwanen Salon Orchestra,12,
The Mosquito's Parade,"""Titanic: Music As Heard On The Fateful Voyage""",,,,"October 21, 2021",,Main Street U.S.A.,Plaza Point Holiday Shoppe,,,00:02:21.762540,Ian Whitcomb,11,
IV. Tarantella,"Salon Orchestra Favourites, Vol. 2",,,,"October 21, 2021",,Main Street U.S.A.,Plaza Point Holiday Shoppe,,,00:03:52.644807,Schwanen Salon Orchestra,16,
That Mesmerizing Mendelssohn Tune,"""Titanic: Music As Heard On The Fateful Voyage""",,,,"October 21, 2021",,Main Street U.S.A.,Plaza Point Holiday Shoppe,,,00:01:51.125283,Ian Whitcomb,14,
Comic Cake Walk,And The Band Played On,,,,"October 21, 2021",,Main Street U.S.A.,Plaza Point Holiday Shoppe,,,00:03:19.210363,I Salonisti,17,
Lily of Laguna,"""Titanic: Music As Heard On The Fateful Voyage""",,,,"October 21, 2021",,Main Street U.S.A.,Plaza Point Holiday Shoppe,,,00:02:20.463832,Ian Whitcomb,8,
Destiny,"""Titanic: Music As Heard On The Fateful Voyage""",,,,"October 21, 2021",,Main Street U.S.A.,Plaza Point Holiday Shoppe,,,00:05:00.437302,"Ian Whitcomb
  feat. The White Star Orchestra",25,
Heyken's Serenade No. 2,"""The Golden Age of Light Music: Light Music While You Work",,,,"October 21, 2021",,Main Street U.S.A.,Plaza Point Holiday Shoppe,,,00:03:06.297279,David Java And His Orchestra,22,
Berlin: Everbody's Doing It Now,And The Band Played On,,,,"October 21, 2021",,Main Street U.S.A.,Plaza Point Holiday Shoppe,,,00:01:48.505601,I Salonisti,24,
Belle of the Ball,"Salon Orchestra Favourites, Vol. 2",,,,"October 21, 2021",,Main Street U.S.A.,Plaza Point Holiday Shoppe,,,00:02:51.615125,"Schwanen Salon
  Orchestra",23,
The Merry Widow: Vilja Song,Budapest Philharmonic Orchestra,,,,"October 21, 2021",,Main Street U.S.A.,Plaza Point Holiday Shoppe,,,00:02:42.930272,"""Es lebt'
  eine Vilja""",21,
"Gold und Silber, Op. 79: Waltz",Gold and Silver (Various),,,,"October 21, 2021",,Main Street U.S.A.,Plaza Point Holiday Shoppe,,,00:04:39.334535,Budapest Symphony Orchestra,20,Potentially edited
Petite Marche Viennoise,The Last Dance,,,,"October 21, 2021",,Main Street U.S.A.,Plaza Point Holiday Shoppe,,,00:03:22.590998,I Salonisti,18,
Die Libelle,"Salon Orchestra Favourites, Vol. 3",,,,"October 21, 2021",,Main Street U.S.A.,Plaza Point Holiday Shoppe,,,00:03:20.025556,Schwanen Salon Orchestra,19,
All for Me Grog,All for Me Grog,,,,"May 25, 2007",,Frontierland,Lafitte's Tavern,"This loop was introduced with the Pirate’s Lair retheming of Tom Sawyer’s island in 2007, and has played at Lafitte’s tavern intermittently over the years. The loop is meant to be the ambient sound of a pirate tavern, and the musical tracks are interspersed with dialogue of pirates talking. This preliminary playlist was compiled by pixelated. See Disney Parks Music Compendium, https://disney-parks-music-compendium.blogspot.com/2022/11/lafittes-tavern-bgm.html. Also see MouseBits, https://mousebits.com/smf/index.php?topic=7977.msg71626#msg71626 (2013).",~32:24,,The Jolly Rogers,1,
Ten Penny Bit (Swallow Tail Jig) (Instrumental),Classic Maritime Music (Smithsonian Folkways),,,,"May 25, 2007",,Frontierland,Lafitte's Tavern,,,,Ellen Cohn,4,
The Quilty Hornpipe,Billy Bones and Other Ditties,,,,"May 25, 2007",,Frontierland,Lafitte's Tavern,,,,Skip Henderson,5,
General Taylor,Billy Bones and Other Ditties,,,,"May 25, 2007",,Frontierland,Lafitte's Tavern,,,,Skip Henderson,10,
Liverpool Judies,Classic Maritime Music (Smithsonian Folkways),,,,"May 25, 2007",,Frontierland,Lafitte's Tavern,,,,Stuart M. Frank,2,
Roll Me Hearties,Roll Me Hearties,,,,"May 25, 2007",,Frontierland,Lafitte's Tavern,,,,The Jolly Rogers,3,
Bully in the Alley,Classic Maritime Music (Smithsonian Folkways),,,,"May 25, 2007",,Frontierland,Lafitte's Tavern,,,,Morrigan,9,
We're All Bound to Go,Billy Bones and Other Ditties,,,,"May 25, 2007",,Frontierland,Lafitte's Tavern,,,,Skip Henderson,6,
Westering Ho / Haul Away Joe,No Refunds,,,,"May 25, 2007",,Frontierland,Lafitte's Tavern,,,,The Jolly Rogers,8,
Traditional Sword Dances / Bobby Shaftoe,Blow Ye Winds in the Morning,,,,"May 25, 2007",,Frontierland,Lafitte's Tavern,,,,The Revels,7,
Blues Petite,Are You in Shape,,,,,,New Orleans Square,Eudora's Chic Boutique [REF],,,00:03:16.281,Hot Sugar Band,12,playback rate: 1.000004
The Grabtown Grapple,Wondering Where,,,,,,New Orleans Square,Eudora's Chic Boutique [REF],,,00:02:59.220,Hot Sugar Band,13,playback rate: 1.000069
Oomph Fa Fa,Jammin’ the Blues,,,,,,New Orleans Square,Eudora's Chic Boutique [REF],,,00:03:28.823,"Jonathan Stout & His Campus Five, Hilary Alexander",14,playback rate: 1.000050
When Gigi Swings,Defifoo,,,,,,New Orleans Square,Eudora's Chic Boutique [REF],,,00:03:03.095,Hot Sugar Band,15,playback rate: 1.000023
Coconut Grove Bounce,Vintage Jazz Encore: A Taste of the 30s - 50s,,,,,,New Orleans Square,Eudora's Chic Boutique [REF],,,00:02:59.974,The City of Los Angeles All Stars,16,playback rate: 1.000084
Satchel Mouth Blues,More Vintage Jazz: A Taste of the 30s - 50s,,,,,,New Orleans Square,Eudora's Chic Boutique [REF],,,00:03:04.099,The City of Los Angeles All Stars & Richard Geere,17,playback rate: 1.000013
Crescent City Calypso,Blue Crescent,,,,,,New Orleans Square,Eudora's Chic Boutique [REF],,,00:04:10.565,Dr. Michael White,18,playback rate: 0.999988
The Lonely Midnight Blues,Vintage Jazz Anthology: Hot to Cool,,,,,,New Orleans Square,Eudora's Chic Boutique [REF],,,00:06:40.494,The City of Los Angeles All Stars & Richard Geere,19,playback rate: 1.000007
Bouncin' Around,Are You in Shape,,,,,,New Orleans Square,Eudora's Chic Boutique [REF],,,00:03:30.239,Hot Sugar Band,20,"edited, playback rate: 0.999996 Note: Track audio after 3:30.977 is removed."
Tin Roof Blues,I Must Have It,,,,,,New Orleans Square,Eudora's Chic Boutique [REF],,,00:05:00.468,Bourbon Street Jazzband,21,playback rate: 1.000029
After You've Gone,After You’ve Gone,,,,,,New Orleans Square,Eudora's Chic Boutique [REF],,,00:04:19.633,"Anthony ""Tuba Fats"" Lacen; Peter Nissens New Orleans Jazzband",22,playback rate: 0.999850
Creole Jazz,The Swing Code,,,,,,New Orleans Square,Eudora's Chic Boutique [REF],,,00:02:49.365,Dutch Swing College Band,23,playback rate: 0.999992
Blues in the Air,Caution Hot!,,,,,,New Orleans Square,Eudora's Chic Boutique [REF],,,00:02:36.932,Bourbon Street Stompers,24,playback rate: 1.000011
Mean to Me,Eleanora - the Early Years of Billie Holiday,,,,,,New Orleans Square,Eudora's Chic Boutique [REF],,,00:03:07.267,Hot Sugar Band,25,"not exact sync, playback rate: 0.999468"
The Corner Post,Trace of Time,,,,,,New Orleans Square,Eudora's Chic Boutique [REF],,,00:02:36.686,Steve Riley & The Mamou Playboys,26,"edited, playback rate: 0.999996 Note: Track audio after 2:37.760 is removed."
Ooh La La (Danse Créole),Blue Crescent,,,,,,New Orleans Square,Eudora's Chic Boutique [REF],,,00:06:02.966,Dr. Michael White,27,playback rate: 0.999999
Roses of Picardy,After You’ve Gone,,,,,,New Orleans Square,Eudora's Chic Boutique [REF],,,00:01:21.408,"Anthony ""Tuba Fats"" Lacen; Peter Nissens New Orleans Jazzband",28,playback rate: 0.999815
"Hot, Short and Sweet Blues",More Vintage Jazz: A Taste of the 30s - 50s,,,,,,New Orleans Square,Eudora's Chic Boutique [REF],,,00:02:17.350,The City of Los Angeles All Stars & Richard Geere,29,playback rate: 0.999997
"Money in Both Pockets / Blow, Ye Winds",Songs & Sounds Of The Sea,,National Geographic Society,,,,Frontierland,S.S. Columbia Docked Seaman,,,,,2,
Boston Harbor,Songs & Sounds Of The Sea,,National Geographic Society,,,,Frontierland,S.S. Columbia Docked Seaman,,,,,3,
Jolly Roving Tar,Songs & Sounds Of The Sea,,National Geographic Society,,,,Frontierland,S.S. Columbia Docked Seaman,,,,,4,
Patsy Campbell / The Whale Catchers,Songs & Sounds Of The Sea,,National Geographic Society,,,,Frontierland,S.S. Columbia Docked Seaman,,,,,5,
Wheat In The Ear,Songs & Sounds Of The Sea,,National Geographic Society,,,,Frontierland,S.S. Columbia Docked Seaman,,,,,6,
Away Rio,The Wind in the Rigging,,North Star Records,,"June 1, 1999 → May 1, 2007",,Frontierland,S.S. Columbia Attraction v.2,"This music was played onboard the S.S. Columbia interspersed with the show narration. See MouseBits, https://mousebits.com/smf/index.php?topic=10877.msg99153#msg99153 (2022). v.2 premiered at or after the June 1999 reopening, and played until approx. May 2007. This tracklist was created based on videos from 2003 and 2005. The biggest change from the pre-98 narration seems to be the inclusion of “Away Rio” from The Wind In The Rigging, an album which features prominently in the Columbia Harbour House area music at WDW’s Liberty Square.",Unknown,,"David Coffin, Kevin Fallon, Otis Read",1,Only heard at load/unload
Clear The Track,Songs of the Sea,,Columbia Records,,"June 1, 1999 → May 1, 2007",,Frontierland,S.S. Columbia Attraction v.2,,,,Norman Luboff Choir,2,
The Boston Come All Ye,Songs of the Sea,,Columbia Records,,"June 1, 1999 → May 1, 2007",,Frontierland,S.S. Columbia Attraction v.2,,,,Norman Luboff Choir,3,
One More Day,Songs of the Sea,,Columbia Records,,"June 1, 1999 → May 1, 2007",,Frontierland,S.S. Columbia Attraction v.2,,,,Norman Luboff Choir,4,
Away Rio,Songs of the Sea,,Columbia Records,,"June 1, 1999 → May 1, 2007",,Frontierland,S.S. Columbia Attraction v.2,,,,Norman Luboff Choir,5,
Rollin’ Home,Songs of the Sea,,Columbia Records,,"June 1, 1999 → May 1, 2007",,Frontierland,S.S. Columbia Attraction v.2,,,,Norman Luboff Choir,6,
Blow The Man Down,Songs of the Sea,,Columbia Records,,"June 1, 1999 → May 1, 2007",,Frontierland,S.S. Columbia Attraction v.2,,,,Norman Luboff Choir,7,Only heard at load/unload
Clear The Track,Songs of the Sea,,,,"May 1, 2007 → January 4, 2010",,Frontierland,S.S. Columbia Attraction v.3,"This music was played onboard the S.S. Columbia interspersed with the show narration. This version 3 premiered at or after the May 2007 reopening after the opening of Pirate’s Lair on TSI.  It was retired by January 4, 2010 for the Rivers of America redesign. See MouseBits, https://mousebits.com/smf/index.php?topic=10877.msg99153#msg99153 (2022). This tracklist was compiled by SSrustworthy based on videos from 2008 and 2009. No reference recordings of load/unload music have been found. This version was the first to see the inclusion of Toucan Pirates tracks.",Unknown,,Norman Luboff Choir,1,
The Boston Come All Ye,Songs of the Sea,,,,"May 1, 2007 → January 4, 2010",,Frontierland,S.S. Columbia Attraction v.3,,,,Norman Luboff Choir,2,
One More Day,Songs of the Sea,,,,"May 1, 2007 → January 4, 2010",,Frontierland,S.S. Columbia Attraction v.3,,,,Norman Luboff Choir,3,
Turpin Hero,Sea Changes of the Toucan Pirates,,,,"May 1, 2007 → January 4, 2010",,Frontierland,S.S. Columbia Attraction v.3,,,,Toucan Pirates,4,
Away Rio,The Wind in the Rigging,,,2,"May 1, 2007 → January 4, 2010",,Frontierland,S.S. Columbia Attraction v.3,,,,"David Coffin, Kevin Fallon, Otis Read",5,
Whiskey Before Breakfast,Sea Changes of the Toucan Pirates,,,,"May 1, 2007 → January 4, 2010",,Frontierland,S.S. Columbia Attraction v.3,,,,Toucan Pirates,6,
The Jib Polka,Sea Changes of the Toucan Pirates,,,,"May 1, 2007 → January 4, 2010",,Frontierland,S.S. Columbia Attraction v.3,,,,Toucan Pirates,7,
The Old-Rigged Ship,Sea Changes of the Toucan Pirates,,,,"May 1, 2007 → January 4, 2010",,Frontierland,S.S. Columbia Attraction v.3,,,,Toucan Pirates,8,
Blow The Man Down,Songs of the Sea,,Columbia Records,,"May 22, 2010 → May 31, 2016",,Frontierland,S.S. Columbia Attraction v.4,,Unknown,,Norman Luboff Choir,1,Load/unload music; may not be the only load track used.
Clear The Track,Songs of the Sea,,Columbia Records,,"May 22, 2010 → May 31, 2016",,Frontierland,S.S. Columbia Attraction v.4,,,,Norman Luboff Choir,2,
The Boston Come All Ye,Songs of the Sea,,Columbia Records,,"May 22, 2010 → May 31, 2016",,Frontierland,S.S. Columbia Attraction v.4,,,,Norman Luboff Choir,3,
One More Day,Songs of the Sea,,Columbia Records,,"May 22, 2010 → May 31, 2016",,Frontierland,S.S. Columbia Attraction v.4,,,,Norman Luboff Choir,4,
The Reconciliation,Battle Songs of the Toucan Pirates,,,,"May 22, 2010 → May 31, 2016",,Frontierland,S.S. Columbia Attraction v.4,,,,Toucan Pirates,5,
Away Rio,The Wind In the Rigging,,North Star Records,,"May 22, 2010 → May 31, 2016",,Frontierland,S.S. Columbia Attraction v.4,,,,"David Coffin, Kevin Fallon, Otis Read",6,
Whiskey Before Breakfast,Sea Changes of the Toucan Pirates,,,,"May 22, 2010 → May 31, 2016",,Frontierland,S.S. Columbia Attraction v.4,,,,Toucan Pirates,7,
The Jib Polka,Sea Changes of the Toucan Pirates,,,,"May 22, 2010 → May 31, 2016",,Frontierland,S.S. Columbia Attraction v.4,,,,Toucan Pirates,8,
The Old-Rigged Ship,Sea Changes of the Toucan Pirates,,,,"May 22, 2010 → May 31, 2016",,Frontierland,S.S. Columbia Attraction v.4,,,,Toucan Pirates,9,
Clear The Track,Songs of the Sea,,,,"July 29, 2017",,Frontierland,S.S. Columbia Attraction v.5,"This music was played onboard the S.S. Columbia, interspersed with the show narration. v.5 premiered with the July 2017 reopening of the Rivers of America, and is used currently (as of January 2023). See MouseBits, https://mousebits.com/smf/index.php?topic=10877.msg99153#msg99153 (2022).",Unknown,,Norman Luboff Choir,1,
One More Day,Songs of the Sea,,Columbia Records,,"July 29, 2017",,Frontierland,S.S. Columbia Attraction v.5,,,,Norman Luboff Choir,2,
Away Rio,The Wind in the Rigging,,Columbia Records,,"July 29, 2017",,Frontierland,S.S. Columbia Attraction v.5,,,,"David Coffin, Kevin Fallon, Otis Read",3,
The Old-Rigged Ship,Sea Changes of the Toucan Pirates,,North Star Records,2,"July 29, 2017",,Frontierland,S.S. Columbia Attraction v.5,,,,Toucan Pirates,4,
The Staines Morris,Battle Songs of the Toucan Pirates,,,,"July 29, 2017",,Frontierland,S.S. Columbia Attraction v.5,,,,Toucan Pirates,5,
Fare Ye Well 2202/9,Maritime ANW 2202,,,,"July 29, 2017",,Frontierland,S.S. Columbia Attraction v.5,,,,"Richard Lacy, David Bird, Terry Maskill",6,
The Reconciliation,Battle Songs of the Toucan Pirates,,Audio Network,,"July 29, 2017",,Frontierland,S.S. Columbia Attraction v.5,,,,Toucan Pirates,7,Edited; starts at 1:11 of the ANW track
Whiskey Before Breakfast,Sea Changes of the Toucan Pirates,,,,"July 29, 2017",,Frontierland,S.S. Columbia Attraction v.5,,,,Toucan Pirates,8,
The Jib Polka,Sea Changes of the Toucan Pirates,,,,"July 29, 2017",,Frontierland,S.S. Columbia Attraction v.5,,,,Toucan Pirates,9,
Turpin Hero,Sea Changes of the Toucan Pirates,,,,"July 29, 2017",,Frontierland,S.S. Columbia Attraction v.5,,,,Toucan Pirates,11,Load/Unload
The Throne Room / End Title,Star Wars: A New Hope OST,,,,,,Tomorrowland,Hyperspace Mountain Exit,"The exit to Hyperspace Mountain appears to play “The Throne Room / End Title” from the Star Wars: A New Hope OST. This is audible on the exit staircase through the hallway that leads back to the concourse (where the restrooms and images are located). There is no recording in full, but it is audible from YouTube videos that most of the first three minutes of the album track is covered. It is unknown whether edits are present. See MouseBits, https://mousebits.com/smf/index.php?topic=10881.msg99177#msg99177 (2023).",~5 minutes,,John Williams,1,
Tink Tours Pixie Hollow,Tinker Bell (2013 Intrada Score),,Intrada,,"October 25, 2008",,Fantasyland,Meet Tinker Bell at Pixie Hollow,,,,Joel McNeely,2,edited 0:00.528 -1:20.223
Welcome to Tinker’s Nook,Tinker Bell (2013 Intrada Score),,Intrada,,"October 25, 2008",,Fantasyland,Meet Tinker Bell at Pixie Hollow,,,,Joel McNeely,3,edited 0:00.000 - 1:09.621; missing additional fiddle on soundtrack intro
Tinker Bell’s New Home,Tinker Bell (2013 Intrada Score),,Intrada,,"October 25, 2008",,Fantasyland,Meet Tinker Bell at Pixie Hollow,,,,Joel McNeely,4,edited 0:00.000 - 1:09.286
Unknown Score A,Unreleased,,,,"October 25, 2008",,Fantasyland,Meet Tinker Bell at Pixie Hollow,,,00:40.119,Joel McNeely,5,
Tinkering,Tinker Bell (2013 Intrada Score),,Intrada,,"October 25, 2008",,Fantasyland,Meet Tinker Bell at Pixie Hollow,,,,Joel McNeely,6,edited 0:00.000 - 1:25.585
Unknown Score B,Unreleased,,,,"October 25, 2008",,Fantasyland,Meet Tinker Bell at Pixie Hollow,,,01:42.250,Joel McNeely,7,
Making Things,Tinker Bell (2013 Intrada Score),,Intrada,,"October 25, 2008",,Fantasyland,Meet Tinker Bell at Pixie Hollow,,,,Joel McNeely,8,edited 0:00.000 - 1:02.265
Unknown Score C,Unreleased,,,,"October 25, 2008",,Fantasyland,Meet Tinker Bell at Pixie Hollow,,,01:04.994,Joel McNeely,9,extended version of Light Fairy score
Tink Tries To Be A Light Fairy,Tinker Bell (2013 Intrada Score),,Intrada,,"October 25, 2008",,Fantasyland,Meet Tinker Bell at Pixie Hollow,,,,Joel McNeely,10,edited 0:40.644 - 1:31.206 ; 1:33.005-2:55.812
Unknown Score D,Unreleased,,,,"October 25, 2008",,Fantasyland,Meet Tinker Bell at Pixie Hollow,,,00:22.697,Joel McNeely,11,
Teaching A Baby Bird To Fly,Tinker Bell (2013 Intrada Score),,Intrada,,"October 25, 2008",,Fantasyland,Meet Tinker Bell at Pixie Hollow,,,,Joel McNeely,12,edited 0:52.581 - 2:41.949
Tink Finds The Music Box,Tinker Bell (2013 Intrada Score),,Intrada,,"October 25, 2008",,Fantasyland,Meet Tinker Bell at Pixie Hollow,,,,Joel McNeely,13,edited 0:51.634 - 2:06.103
Searching For Answers,Tinker Bell (2013 Intrada Score),,Intrada,,"October 25, 2008",,Fantasyland,Meet Tinker Bell at Pixie Hollow,,,,Joel McNeely,14,edited 0:48.539-0:53.495; 1:00.958 - 1:21.213
Sprinting Thistles,Tinker Bell (2013 Intrada Score),,Intrada,,"October 25, 2008",,Fantasyland,Meet Tinker Bell at Pixie Hollow,,,,Joel McNeely,15,edited 1:08.534 - 2:13.829
Spring is Ruined,Tinker Bell (2013 Intrada Score),,Intrada,,"October 25, 2008",,Fantasyland,Meet Tinker Bell at Pixie Hollow,,,,Joel McNeely,16,edited 0:52.683 - 1:30.097
Valse Concertant,Salon Musik,,Fanfare,,,,Main Street U.S.A.,Disney Clothiers Ltd.,"This loop plays as background music inside Disney Clothiers at Disneyland. This playslist is based on a live recording by pixelated. See Disney Parks Music Compendium, https://disney-parks-music-compendium.blogspot.com/2022/11/disney-clothiers-bgm.html and Mousebits, https://mousebits.com/smf/index.php?topic=9607.msg90724#msg90724. Not verified with source tracks; there may be edits. Also see Magic Music, https://community.magicmusic.net/threads/new-dl-emporium-music.963/#post-6369 which suggests the loop’s installation as ca. 2003.",~01:01:21,00:01:48,Palm Court Orchestra,1,
Bohemia Rag,Rags to Riches,,Fanfare,,,,Main Street U.S.A.,Disney Clothiers Ltd.,,,00:03:52,John Arpin and Catherine Wilson,2,
Magnetic Rag,Joplin: The Easy Winners and Other Rag-Time Music,,EMI,,,,Main Street U.S.A.,Disney Clothiers Ltd.,,,00:04:43,Itzhak Perlman and Andre Previn,3,
Old Vienna Soiree,Salon Musik,,Fanfare,,,,Main Street U.S.A.,Disney Clothiers Ltd.,,,00:02:06,Palm Court Orchestra,4,
Tell Her at Twilight,Down Peacock Alley,,Chandos,,,,Main Street U.S.A.,Disney Clothiers Ltd.,,,00:03:17,Palm Court Theatre Orchestra,5,
Melange Polka,Salon Musik,,Fanfare,,,,Main Street U.S.A.,Disney Clothiers Ltd.,,,00:03:01,Palm Court Orchestra,6,
Contentment Rag,Champagne Rags: The Classic Piano Rags of Joseph Lamb,,Fanfare,,,,Main Street U.S.A.,Disney Clothiers Ltd.,,,00:03:24,John Arpin,7,
Creme a L’Orange,Salon Musik,,Fanfare,,,,Main Street U.S.A.,Disney Clothiers Ltd.,,,00:03:08,Palm Court Orchestra,8,
Sugar Cane,Joplin: The Easy Winners and Other Rag-Time Music,,EMI,,,,Main Street U.S.A.,Disney Clothiers Ltd.,,,00:03:37,Itzhak Perlman and Andre Previn,9,
Elegy,Salon Musik,,Fanfare,,,,Main Street U.S.A.,Disney Clothiers Ltd.,,,00:03:19,Palm Court Orchestra,10,
Poem,Down Peacock Alley,,Chandos,,,,Main Street U.S.A.,Disney Clothiers Ltd.,,,00:04:14,Palm Court Theatre Orchestra,11,
Zum Tanztee Mit Alice,Salon Musik,,Fanfare,,,,Main Street U.S.A.,Disney Clothiers Ltd.,,,~00:02:15,Palm Court Orchestra,12,This track is repeated in the loop.
Zum Tanztee Mit Alice,Salon Musik,,Fanfare,,,,Main Street U.S.A.,Disney Clothiers Ltd.,,,~00:02:15,Palm Court Orchestra,13,
The Strenuous Life,Joplin: The Easy Winners and Other Rag-Time Music,,EMI,,,,Main Street U.S.A.,Disney Clothiers Ltd.,,,00:01:52,Itzhak Perlman and Andre Previn,14,
Harmony Club Waltz,Jean-Pierre Rampal Plays Scott Joplin,,CBS,,,,Main Street U.S.A.,Disney Clothiers Ltd.,,,00:04:50,Jean-Pierre Rampal,15,
Hotel Bristol,Salon Musik,,Fanfare,,,,Main Street U.S.A.,Disney Clothiers Ltd.,,,00:02:36,Palm Court Orchestra,16,
American Beauty Rag,Champagne Rags: The Classic Piano Rags of Joseph Lamb,,Fanfare,,,,Main Street U.S.A.,Disney Clothiers Ltd.,,,00:04:16,John Arpin,17,
Petite Ballerina,Salon Musik,,Fanfare,,,,Main Street U.S.A.,Disney Clothiers Ltd.,,,00:02:41,Palm Court Orchestra,18,
The Entertainer,Joplin: The Easy Winners and Other Rag-Time Music,,EMI,,,,Main Street U.S.A.,Disney Clothiers Ltd.,,,00:04:06,Itzhak Perlman and Andre Previn,19,
A Whole New World,Unreleased,,,,,,Tomorrowland,Tomorrowland Terrace,"The Tomorrowland Terrace features the same music loop as the Disney Springs Marketplace. The loop plays between shows. There are crossfades or overlaps between tracks, and the loop doesn't contain a single silent gap longer than a fraction of a second. This is a totally original loop of Disney songs arranged in a jazz-techno-fusion style. It was introduced sometime after 2015 and plays presently. The loop was composed by Michael Tavera (https://michaeltavera.com/project/disney-springs-resort-2/). See Magic Music, https://community.magicmusic.net/threads/disney-springs-area-music.5095/post-35731 (2015) and MouseBits, https://mousebits.com/smf/index.php?topic=10874.msg99146#msg99146 (2023).",~01:44:00,,Michael Tavera,1,
You Can Fly!,Unreleased,,,,,,Tomorrowland,Tomorrowland Terrace,,,,Michael Tavera,2,
Almost There,Unreleased,,,,,,Tomorrowland,Tomorrowland Terrace,,,,Michael Tavera,3,
True Love's Kiss,Unreleased,,,,,,Tomorrowland,Tomorrowland Terrace,,,,Michael Tavera,4,
Be Our Guest,Unreleased,,,,,,Tomorrowland,Tomorrowland Terrace,,,,Michael Tavera,5,
"Theme from ""Colette Shows Him Le Ropes""/""Special Order""/""End Creditouilles""",Unreleased,,,,,,Tomorrowland,Tomorrowland Terrace,,,,Michael Tavera,6,
Hakuna Matata,Unreleased,,,,,,Tomorrowland,Tomorrowland Terrace,,,,Michael Tavera,7,
For The First Time in Forever / Let It Go Medley,Unreleased,,,,,,Tomorrowland,Tomorrowland Terrace,,,,Michael Tavera,8,
If I Didn't Have You (Monsters Inc. Theme),Unreleased,,,,,,Tomorrowland,Tomorrowland Terrace,,,,Michael Tavera,9,
I See The Light,Unreleased,,,,,,Tomorrowland,Tomorrowland Terrace,,,,Michael Tavera,10,
Ev'rybody Wants To Be A Cat,Unreleased,,,,,,Tomorrowland,Tomorrowland Terrace,,,,Michael Tavera,11,
King of New York,Unreleased,,,,,,Tomorrowland,Tomorrowland Terrace,,,,Michael Tavera,12,
Reflection,Unreleased,,,,,,Tomorrowland,Tomorrowland Terrace,,,,Michael Tavera,13,
Can You Feel the Love Tonight,Unreleased,,,,,,Tomorrowland,Tomorrowland Terrace,,,,Michael Tavera,14,
The Incredibles Theme,Unreleased,,,,,,Tomorrowland,Tomorrowland Terrace,,,,Michael Tavera,15,
Colors of the Wind,Unreleased,,,,,,Tomorrowland,Tomorrowland Terrace,,,,Michael Tavera,16,
Go The Distance,Unreleased,,,,,,Tomorrowland,Tomorrowland Terrace,,,,Michael Tavera,17,
Friend Like Me,Unreleased,,,,,,Tomorrowland,Tomorrowland Terrace,,,,Michael Tavera,18,
When Will My Life Begin?,Unreleased,,,,,,Tomorrowland,Tomorrowland Terrace,,,,Michael Tavera,19,
I Wanna Be Like You,Unreleased,,,,,,Tomorrowland,Tomorrowland Terrace,,,,Michael Tavera,20,
You've Got A Friend In Me,Unreleased,,,,,,Tomorrowland,Tomorrowland Terrace,,,,Michael Tavera,21,
When Can I See You Again?,Unreleased,,,,,,Tomorrowland,Tomorrowland Terrace,,,,Michael Tavera,22,
Part Of Your World,Unreleased,,,,,,Tomorrowland,Tomorrowland Terrace,,,,Michael Tavera,23,
Winnie the Pooh,Unreleased,,,,,,Tomorrowland,Tomorrowland Terrace,,,,Michael Tavera,24,
"Star Wars (Main Theme) ",Star Wars: Episode V – The Empire Strikes Back,,,,"May 6, 2011",,Tomorrowland,The Star Trader v.2 [REF],"This loop plays throughout the interior of The Star Trader. The loop was introduced when the store reopened with a Star Wars retheme on May 6th, 2011 shortly after the reopening of Star Tours: The Adventures Continue. The loop is identical to that of the WDW Star Tours — The Adventures Continue queue BGM. Tracklist compiled by Triple and SSrustworthy based on 2023 and 2024 reference recordings. See MouseBits, https://forums.mousebits.com/threads/unidentified-flying-playlist-star-trader-loop.6872/post-100147 (2024). ",00:46:33.070,00:01:30.299 ,John Williams,1,Edited to include 0:00- 1:29.780. Crossfades into next track
Lando's Palace,Star Wars: Episode V – The Empire Strikes Back,,,,"May 6, 2011",,Tomorrowland,The Star Trader v.2 [REF],,,00:00:49.442 ,John Williams,2,Edited to include 0:03.779 - 0:53.185. Crossfades into next track
The Throne Room / End Title,Star Wars: Episode IV – A New Hope,,,,"May 6, 2011",,Tomorrowland,The Star Trader v.2 [REF],,,00:03:15.981 ,John Williams,3,Edited to include 0:00 - 3:16.013. Crossfades into next track
Just a Toy,Babes in Toyland,,,,,Christmas,Frontierland,Pioneer Mercantile Holiday,"This audio loop accompanied the video screen loop in the back of the Pioneer Mercantile shop during the 2022 holiday season. It is unknown what other dates it appeared. Tracklist compiled by SSrustworthy based on a January 2023 reference recording. See MouseBits, https://mousebits.com/smf/index.php?topic=9570.msg99210#msg99210 (2023)."," 00:40:29.304",00:02:47.634,"Annette Funicello, Tommy Sands",1,
Snow Snows,Winnie the Pooh: A Very Merry Pooh Year,,,,,Christmas,Frontierland,Pioneer Mercantile Holiday,,,00:00:34.177,,2,
Sleigh Ride,Disney Family Christmas Collection,,,,,Christmas,Frontierland,Pioneer Mercantile Holiday,,,00:02:05.747,Larry Groce,3,
That Christmas Feeling,Phineas and Ferb Christmas Vacation!,,,,,Christmas,Frontierland,Pioneer Mercantile Holiday,,,00:01:15.864,Olivia Olson,4,
"Clip from Mickey Mouse Clubhouse - Donald Duck directing ""We Wish You A Merry Christmas""",,,,,,Christmas,Frontierland,Pioneer Mercantile Holiday,,,00:01:46.504,,5,https://youtu.be/1bV3qO1VCe4
Ring in the Season,Olaf's Frozen Adventure OST,,,,,Christmas,Frontierland,Pioneer Mercantile Holiday,,,00:01:47.474,"Kristen Bell, Idina Menzel, Josh Gad",6,
Here Comes Santa Clause,Disney Family Christmas Collection,,,,,Christmas,Frontierland,Pioneer Mercantile Holiday,,,00:02:19.471,Larry Groce,7,
As Long As There's Christmas,Belle's Enchanted Christmas,,,,,Christmas,Frontierland,Pioneer Mercantile Holiday,,,00:03:15.013,Paige O'Hara,8,
The Best Christmas Of All,Disney Very Merry Christmas Songs,,,,,Christmas,Frontierland,Pioneer Mercantile Holiday,,,00:01:55.249,,9,
Jingle Bells,Winnie the Pooh: A Very Merry Pooh Year,,,,,Christmas,Frontierland,Pioneer Mercantile Holiday,,,00:01:06.097,,10,
It Feels Like Christmas,The Muppet Christmas Carol,,,,,Christmas,Frontierland,Pioneer Mercantile Holiday,,,00:02:34.642,,11,
The Twelve Days of Christmas,Disney Sing Along Songs: The Twelve Days of Christmas (1993),,,,,Christmas,Frontierland,Pioneer Mercantile Holiday,,,00:04:20.232,,12,
When We're Together,Olaf's Frozen Adventure,,,,,Christmas,Frontierland,Pioneer Mercantile Holiday,,,00:02:31.638,"Idina Menzel, Kristen Bell, Josh Gad, Jonathan Groff",13,
Make Me Look Good,Mickey's Twice Upon A Christmas,,,,,Christmas,Frontierland,Pioneer Mercantile Holiday,,,00:03:46.350,Tom Leonard,14,
The Way We Do Navidad,Elena of Avalor,,,,,Christmas,Frontierland,Pioneer Mercantile Holiday,,,00:02:30.745,,15,
Deck the Halls,Disney Sing Along Songs: The Twelve Days of Christmas (1993),,,,,Christmas,Frontierland,Pioneer Mercantile Holiday,,,00:02:53.782,,16,
What's This?,The Nightmare Before Christmas,,,,,Christmas,Frontierland,Pioneer Mercantile Holiday,,,00:02:58.677,,17,
Smaointe,Shepard Moon,,,,,,Tomorrowland,Innoventions Peter Pan Bedroom,"This track played between Peter Pan storytelling shows in the Younger Son’s Room at the Innoventions Dream Home, open from June 16, 2008 to February 2015. See MouseBits, https://www.notion.so/8e2acdaf56ec44de800fc658a3a7ac65?pvs=21",Unknown,,Enya,1,
Unknown A,Unreleased,,,,,,Star Wars: Galaxy's Edge,Docking Bay 7 Food and Cargo Patio,,00:53:57.767,00:01:52.006,"Randy Kerber, Harlan Hodges",1,
Unknown B,Unreleased,,,,,,Star Wars: Galaxy's Edge,Docking Bay 7 Food and Cargo Patio,,,00:02:56.476,"Randy Kerber, Harlan Hodges",2,
Unknown C,Unreleased,,,,,,Star Wars: Galaxy's Edge,Docking Bay 7 Food and Cargo Patio,,,00:03:45.864,"Randy Kerber, Harlan Hodges",3,
Unknown D,Unreleased,,,,,,Star Wars: Galaxy's Edge,Docking Bay 7 Food and Cargo Patio,,,00:03:01.493,"Randy Kerber, Harlan Hodges",4,
Unknown E,Unreleased,,,,,,Star Wars: Galaxy's Edge,Docking Bay 7 Food and Cargo Patio,,,00:03:03.469,"Randy Kerber, Harlan Hodges",5,
Unknown F,Unreleased,,,,,,Star Wars: Galaxy's Edge,Docking Bay 7 Food and Cargo Patio,,,00:03:05.216,"Randy Kerber, Harlan Hodges",6,
Unknown G,Unreleased,,,,,,Star Wars: Galaxy's Edge,Docking Bay 7 Food and Cargo Patio,,,00:02:42.455,"Randy Kerber, Harlan Hodges",7,
Unknown H,Unreleased,,,,,,Star Wars: Galaxy's Edge,Docking Bay 7 Food and Cargo Patio,,,00:02:58.335,"Randy Kerber, Harlan Hodges",8,
Marketplace Hora,Unreleased,,,,,,Star Wars: Galaxy's Edge,Docking Bay 7 Food and Cargo Patio,,,00:02:42.032,"Randy Kerber, Harlan Hodges",9,"Can be found on the soundtrack to the Sims 4 game expansion pack, Journey to Batuu."
Unknown I,Unreleased,,,,,,Star Wars: Galaxy's Edge,Docking Bay 7 Food and Cargo Patio,,,00:02:55.251,"Randy Kerber, Harlan Hodges",10,
Mischievious,Unreleased,,,,,,Star Wars: Galaxy's Edge,Docking Bay 7 Food and Cargo Patio,,,00:03:20.340,"Randy Kerber, Harlan Hodges",11,"Can be found on the soundtrack to the Sims 4 game expansion pack, Journey to Batuu."
Android Assembly,Unreleased,,,,,,Star Wars: Galaxy's Edge,Docking Bay 7 Food and Cargo Patio,,,00:03:00.525,"Randy Kerber, Harlan Hodges",12,
Unknown J,Unreleased,,,,,,Star Wars: Galaxy's Edge,Docking Bay 7 Food and Cargo Patio,,,00:02:59.280,"Randy Kerber, Harlan Hodges",13,
Marketplace,Unreleased,,,,,,Star Wars: Galaxy's Edge,Docking Bay 7 Food and Cargo Patio,,,00:03:08.482,"Randy Kerber, Harlan Hodges",14,"Can be found on the soundtrack to the Sims 4 game expansion pack, Journey to Batuu."
Tribal Dance,Unreleased,,,,,,Star Wars: Galaxy's Edge,Docking Bay 7 Food and Cargo Patio,,,00:03:14.146,"Randy Kerber, Harlan Hodges",15,
Robotworks,Unreleased,,,,,,Star Wars: Galaxy's Edge,Docking Bay 7 Food and Cargo Patio,,,00:03:18.867,"Randy Kerber, Harlan Hodges",16,
Errant Bazaar,Unreleased,,,,,,Star Wars: Galaxy's Edge,Docking Bay 7 Food and Cargo Patio,,,00:03:16.301,"Randy Kerber, Harlan Hodges",17,
Unknown K,Unreleased,,,,,,Star Wars: Galaxy's Edge,Docking Bay 7 Food and Cargo Patio,,,00:02:36.544,"Randy Kerber, Harlan Hodges",18,
Let It Go,Frozen OST,,,,,,Fantasyland,Bibbidi Bobbidi Boutique v.2 [INC],"Plays in the interior of Bibbidi Bobbidi Boutique. This loop probably changed to its second iteration sometime after 2013 (when Frozen was released). Partial tracklist compiled by SSrustworthy based on a Jan 2023 reference recording. See MouseBits, https://mousebits.com/smf/index.php?topic=8312.msg99304#msg99304 (2023).",Unknown,,,1,
Be Our Guest,Beauty and the Beast OST,,,,,,Fantasyland,Bibbidi Bobbidi Boutique v.2 [INC],,,,,2,
Someday My Prince Will Come,Snow White and the Seven Dwarves OST,,,,,,Fantasyland,Bibbidi Bobbidi Boutique v.2 [INC],,,,,3,
Bibbidi Bobbidi Boo,Cinderella OST,,,,,,Fantasyland,Bibbidi Bobbidi Boutique v.2 [INC],,,,,4,
Finale,Sleeping Beauty OST,,,,,,Fantasyland,Bibbidi Bobbidi Boutique v.2 [INC],,,,,5,
Tour of the Kingdom,The Little Mermaid OST,,,,,,Fantasyland,Bibbidi Bobbidi Boutique v.2 [INC],,,,,6,
Something There,Beauty and the Beast OST,,,,,,Fantasyland,Bibbidi Bobbidi Boutique v.2 [INC],,,,,7,
Down in New Orleans (Prologue),The Princess and the Frog OST,,,,,,Fantasyland,Bibbidi Bobbidi Boutique v.2 [INC],,,,,8,
Down in New Orleans (Finale),The Princess and the Frog OST,,,,,,Fantasyland,Bibbidi Bobbidi Boutique v.2 [INC],,,,,9,
Reception at the Palace,Cinderella OST,,,,,,Fantasyland,Bibbidi Bobbidi Boutique v.2 [INC],,,,,10,Edited
Under the Sea,The Little Mermaid OST,,,,,,Fantasyland,Bibbidi Bobbidi Boutique v.2 [INC],,,,,11,
Overture,Snow White and the Seven Dwarves OST,,,,,,Fantasyland,Bibbidi Bobbidi Boutique v.2 [INC],,,,,12,
For The First Time In Forever,Frozen OST,,,,,,Fantasyland,Bibbidi Bobbidi Boutique v.2 [INC],,,,,13,
I’m Wishing / One Song,Snow White and the Seven Dwarves OST,,,,,,Fantasyland,Bibbidi Bobbidi Boutique v.2 [INC],,,,,14,
Main Title,Cinderella OST,,,,,,Fantasyland,Bibbidi Bobbidi Boutique v.2 [INC],,,,,15,Edited
Touch The Sky,Brave OST,,,,,,Fantasyland,Bibbidi Bobbidi Boutique v.2 [INC],,,,,16,
Hail To The Princess Aurora,Sleeping Beauty OST,,,,,,Fantasyland,Bibbidi Bobbidi Boutique v.2 [INC],,,,,17,
Part Of Your World,The Little Mermaid OST,,,,,,Fantasyland,Bibbidi Bobbidi Boutique v.2 [INC],,,,,18,Edited
Do You Want to Build a Snowman?,Frozen OST,,,,,,Fantasyland,Bibbidi Bobbidi Boutique v.2 [INC],,,,,19,
"The Ruffled Ruffian (From ""A Pete Scorned"")",Unreleased,,,,"January 27, 2023",,Mickey's Toontown,"Mickey and Minnie's Runaway Railway Lobby, Mickey's Toontown v.3 (temporary)","This loop plays in the lobby (before the “Through the Ears” exhibit) of the MMRR attraction. It also served as the general land-wide BGM from January 27, 2023 until the land’s official opening on March 19, 2023. All of the tracks are rearrangements of Christopher Willis’ scores for the Mickey Mouse Shorts (new as of 2013). See MouseBits, https://mousebits.com/smf/index.php?topic=10886.msg99252#msg99252 (2023).",~00:16:45,00:02:35.326,Christopher Willis,1,
Mickey's Song (Mickey Mouse End Credits) / Kinda Roll ‘Em / The Adorable Couple,Unreleased,,,,"January 27, 2023",,Mickey's Toontown,"Mickey and Minnie's Runaway Railway Lobby, Mickey's Toontown v.3 (temporary)",,,00:02:18.730,Christopher Willis,2,
"The Charmed Life (From ""Easy Street"")",Unreleased,,,,"January 27, 2023",,Mickey's Toontown,"Mickey and Minnie's Runaway Railway Lobby, Mickey's Toontown v.3 (temporary)",,,00:01:02.941,Christopher Willis,3,
"The Golden City (From ""Cable Car Chaos”)",Unreleased,,,,"January 27, 2023",,Mickey's Toontown,"Mickey and Minnie's Runaway Railway Lobby, Mickey's Toontown v.3 (temporary)",,,00:02:41.323,Christopher Willis,4,
"The Dapper Dandy (From ""Bad Ear Day"")",Unreleased,,,,"January 27, 2023",,Mickey's Toontown,"Mickey and Minnie's Runaway Railway Lobby, Mickey's Toontown v.3 (temporary)",,,00:01:56.935,Christopher Willis,5,
"The Hall of Science (From ""Down the Hatch"")",Unreleased,,,,"January 27, 2023",,Mickey's Toontown,"Mickey and Minnie's Runaway Railway Lobby, Mickey's Toontown v.3 (temporary)",,,00:03:00.029,Christopher Willis,6,
"Give A Dog A (Trom)bone (Medley from ""Doggone Biscuits"" / ""Coned"")",Unreleased,,,,"January 27, 2023",,Mickey's Toontown,"Mickey and Minnie's Runaway Railway Lobby, Mickey's Toontown v.3 (temporary)",,,00:01:26.830 / 00:01:43.754,Christopher Willis,7,
Flower Blooming In My Heart (from “A Flower for Minnie”) / O Sole Minnie (from “Amore Motore”),Unreleased,,,,,,Mickey's Toontown,Mickey and Minnie's Runaway Railway Queue,"This loop plays throughout the “Through the Ears” and outdoor extended Mickey and Minnie’s Runaway Railway queue. The loop is dynamic and the instrumentation changes between exhibits (Early Ears: early jazz, Golden Ears: modern jazz, and Modern Ears: orchestral). It does not play in the area immediately surrounding the Disco Mickey Mouse exhibit. It consists of rearrangements of themes associated with Mickey and Minnie Mouse. https://mousebits.com/smf/index.php?topic=10886.msg99252#msg99252 (2023). Track names verified by Christopher Willis via Twitter.",~00:34:06,00:02:51.723,Christopher Willis,1,
"My, What a Happy Day (from “Fun and Fancy Free”)",Unreleased,,,,,,Mickey's Toontown,Mickey and Minnie's Runaway Railway Queue,,,00:01:48.640,Christopher Willis,2,
Hot Dog! (from “Mickey Mouse Clubhouse”),Unreleased,,,,,,Mickey's Toontown,Mickey and Minnie's Runaway Railway Queue,,,00:01:57.051,Christopher Willis,3,
Mickey Shorts Theme (”The Adorable Couple”),Unreleased,,,,,,Mickey's Toontown,Mickey and Minnie's Runaway Railway Queue,,,00:02:55.291,Christopher Willis,4,
Mickey Mouse March (From “The Mickey Mouse Club”),Unreleased,,,,,,Mickey's Toontown,Mickey and Minnie's Runaway Railway Queue,,,00:02:25.144,Christopher Willis,5,
Minnie's Yoo-Hoo,Unreleased,,,,,,Mickey's Toontown,Mickey and Minnie's Runaway Railway Queue,,,00:01:56.407,Christopher Willis,6,
Game Night / The Brave Little Squire,Unreleased,,,,,,Mickey's Toontown,Mickey and Minnie's Runaway Railway Queue,,,00:02:37.879,Christopher Willis,7,
Mickey Mouse Clubhouse Theme,Unreleased,,,,,,Mickey's Toontown,Mickey and Minnie's Runaway Railway Queue,,,00:02:35.311,Christopher Willis,8,
Hats Enough,Unreleased,,,,,,Mickey's Toontown,Mickey and Minnie's Runaway Railway Queue,,,00:02:26.792,Christopher Willis,9,
Steamboat Silly,Unreleased,,,,,,Mickey's Toontown,Mickey and Minnie's Runaway Railway Queue,,,00:02:23.527,Christopher Willis,10,See https://youtu.be/s0z0AV3ABGQ?feature=shared
"Happy Birthday, Mickey Mouse / Mickey Mouse’s Birthday Party",Unreleased,,,,,,Mickey's Toontown,Mickey and Minnie's Runaway Railway Queue,,,00:02:16.460,Christopher Willis,11,See the LP “Songs from Walt Disney’s Magic Kingdom” https://www.youtube.com/watch?v=RVNrFyzZkE4
The Sorcerer's Apprentice,Unreleased,,,,,,Mickey's Toontown,Mickey and Minnie's Runaway Railway Queue,,,00:02:23.878,"Christopher Willis, Paul Dukas",12,
As Long As I’m With You (from ”Duet for Two”),Unreleased,,,,,,Mickey's Toontown,Mickey and Minnie's Runaway Railway Queue,,,00:02:31.045,Christopher Willis,13,
Steamboat Bill (from “Steamboat Willie”),Unreleased,,,,,,Mickey's Toontown,Mickey and Minnie's Runaway Railway Queue,,,00:02:56.903,Christopher Willis,14,
Disco Mickey Mouse,Mickey Mouse Disco,,,,,,Mickey's Toontown,Mickey and Minnie's Runaway Railway Disco Tribute [INC],"This loop plays in the Disco Tribute area of the MMRR interior queue. The order may be slightly off, and some tracks may be missing.  See MouseBits, https://mousebits.com/smf/index.php?topic=10886.msg99252#msg99252 (2023).",Unknown,,,1,
"Ducks Dance, Too",Mousercise,,,,,,Mickey's Toontown,Mickey and Minnie's Runaway Railway Disco Tribute [INC],,,,,2,
Mousercise Medley,Mousercise,,,,,,Mickey's Toontown,Mickey and Minnie's Runaway Railway Disco Tribute [INC],,,,,3,
Macho Duck,Mickey Mouse Disco,,,,,,Mickey's Toontown,Mickey and Minnie's Runaway Railway Disco Tribute [INC],,,,,4,
Watch Out For Goofy!,Mickey Mouse Disco,,,,,,Mickey's Toontown,Mickey and Minnie's Runaway Railway Disco Tribute [INC],,,,,5,
Mickey Mouse Clubhouse Theme (from “Mickey Mouse Clubhouse”),Music from Mickey’s Toontown,,,,"March 18, 2023",,Mickey's Toontown,Mickey's Toontown v.4,"This loop plays around Mickey’s Toontown, and was installed with the grand reopening of the land on March 18th, 2023. The loop is a dynamic loop, with instrumentation changing between each of these regions: CenTOONial Park/the Fountain, Toontown City Hall, Goofy’s How-to-Play Yard, Mickey’s/Minnie’s Houses, Chip 'n' Dale's GADGETcoaster, and Popcorn Park. See MouseBits, https://mousebits.com/smf/index.php?topic=10886.msg99327#msg99327 (2023) and SSrustworthy’s extended notes, https://dlrmusicloops.com/resources/mousebits_post_archive/Disneyland/new_mickey%E2%80%99s_toontown_loop_%282023%29/.",00:29:59.978,00:01:20.507,The Toontown Tooners (Mike Rubino),1,Preceded by 09.338 bridge
Happy Days,Music from Mickey’s Toontown,,,,"March 18, 2023",,Mickey's Toontown,Mickey's Toontown v.4,,,00:02:17.392,The Toontown Tooners (Mike Rubino),2,Preceded by 05.818 bridge
DuckTales Theme (from “DuckTales”),Unreleased,,,,"March 18, 2023",,Mickey's Toontown,Mickey's Toontown v.4,,,00:00:47.503,The Toontown Tooners (Mike Rubino),3,
Our Homespun Melody (from “Mickey Mouse” S5 E12),Music from Mickey’s Toontown,,,,"March 18, 2023",,Mickey's Toontown,Mickey's Toontown v.4,,,00:01:03.157,The Toontown Tooners (Mike Rubino),4,
" Afternoon Sun",Music from Mickey’s Toontown,,,,"March 18, 2023",,Mickey's Toontown,Mickey's Toontown v.4,,,00:01:56.891,The Toontown Tooners (Mike Rubino),5,Preceded by 00.812 bridge
Donald Duck Theme,Unreleased,,,,"March 18, 2023",,Mickey's Toontown,Mickey's Toontown v.4,,,00:00:40.597,The Toontown Tooners (Mike Rubino),6,
"Nothing Can Stop Us Now (from ""Mickey & Minnie's Runaway Railway"")",Music from Mickey’s Toontown,,,,"March 18, 2023",,Mickey's Toontown,Mickey's Toontown v.4,,,00:01:36.500,The Toontown Tooners (Mike Rubino),7,
"The Three Caballeros (from ""The Three Caballeros"")",Unreleased,,,,"March 18, 2023",,Mickey's Toontown,Mickey's Toontown v.4,,,00:00:56.308,The Toontown Tooners (Mike Rubino),8,
Mousin' Around,Music from Mickey’s Toontown,,,,"March 18, 2023",,Mickey's Toontown,Mickey's Toontown v.4,,,00:01:46.822,The Toontown Tooners (Mike Rubino),9,
My Happy Place (from Toontown's CenTOONial Park Fountain),Music from Mickey’s Toontown,,,,"March 18, 2023",,Mickey's Toontown,Mickey's Toontown v.4,,,00:03:07.082,The Toontown Tooners (Mike Rubino),10,
"Hot Dog! (from ""Mickey Mouse Clubhouse"")",Music from Mickey’s Toontown,,,,"March 18, 2023",,Mickey's Toontown,Mickey's Toontown v.4,,,00:00:46.037,The Toontown Tooners (Mike Rubino),11,
"The Spectrum Song (from ""Walt Disney's Wonderful World of Color"")",Music from Mickey’s Toontown,,,,"March 18, 2023",,Mickey's Toontown,Mickey's Toontown v.4,,,00:01:00.468,The Toontown Tooners (Mike Rubino),12,
"Steamboat Bill (from ""Steamboat Willie"")",Unreleased,,,,"March 18, 2023",,Mickey's Toontown,Mickey's Toontown v.4,,,00:00:46.702,The Toontown Tooners (Mike Rubino),13,
Strolling Along,Music from Mickey’s Toontown,,,,"March 18, 2023",,Mickey's Toontown,Mickey's Toontown v.4,,,00:01:49.089,The Toontown Tooners (Mike Rubino),14,
"Chip 'n Dale: Rescue Rangers Theme (from ""Chip 'n Dale: Rescue Rangers"")",Unreleased,,,,"March 18, 2023",,Mickey's Toontown,Mickey's Toontown v.4,,,00:01:00.066,The Toontown Tooners (Mike Rubino),15,Preceded by 01.112 bridge
Walking and Whistling,Music from Mickey’s Toontown,,,,"March 18, 2023",,Mickey's Toontown,Mickey's Toontown v.4,,,00:02:40.368,The Toontown Tooners (Mike Rubino),16,
Playtime Shuffle,Music from Mickey’s Toontown,,,,"March 18, 2023",,Mickey's Toontown,Mickey's Toontown v.4,,,00:00:59.815,The Toontown Tooners (Mike Rubino),17,Edited (shortened); Preceded by 48.150 bridge
"Mickey Mouse Club March (from ""The Mickey Mouse Club"")",Music from Mickey’s Toontown,,,,"March 18, 2023",,Mickey's Toontown,Mickey's Toontown v.4,,,00:00:49.977,The Toontown Tooners (Mike Rubino),18,Preceded by 06.647 bridge
Lazy Bounce,Music from Mickey’s Toontown,,,,"March 18, 2023",,Mickey's Toontown,Mickey's Toontown v.4,,,00:01:47.825,The Toontown Tooners (Mike Rubino),19,Preceded by 01.745 bridge
"I2I (from ""A Goofy Movie"")",Music from Mickey’s Toontown,,,,"March 18, 2023",,Mickey's Toontown,Mickey's Toontown v.4,,,00:01:31.572,The Toontown Tooners (Mike Rubino),20,Preceded by 01.662 bridge
The Tortoise and the Hare,Walt Disney World Forever,,,,"April 1, 2013 → March 9, 2022",,Mickey's Toontown,Mickey's Toontown v.2,"This loop played in Mickey’s Toontown from April 2013 until March 9, 2022. The new loop retained several pieces from the previous loop. Some new arrangements of  themes from older shorts were included, potentially in an effort to include more of the music featured in the Have a Laugh! segments from Disney Channel. See Disney’s Park BGM Lists, http://tdrparkbgm.web.fc2.com/DisneylandToontown.html and MouseBits, https://mousebits.com/smf/index.php?topic=10919.msg99363#msg99363 (2023).",00:53:12.392,00:03:10.974,,1,Playback rate 0.999
Maroon Cartoons Theme,Unreleased,,,,"April 1, 2013 → March 9, 2022",,Mickey's Toontown,Mickey's Toontown v.2,,,00:00:16.301,,2,Playback rate 0.999
"Smile, Darn Ya, Smile!",Unreleased,,,,"April 1, 2013 → March 9, 2022",,Mickey's Toontown,Mickey's Toontown v.2,,,00:01:51.186,,3,
Magician Mickey / Polar Trappers,Unreleased,,,,"April 1, 2013 → March 9, 2022",,Mickey's Toontown,Mickey's Toontown v.2,,,00:02:21.846,,4,
Thru the Mirror,Disneyland Official Album 2001; Tokyo Disneyland Official Album,,,,"April 1, 2013 → March 9, 2022",,Mickey's Toontown,Mickey's Toontown v.2,,,00:00:38.130,,5,Crossfades into unreleased track at 0:38.306
Thru the Mirror,Unreleased,,,,"April 1, 2013 → March 9, 2022",,Mickey's Toontown,Mickey's Toontown v.2,,,00:02:42.574,,6,"The extended Thru the Mirror theme is on the original Toontown BGM loop in the Disneyland Collection, and that's likely how the original v.1 loop is as well. You can slow it down to 0.988 playback speed."
Steamboat Willie,Disneyland Forever,,,,"April 1, 2013 → March 9, 2022",,Mickey's Toontown,Mickey's Toontown v.2,,,00:02:08.479,,7,
The Grasshopper and the Ants,Disneyland Forever,,,,"April 1, 2013 → March 9, 2022",,Mickey's Toontown,Mickey's Toontown v.2,,,00:03:04.330,,8,Edited start-1:54.838; note holds additional 0:00.371; 2:19.060 - 2:54.633; 3:10.486-end. With SFX
Pluto’s Playmate,Walt Disney World Forever,,,,"April 1, 2013 → March 9, 2022",,Mickey's Toontown,Mickey's Toontown v.2,,,00:01:41.842,,9,Playback rate 0.999
Puppy Love,Walt Disney World Forever,,,,"April 1, 2013 → March 9, 2022",,Mickey's Toontown,Mickey's Toontown v.2,,,00:02:57.324,,10,Playback rate 0.999
The Three Little Pigs,Walt Disney World Forever,,,,"April 1, 2013 → March 9, 2022",,Mickey's Toontown,Mickey's Toontown v.2,,,00:03:17.811,,11,Playback rate 0.999
Boat Builders / On Ice / Beach Picnic / Double Dribble,Unreleased,,,,"April 1, 2013 → March 9, 2022",,Mickey's Toontown,Mickey's Toontown v.2,,,00:03:41.870,,12,
Casey at the Bat,Walt Disney World Forever,,,,"April 1, 2013 → March 9, 2022",,Mickey's Toontown,Mickey's Toontown v.2,,,00:00:39.720,,13,Playback rate 0.999; Edited 1:15.438-1:26.055; 1:43.715-1:50.037; 1:51.126-end with SFX. SFX version is available on the Disneyland Collection torrent as part of the longer loop.
Camping Out,Walt Disney World Forever,,,,"April 1, 2013 → March 9, 2022",,Mickey's Toontown,Mickey's Toontown v.2,,,00:03:10.067,,14,Playback rate 0.999
Mickey’s Polo Team / On Ice / Clock Cleaners,Unreleased,,,,"April 1, 2013 → March 9, 2022",,Mickey's Toontown,Mickey's Toontown v.2,,,00:02:50.310,,15,
Little Toot,Disneyland Forever,,,,"April 1, 2013 → March 9, 2022",,Mickey's Toontown,Mickey's Toontown v.2,,,00:03:12.355,,16,With SFX
Funny Little Bunnies,Walt Disney World Forever,,,,"April 1, 2013 → March 9, 2022",,Mickey's Toontown,Mickey's Toontown v.2,,,00:01:01.398,,17,Playback rate 0.999; Starts at 2:00.418 of released track
Moose Hunters / Polar Trappers / Mr. Duck Steps Out,Unreleased,,,,"April 1, 2013 → March 9, 2022",,Mickey's Toontown,Mickey's Toontown v.2,,,00:01:42.647,,18,
Mickey’s Trailer,Unreleased,,,,"April 1, 2013 → March 9, 2022",,Mickey's Toontown,Mickey's Toontown v.2,,,00:00:23.181,,19,
The Pied Piper,Walt Disney World Forever,,,,"April 1, 2013 → March 9, 2022",,Mickey's Toontown,Mickey's Toontown v.2,,,00:03:46.290,,20,Playback rate 0.999
The Country Cousin,Walt Disney World Forever,,,,"April 1, 2013 → March 9, 2022",,Mickey's Toontown,Mickey's Toontown v.2,,,00:02:43.622,,21,Playback rate 0.999
Thru the Mirror / Canine Caddy / Mickey’s Trailer,Unreleased,,,,"April 1, 2013 → March 9, 2022",,Mickey's Toontown,Mickey's Toontown v.2,,,00:02:03.485,,22,
Springtime,Walt Disney World Forever,,,,"April 1, 2013 → March 9, 2022",,Mickey's Toontown,Mickey's Toontown v.2,,,00:03:46.637,,23,Playback rate 0.999
Goola Bukee,Star Wars: Galaxy’s Edge Oga’s Cantina: R3X’s Playlist #1,,,,,,Star Wars: Galaxy's Edge,BSO 401.72 Radio,,,00:03:05.406,"Zano, YS-5755",39,
Batuu Boogie,Star Wars: Galaxy’s Edge Oga’s Cantina: R3X’s Playlist #1,,,,,,Star Wars: Galaxy's Edge,BSO 401.72 Radio,,,00:02:37.261,"Chaka Mater Laka, MW-59",38,
U11 (BSO),,,,,,,Star Wars: Galaxy's Edge,BSO 401.72 Radio,,,00:02:41.852,,37,
Segment: The Droid Station Frequency 376437,,,,,,,Star Wars: Galaxy's Edge,BSO 401.72 Radio,,,00:04:24.216,,35,
U9 (BSO),,,,,,,Star Wars: Galaxy's Edge,BSO 401.72 Radio,,,00:03:25.797,,32,
Ma Pateesa,Star Wars: Galaxy’s Edge Oga’s Cantina: R3X’s Playlist #2,,,,,,Star Wars: Galaxy's Edge,BSO 401.72 Radio,,,00:02:30.644,The Sleemos,30,
Moulee-Rah,Star Wars: Galaxy’s Edge Oga’s Cantina: R3X’s Playlist #1,,,,,,Star Wars: Galaxy's Edge,BSO 401.72 Radio,,,00:01:34.004,"Fytee, RB Snootles",28,
Aloogahoo,Star Wars: Galaxy’s Edge Oga’s Cantina: R3X’s Playlist #1,,,,,,Star Wars: Galaxy's Edge,BSO 401.72 Radio,,,00:02:34.983,"Vee Gooda, Ryco",26,
Bight Size,Star Wars: Galaxy’s Edge Oga’s Cantina: R3X’s Playlist #2,,,,,,Star Wars: Galaxy's Edge,BSO 401.72 Radio,,,00:01:53.970,CU on Naboo,21,
Segment: Old Batuuan Ballad,,,,,,,Star Wars: Galaxy's Edge,BSO 401.72 Radio,,,00:00:33.410,DJ Palob Godalhi,19,Read by DJ Palob Godalhi.
U4 (BSO),,,,,,,Star Wars: Galaxy's Edge,BSO 401.72 Radio,,,00:01:50.639,,18,
U3 (BSO),,,,,,,Star Wars: Galaxy's Edge,BSO 401.72 Radio,,,00:01:54.562,,16,
Droid World,Star Wars: Galaxy’s Edge Oga’s Cantina: R3X’s Playlist #1,,,,,,Star Wars: Galaxy's Edge,BSO 401.72 Radio,,,00:03:12.041,Sentient 7 and the Clankers,14,
Til The Spire,Star Wars: Galaxy’s Edge Oga’s Cantina: R3X’s Playlist #2,,,,,,Star Wars: Galaxy's Edge,BSO 401.72 Radio,,,00:02:43.126,Tamir Muskat and Ori Kaplan AKA Mus Kat & Nalpak,9,
E.L.E.E.,Star Wars: Galaxy’s Edge Oga’s Cantina: R3X’s Playlist #2,,,,,,Star Wars: Galaxy's Edge,BSO 401.72 Radio,,,00:02:41.142,"Mon Destras, So-Klang",6,
Bright Suns,Star Wars: Galaxy’s Edge Oga’s Cantina: R3X’s Playlist #1,,,,,,Star Wars: Galaxy's Edge,BSO 401.72 Radio,,,00:02:49.558,Mus Kat & Nalpak,5,
Gaya,Unreleased,,,,,,Star Wars: Galaxy's Edge,BSO 401.72 Radio,,,00:02:32.826,Yossi Cohen & Avishay Goren; Brewhouse Music,2,Unofficially released. https://www.brewhousemusic.com/disneystarwarsdjr3xinogascan
After Hours at Oga's,Star Wars: Galaxy’s Edge Oga’s Cantina: R3X’s Playlist #2,,,,,,Star Wars: Galaxy's Edge,BSO 401.72 Radio,"The BSO 401.72 radio show played in the bathrooms behind the blue & green milk stand, and in the garage and suspended walkway outside the marketplace. It contains coverage of droid battles, dejarik tournaments and outlawed podraces interspersed with radio tracks from DJ R3X.  See MouseBits, https://forums.mousebits.com/threads/bso-401-72-radio-tracks.10849/ and https://forums.mousebits.com/threads/demystifying-dj-r3xs-setlist.10848/ (2022).",~02:39:50,00:03:38.796,Bluetopian Blues,1,
Bearless Love,Original Soundtrack From Walt Disney World's Country Bear Jamboree,,,,,,Bear Country,"Bear Country [INC], Golden Bear Lodge [INC]",,,,The Stoneman Family,2,
The Claw,The Best of Country Instrumentals vol. 1,,,,,,Bear Country,"Bear Country [INC], Golden Bear Lodge [INC]",,,,Jerry Reed,3,
Stump Water,Me And Jerry,,,,,,Bear Country,"Bear Country [INC], Golden Bear Lodge [INC]",,,,"Chet Atkins, Jerry Reed",4,
Difficult,The Best of Country Instrumentals vol. 1,,,,,,Bear Country,"Bear Country [INC], Golden Bear Lodge [INC]",,,,"Hank Snow, Chet Atkins",5,
Shuckin' The Corn,Glen Campbell Presents Larry McNeely,,,,,,Bear Country,"Bear Country [INC], Golden Bear Lodge [INC]",,,,"Larry McNeely, Glen Campbell",6,
Country Gentleman,The Best of Country Instrumentals vol. 1,,,,,,Bear Country,"Bear Country [INC], Golden Bear Lodge [INC]",,,,Chet Atkins,7,"If not obtaining the vinyl record, you want the shorter 1:53 version from Chet Atkins - The Master and His Music. Other tracks seem to be a different recording altogether."
Foggy Mountain Breakdown,The Story of Bonnie and Clyde,,,,,,Bear Country,"Bear Country [INC], Golden Bear Lodge [INC]",,,,"Lester Flatt, Earl Scruggs",8,"Although this track has been released several times over the years, the loop track is is an edited version that seems to come from this album specifically"
Bang! Goes Old Betsy,Original Soundtrack From Walt Disney World's Country Bear Jamboree,,,,,,Bear Country,"Bear Country [INC], Golden Bear Lodge [INC]",,,,The Stoneman Family,9,
Bile 'em Cabbage Down,Original Soundtrack From Walt Disney World's Country Bear Jamboree,,,,,,Bear Country,"Bear Country [INC], Golden Bear Lodge [INC]",,,,The Stoneman Family,10,
In The Gloryland,Nashville's Rock,,,,,,Bear Country,"Bear Country [INC], Golden Bear Lodge [INC]",,,,Earl Scruggs,11,
Black Mountain Rag,The Best of Country Instrumentals vol. 3 OR Chet Atkins - The Master And His Music,,,,,,Bear Country,"Bear Country [INC], Golden Bear Lodge [INC]",,,,Chet Atkins,12,
Nut Sundae,Me And Jerry,,,,,,Bear Country,"Bear Country [INC], Golden Bear Lodge [INC]",,,,"Chet Atkins, Jerry Reed",13,
Squip (Track A1),Star Wars: Galaxy’s Edge Oga’s Cantina: R3X’s Playlist #2,,,,,,Star Wars: Galaxy's Edge,Oga's Cantina / DJ R3X,,,,Kai Vokals,5.1,
E.L.E.E. (Track B1),Star Wars: Galaxy’s Edge Oga’s Cantina: R3X’s Playlist #2,,,,,,Star Wars: Galaxy's Edge,Oga's Cantina / DJ R3X,,,,"Mon Destras, So-Klang",5.2,
Bight Size (Track C1),Star Wars: Galaxy’s Edge Oga’s Cantina: R3X’s Playlist #2,,,,,,Star Wars: Galaxy's Edge,Oga's Cantina / DJ R3X,,,,CU on Naboo,5.3,
Blue Milk Surprise (Track D1),Star Wars: Galaxy’s Edge Oga’s Cantina: R3X’s Playlist #2,,,,,,Star Wars: Galaxy's Edge,Oga's Cantina / DJ R3X,,,,"Adam Gubman and Matthew Wood AKA Loth-cats, R3X",5.4,Unofficially dubbed “Rasta-far-far-away-ian”
Til the Spire (Track A2),Star Wars: Galaxy’s Edge Oga’s Cantina: R3X’s Playlist #2,,,,,,Star Wars: Galaxy's Edge,Oga's Cantina / DJ R3X,,,,Tamir Muskat and Ori Kaplan AKA Mus Kat & Nalpak,8.1,
After Hours at Oga’s (Track B2),Star Wars: Galaxy’s Edge Oga’s Cantina: R3X’s Playlist #2,,,,,,Star Wars: Galaxy's Edge,Oga's Cantina / DJ R3X,,,,Bluetopian Blues,8.2,
Ma Pateesa (Track C2),Star Wars: Galaxy’s Edge Oga’s Cantina: R3X’s Playlist #2,,,,,,Star Wars: Galaxy's Edge,Oga's Cantina / DJ R3X,,,,The Sleemos,8.3,
Shakawalla (Track D2),Star Wars: Galaxy’s Edge Oga’s Cantina: R3X’s Playlist #2,,,,,,Star Wars: Galaxy's Edge,Oga's Cantina / DJ R3X,,,,Reut Yehudai AKA Kushmara,8.4,
Farewell (from “Davy Crockett at the Alamo”),Unreleased,,,,,,Frontierland,"Chip and Dale Meet and Greet [PRE], Golden Horseshoe Saloon v.2","This loop plays at the Golden Horseshoe Saloon between live performances as of 2024, and started playing sometime between 2012 and 2022. It is nearly identical to the WDW Frontierland loop of 1975 based on available partial recordings. This loop also played at a Chip and Dale Meet and Greet in the central plaza near Rancho del Zocalo Restaurante in the mid/late 90s. Chip and Dale were dressed as a cop and a robber. See Magic Music, https://community.magicmusic.net/threads/wdw-frontierland-bgm-history.3425/#post-22258 and MouseBits, https://mousebits.com/smf/index.php?topic=9736.msg91820#msg91820. Djali999 has a fantastic writeup on their https://passport2dreams.blogspot.com/2024/07/the-lost-music-of-frontierland-1971-1990.html.",00:39:29.289,00:02:51.559,The Stoneman Family,1,This track was included on a recording of a Jack Wagner cartridge from the http://waltsmusic.com collection for the Disneyland Mile Long Bar. The track starts at 7:18. See https://waltsmusic.com/index.php/jack-wagner-collection/disneyland-mile-long-bar-music-4?highlight=WyJtaWxlIl0=%5B/URL%5D with MP3 https://www.notion.so/4c9cd110801c408588ac8b9c5a09c9ef?pvs=21.
Bearless Love,Country Bear Jamboree (Original Soundtrack),,Disneyland,,,,Frontierland,"Chip and Dale Meet and Greet [PRE], Golden Horseshoe Saloon v.2",,,00:02:04.695,The Stoneman Family,2,
Home on the Range,Unreleased,,,,,,Frontierland,"Chip and Dale Meet and Greet [PRE], Golden Horseshoe Saloon v.2",,,00:02:31.330,The Stoneman Family,3,This track is identical to the one that appears in the Disneyland Hungry Bear Restaurant loop and the DLRP Big Thunder Mountain queue loop.
The Town and Country Square Dance,Town and Country Square Dances,,Everest,,,,Frontierland,"Chip and Dale Meet and Greet [PRE], Golden Horseshoe Saloon v.2",,,00:02:40.666,Denny,4,
Western Saloon,MEDS-4 - Media Music Release No. 2 - No. 4 - Western Themes/Fun Marches [Reel X-75/76],,Capitol,,,,Frontierland,"Chip and Dale Meet and Greet [PRE], Golden Horseshoe Saloon v.2",,,00:01:01.439,Ib Glindemann,5,
Blackberry Blossom,"Square Dance Festival, Vol.1",,Dot,,,,Frontierland,"Chip and Dale Meet and Greet [PRE], Golden Horseshoe Saloon v.2",,,00:02:42.314,Tommy Jackson,6,
Country Guitar (B),MEGS-5 - Media Music Release No. 7 - No. 5 - Solo Instruments [Reel X-145/146 or OGM Archives 4],,Capitol,,,,Frontierland,"Chip and Dale Meet and Greet [PRE], Golden Horseshoe Saloon v.2",,,00:01:01.611,Henrik Nielsen,7,
Buffalo Girls,"Square Dance Festival, Vol.1",,Dot,,,,Frontierland,"Chip and Dale Meet and Greet [PRE], Golden Horseshoe Saloon v.2",,,00:02:40.580,Tommy Jackson,8,
Country and Western No. 1,MECS-8 - Media Music Release No. 6 - No. 8 - Special Occasions / Country & Western [Reel X-135/136],,Capitol,,,,Frontierland,"Chip and Dale Meet and Greet [PRE], Golden Horseshoe Saloon v.2",,,00:00:59.626,Henrik Nielsen,9,
Country and Western No. 2,MECS-8 - Media Music Release No. 6 - No. 8 - Special Occasions / Country & Western [Reel X-135/136],,Capitol,,,,Frontierland,"Chip and Dale Meet and Greet [PRE], Golden Horseshoe Saloon v.2",,,00:01:00.136,Henrik Nielsen,10,
Country and Western No. 3,MECS-8 - Media Music Release No. 6 - No. 8 - Special Occasions / Country & Western [Reel X-135/136],,Capitol,,,,Frontierland,"Chip and Dale Meet and Greet [PRE], Golden Horseshoe Saloon v.2",,,00:01:00.002,Henrik Nielsen,11,
Cripple Creek,"Square Dance Festival, Vol.1",,Dot,,,,Frontierland,"Chip and Dale Meet and Greet [PRE], Golden Horseshoe Saloon v.2",,,00:02:41.901,Tommy Jackson,12,
Country Banjo,MEGS-5 - Media Music Release No. 7 - No. 5 - Solo Instruments [Reel X-145/146 or OGM Archives 4],,Capitol,,,,Frontierland,"Chip and Dale Meet and Greet [PRE], Golden Horseshoe Saloon v.2",,,00:01:00.604,Henrik Nielsen,13,
Country and Western No. 4,MECS-8 - Media Music Release No. 6 - No. 8 - Special Occasions / Country & Western [Reel X-135/136],,Capitol,,,,Frontierland,"Chip and Dale Meet and Greet [PRE], Golden Horseshoe Saloon v.2",,,00:01:00.940,Henrik Nielsen,14,
Country Harmonica,MEGS-5 - Media Music Release No. 7 - No. 5 - Solo Instruments [Reel X-145/146 or OGM Archives 4],,Capitol,,,,Frontierland,"Chip and Dale Meet and Greet [PRE], Golden Horseshoe Saloon v.2",,,00:01:01.122,Henrik Nielsen,15,
Country and Western No. 5,MECS-8 - Media Music Release No. 6 - No. 8 - Special Occasions / Country & Western [Reel X-135/136],,Capitol,,,,Frontierland,"Chip and Dale Meet and Greet [PRE], Golden Horseshoe Saloon v.2",,,00:00:57.848,Henrik Nielsen,16,
Evening Campfire,MEDS-4 - Media Music Release No. 2 - No. 4 - Western Themes/Fun Marches [Reel X-75],,Capitol,,,,Frontierland,"Chip and Dale Meet and Greet [PRE], Golden Horseshoe Saloon v.2",,,00:01:00.213,Ib Glindemann,22,
East Tennessee Blues,"Square Dance Festival, Vol. 1",,Dot,,,,Frontierland,"Chip and Dale Meet and Greet [PRE], Golden Horseshoe Saloon v.2",,,00:02:12.225,Tommy Jackson,21,
Buffalo Gal,Country Honky Tonk Piano,,Somerset,,,,Frontierland,"Chip and Dale Meet and Greet [PRE], Golden Horseshoe Saloon v.2",,,00:02:30.074,"The Nashville Four and ""Slim"" 88 Wilson",18,Originally released on the record “Nashville Guests” by Nashville Guests on Somerset Records.
Country and Western No. 6,MECS-8 - Media Music Release No. 6 - No. 8 - Special Occasions / Country & Western [Reel X-135/136],,Capitol,,,,Frontierland,"Chip and Dale Meet and Greet [PRE], Golden Horseshoe Saloon v.2",,,00:01:01.377,Henrik Nielsen,19,
Dusty Miller,"Square Dance Festival, Vol.1",,Dot,,,,Frontierland,"Chip and Dale Meet and Greet [PRE], Golden Horseshoe Saloon v.2",,,00:02:30.818,Tommy Jackson,17,
Skip to My Lou,Instrumental Music Of The Southern Appalachians,,Tradition,,,,Frontierland,"Chip and Dale Meet and Greet [PRE], Golden Horseshoe Saloon v.2",,,00:01:37.429,Richard Chase,23,"note: MISLABELED in the album’s digital release as track “Marching Jaybird” by Lacey Phillips. Edited to repeat a section, so the track is 0:00.658-1:03.615, then repeats 0:41.927-1:03.615, and finally repeats 0:41.927-0:43.728"
Flop Eared Mule,Come On In! We're Pickin' and Singin' Folk Songs,,Somerset,,,,Frontierland,"Chip and Dale Meet and Greet [PRE], Golden Horseshoe Saloon v.2",,,00:01:31.003,The Wanderin' Five,20,
U14 (BSO),,,,,,,Star Wars: Galaxy's Edge,BSO 401.72 Radio,,,00:02:48.754,,45,
U12 (BSO),,,,,,,Star Wars: Galaxy's Edge,BSO 401.72 Radio,,,00:03:23.868,,40,
Blue Milk Surprise,Star Wars: Galaxy’s Edge Oga’s Cantina: R3X’s Playlist #2,,,,,,Star Wars: Galaxy's Edge,BSO 401.72 Radio,,,00:03:02.787,"Adam Gubman and Matthew Wood AKA Loth-cats, R3X",44,
Gaya Kaminu,Unreleased,,,,,,Star Wars: Galaxy's Edge,BSO 401.72 Radio,,,00:02:11.181,Michael Kramer,41,https://www.michaelkramermusic.com/
U13 (BSO),,,,,,,Star Wars: Galaxy's Edge,BSO 401.72 Radio,,,00:10:06.087,,42,
Segment: Galma Droid Battles,,,,,,,Star Wars: Galaxy's Edge,BSO 401.72 Radio,,,00:00:23.404,,43,
Basin Street Blues,"Clarinet Road, Vol. 1: The Road to New Orleans",,,,"July 18, 2014",,New Orleans Square,Club 33 Lunch [REF],,,00:05:11.373,Evan Christopher,2,
When The Saints Go Marching In,Do You Know What It Means To Miss New Orleans,,,,"July 18, 2014",,New Orleans Square,Club 33 Lunch [REF],,,00:02:25.240,Pete Fountain,3,
Way Down Yonder In New Orleans,"Clarinet Road, Vol. 1: The Road to New Orleans",,,,"July 18, 2014",,New Orleans Square,Club 33 Lunch [REF],,,00:04:21.531,Evan Christopher,4,
Beale Street Blues,Dixieland Blues,,,,"July 18, 2014",,New Orleans Square,Club 33 Lunch [REF],,,00:03:06.590,Johnny Maddox,5,
They Can't Take That Away From Me,The Swinging Guitar Of Tal Farlow,,,,"July 18, 2014",,New Orleans Square,Club 33 Lunch [REF],,,00:05:41.448,Tal Farlow,6,
Bags' Groove,Wizard of the Vibes,,,,"July 18, 2014",,New Orleans Square,Club 33 Lunch [REF],,,00:03:02.695,Milt Jackson,7,
St. James Infirmary,The Bright Mississippi,,,,"July 18, 2014",,New Orleans Square,Club 33 Lunch [REF],,,00:03:45.595,Allen Toussaint,8,
Ja-Da,Do You Know What It Means To Miss New Orleans,,,,"July 18, 2014",,New Orleans Square,Club 33 Lunch [REF],,,00:03:03.719,Pete Fountain,9,Fades to silence at 3:03.483 of track to omit clapping
Like Someone in Love,The Swinging Guitar Of Tal Farlow,,,,"July 18, 2014",,New Orleans Square,Club 33 Lunch [REF],,,00:06:37.419,Tal Farlow,10,
Don't Get Around Much Anymore,Wizard of the Vibes,,,,"July 18, 2014",,New Orleans Square,Club 33 Lunch [REF],,,00:02:57.825,Milt Jackson,11,
Of All the Wrongs You've Done To Me,Do You Know What It Means To Miss New Orleans,,,,"July 18, 2014",,New Orleans Square,Club 33 Lunch [REF],,,00:03:00.937,Pete Fountain,12,
Someday Sweetheart,Do You Know What It Means To Miss New Orleans,,,,"July 18, 2014",,New Orleans Square,Club 33 Lunch [REF],,,00:02:57.612,Pete Fountain,13,
Summertime,The End of the Beginning,,,,"July 18, 2014",,New Orleans Square,Club 33 Lunch [REF],,,00:05:37.627,Troy Andrews Quintet,14,
Sweethearts On Parade,Do You Know What It Means To Miss New Orleans,,,,"July 18, 2014",,New Orleans Square,Club 33 Lunch [REF],,,00:02:36.110,Pete Fountain,15,
Blue Drag,The Bright Mississippi,,,,"July 18, 2014",,New Orleans Square,Club 33 Lunch [REF],,,00:04:15.981,Allen Toussaint,16,
Tears,If Dreams Come True,,,,"July 18, 2014",,New Orleans Square,Club 33 Lunch [REF],,,00:05:00.780,Tim Laughlin,17,
Mo' Betta Blues,"Love Songs, Ballads and Standards",,,,"July 18, 2014",,New Orleans Square,Club 33 Lunch [REF],,,00:05:21.717,Irvin Mayfield,18,
Gone With the Wind (Alternate Take),The Swinging Guitar Of Tal Farlow,,,,"July 18, 2014",,New Orleans Square,Club 33 Lunch [REF],,,00:05:23.842,Tal Farlow,19,This is track 11 of the album. It is not always labeled as an alternate track on the release.
Just Friends (Remastered),My Last Chance,,,,"July 18, 2014",,New Orleans Square,Club 33 Lunch [REF],,,00:05:17.278,Lem Winchester Sextet,20,
Two Trumpet Blues,The End of the Beginning,,,,"July 18, 2014",,New Orleans Square,Club 33 Lunch [REF],,,00:05:45.715,Troy Andrews Quintet,21,
Louisiana,To Swing or Not To Swing,,,,"July 18, 2014",,New Orleans Square,Club 33 Lunch [REF],,,00:03:52.950,Barney Kessel,22,
Just a Closer Walk With Thee,The Bright Mississippi,,,,"July 18, 2014",,New Orleans Square,Club 33 Lunch [REF],,,00:05:07.442,Allen Toussaint,23,
Bright Mississippi,The Bright Mississippi,,,,"July 18, 2014",,New Orleans Square,Club 33 Lunch [REF],,,00:05:04.924,Allen Toussaint,24,
St. James Infirmary,Do You Know What It Means To Miss New Orleans,,,,"July 18, 2014",,New Orleans Square,Club 33 Lunch [REF],,,00:04:07.475,Pete Fountain,25,
Black and Blue,Doc Cheatham & Nicholas Payton,,,,"July 18, 2014",,New Orleans Square,Club 33 Lunch [REF],,,00:04:37.893,Doc Cheatham,26,
Basin Street Blues,Dixieland Blues,,,,"July 18, 2014",,New Orleans Square,Club 33 Lunch [REF],,,00:03:00.563,Johnny Maddox,27,Overlaps so the last beat starts with the next track
Rampart Street Ramble,Delta Bound,,,,"July 18, 2014",,New Orleans Square,Club 33 Lunch [REF],,,00:05:54.074,Evan Christopher,28,
Out of Nowhere,Doc Cheatham & Nicholas Payton,,,,"July 18, 2014",,New Orleans Square,Club 33 Lunch [REF],,,00:06:00.845,Doc Cheatham,29,
Kiss Me Sweet,Delta Bound,,,,"July 18, 2014",,New Orleans Square,Club 33 Lunch [REF],,,00:03:30.671,Evan Christopher,30,
You'd Be So Nice to Come Home To,Concierto (CTI Records 40th Anniversary Edition),,,,"July 18, 2014",,New Orleans Square,Club 33 Lunch [REF],,,00:07:04.822,Jim Hall,31,
Wang Wang Blues,Do You Know What It Means To Miss New Orleans,,,,"July 18, 2014",,New Orleans Square,Club 33 Lunch [REF],,,00:03:09.012,Pete Fountain,32,
That's A Plenty,Do You Know What It Means To Miss New Orleans,,,,"July 18, 2014",,New Orleans Square,Club 33 Lunch [REF],,,00:03:58.198,Pete Fountain,33,"Track seems to fade to omit audience clapping, but final snares are still very audible and may have been recreated in the loop version"
Delta Bound,Delta Bound,,,,"July 18, 2014",,New Orleans Square,Club 33 Lunch [REF],,,00:06:55.150,Evan Christopher,34,
Neutral Strings #3,MEHS-7 - Media Music Release No. 8 - No. 7 - Neutral Strings in Motion [Reel L-99],,Capitol Records,,"June 29, 2000 → March 1, 2017",,Tomorrowland,Autopia Grandstand v.1 [REF],,,00:02:04.557,Neil Amsterdam,9,
When the Saints Go Marchin’ In,Do Whatcha Wanna,,,,,,New Orleans Square,The Blue Bayou Restaurant,"This loop started playing circa 2017 in The Blue Bayou restaurant proper, most audibly near the kitchen and house facade. Prior to and after its installation, the holiday loop replaced the regular loop in the winter months. See MouseBits, https://forums.mousebits.com/threads/the-blue-bayou-restaurant.11043/ (2024). Compiled by SSrustworthy.",00:57:18.914,00:06:17.271,Rebirth Brass Band,1,"Fades in for a few seconds, starts at 0:05.497 in source"
Meet de Boys on the Battlefront,The Very Best of the Neville Brothers or Treacherous: A History Of The Neville Brothers,,,,,,New Orleans Square,The Blue Bayou Restaurant,,,00:03:17.977,The Wild Tchupitoulas,2,Completely faded out by 03:18.267 in source
Encore: Hey Pocky-A-Way (Live),Uptown Rulers! Live on the Queen Mary (Live),,,,,,New Orleans Square,The Blue Bayou Restaurant,,,00:02:57.693,The Meters,3,Starts at 0:40.135 in source; completely faded out by 3:37.829
Qualified,The Very Best Of Dr. John,,,,,,New Orleans Square,The Blue Bayou Restaurant,,,00:04:36.930,Dr. John,4,"Completely faded out by 4:37.373, when next track starts"
Gemini Rising,Voodoo,,,,,,New Orleans Square,The Blue Bayou Restaurant,,,00:04:07.774,The Dirty Dozen Brass Band,5,
Junko Partner,The Very Best Of Dr. John,,,,,,New Orleans Square,The Blue Bayou Restaurant,,,00:04:21.311,Dr. John,6,
Honey Dripper,The Very Best Of Dr. John,,,,,,New Orleans Square,The Blue Bayou Restaurant,,,00:03:34.476,Dr. John,7,
Iko Iko,The Very Best Of Dr. John,,,,,,New Orleans Square,The Blue Bayou Restaurant,,,00:04:00.280,Dr. John,9,Completely faded out at 4:00.755 in source when next track starts
Glory Glory Hallelujah (Lay My Burden Down),"Modern Brass Bands, First & Second Line in New Orleans 1990-2005",,,,,,New Orleans Square,The Blue Bayou Restaurant,,,00:03:05.273,Regal Jazz Band & Smitty Dee's Brass Band,8,"Completely faded out by 03:05.690. Released track has serious glitches on compilation, but other online releases seem to be ok."
Tipitina,The Very Best Of Dr. John,,,,,,New Orleans Square,The Blue Bayou Restaurant,,,00:02:06.524,Dr. John,13,
Brother John,The Very Best of the Neville Brothers or Treacherous: A History Of The Neville Brothers,,,,,,New Orleans Square,The Blue Bayou Restaurant,,,00:03:25.542,The Wild Tchupitoulas,11,"Note, “The Very Best” has an excellent quality version, but the first few seconds are cut off compared to the loop track. These seconds can be supplanted by a different track if desired. Track is completely faded out by 3:22.986 when next track starts"
Joe Avery’s Blues,"Modern Brass Bands, First & Second Line in New Orleans 1990-2005",,,,,,New Orleans Square,The Blue Bayou Restaurant,,,00:03:02.665,Algiers Brass Band,10,
You Can't Fly If You're Too High,Do Whatcha Wanna,,,,,,New Orleans Square,The Blue Bayou Restaurant,,,00:03:59.634,Rebirth Brass Band,12,
Bye & Bye,Do Whatcha Wanna,,,,,,New Orleans Square,The Blue Bayou Restaurant,,,00:04:19.025,Rebirth Brass Band,14,
Amazing Grace / Down By the Riverside / Amen,The Very Best of the Neville Brothers or Treacherous: A History Of The Neville Brothers,,,,,,New Orleans Square,The Blue Bayou Restaurant,,,00:04:06.651,The Neville Brothers,15,"Edited, starts at 2:09.300 and fades out by 6:15.834 of source track. Note, appears to be missing a vocal shout at 2:12.045 in source track that is clearly audible in the recording."
See loop notes,,,,,,,Fantasyland,Merlin's Marvelous Miscellany [REF],"Merlin’s Marvelous Miscellany opened on March 11, 2022 in the Sleeping Beauty Castle Courtyard. The loop is audible from a couple of ceiling speakers in the “back” of the store, opposite the register. The loop is entirely comprised of instrumental score and song instrumentals from the Sleeping Beauty animated film. Unfortunately the loop contains a high amount of unreleased score, which precludes IDing an actual tracklist. SSrustworthy was able to cobble together the loop from fan-released extended soundtracks around the internet and the Legacy Collection release, with varying quality and SFX inclusion. See SSrustworthy’s post on MouseBits, https://forums.mousebits.com/threads/merlins-marvelous-miscellany.11045/ (2024). In one reference recording, the first few tracks repeat twice before continuing with the rest of the loop.",00:27:41.262,,,,
Woody's Roundup - Riders in the Sky - Woody's Roundup (2000),,,,,,,Frontierland,Pioneer Mercantile v.4 [REF],,,00:01:12.000,Riders in the Sky,2,
The Ballad of Big Thunder Mountain (From Disneyland Forever),,,,,,,Frontierland,Pioneer Mercantile v.4 [REF],,,00:03:02.766,,18,Accompanied by a glorified slideshow
"We Don't Talk About Bruno (from ""Encanto"")",,,,,,,Frontierland,Pioneer Mercantile v.4 [REF],,,00:03:32.494,,17,
"Paul Bunyan (from ""Paul Bunyan""; 1958)",,,,,,,Frontierland,Pioneer Mercantile v.4 [REF],,,00:00:58.550,,16,
"Great Spirits (from ""Brother Bear"")",,,,,,,Frontierland,Pioneer Mercantile v.4 [REF],,,00:03:43.326,,15,
"A Cowboy Needs a Horse (from ""A Cowboy Needs a Horse""; 1956)",,,,,,,Frontierland,Pioneer Mercantile v.4 [REF],,,00:02:05.741,,14,
"The Family Madrigal (from ""Encanto""",,,,,,,Frontierland,Pioneer Mercantile v.4 [REF],,,00:04:32.505,,13,
Three Caballeros (from Ducktales 2017; season 2 ep 4?),,,,,,,Frontierland,Pioneer Mercantile v.4 [REF],,,00:01:18.734,,12,
"The Great Outdoors (from ""Disneyland Fun"" of Disney's Sing Along Songs)",,,,,,,Frontierland,Pioneer Mercantile v.4 [REF],,,00:02:02.128,The Country Bears,11,
"The Wrangler's Code (from ""The Wonderful World of Mickey Mouse"")",,,,,,,Frontierland,Pioneer Mercantile v.4 [REF],,,00:01:29.730,,10,
"On The Front Porch (from ""Summer Magic"")",,,,,,,Frontierland,Pioneer Mercantile v.4 [REF],,,00:03:19.380,Bill Ives,9,
"Colors of the Wind (from ""Pocahontas"")",,,,,,,Frontierland,Pioneer Mercantile v.4 [REF],,,00:03:21.016,,8,"fade in to remove ""you think"""
"La Llorona (from ""Coco"")",,,,,,,Frontierland,Pioneer Mercantile v.4 [REF],,,00:01:24.336,,7,
"Zorro Theme (from ""Zorro""; 1957)",,,,,,,Frontierland,Pioneer Mercantile v.4 [REF],,,00:00:43.406,,6,
"The Rainbow Connection (from ""The Muppet Movie"")",,,,,,,Frontierland,Pioneer Mercantile v.4 [REF],,,00:03:27.385,,5,
"Best of Friends (from ""The Fox and the Hound"")",,,,,,,Frontierland,Pioneer Mercantile v.4 [REF],,,00:02:07.801,,4,
"Oo-De-Lally (from ""Robin Hood"")",,,,,,,Frontierland,Pioneer Mercantile v.4 [REF],,,00:00:56.186,,3,
"Leia Breaks The News (alt) / Funeral Pyre For A Jedi (Film Version) ",Star Wars: Episode VI – Return of the Jedi,,,,"May 6, 2011",,Tomorrowland,The Star Trader v.2 [REF],,,00:02:05.262,John Williams,19,Edited to include 0:11.460 - 2:16.858. This version not commercially released.
"The Battle of Endor III (Superstructure Chase, Darth Vader’s Death, The Main Reactor)",Star Wars: Episode VI – Return of the Jedi,,,,"May 6, 2011",,Tomorrowland,The Star Trader v.2 [REF],,,00:01:34.937,John Williams,18,Edited to include 4:27.745 - 6:02.558. This version not commercially released.
"The Asteroid Field ",Star Wars: Episode V – The Empire Strikes Back,,,,"May 6, 2011",,Tomorrowland,The Star Trader v.2 [REF],,,00:03:36.590,John Williams,17,Edited to include 0:00 - 3:34.828. Crossfades into next track
"The Forest Battle ",Star Wars: Episode VI – Return of the Jedi,,,,"May 6, 2011",,Tomorrowland,The Star Trader v.2 [REF],,,00:03:57.847,John Williams,16,Edited to include 0:00.255 - 3:58.958. Crossfades into next track
"Jango's Escape ",Star Wars: Episode II – Attack of the Clones,,,,"May 6, 2011",,Tomorrowland,The Star Trader v.2 [REF],,,00:01:23.063,John Williams,15,Edited to include 0:00 - 1:23.232. Crossfades into next track
"A New Hope and End Credits ",Star Wars: Episode III – Revenge of the Sith,,,,"May 6, 2011",,Tomorrowland,The Star Trader v.2 [REF],,,00:02:55.875,John Williams,14,Edited to include 10:06.565 - 13:02.577.
"Take To Your Ships (Alternate) ",Star Wars: Episode I – The Phantom Menace,,,,"May 6, 2011",,Tomorrowland,The Star Trader v.2 [REF],,,00:01:33.303,John Williams,13,Edited to include 0:01.883 - 1:34.272. This version not commercially released. Crossfades into next track
"A New Hope and End Credits ",Star Wars: Episode III – Revenge of the Sith,,,,"May 6, 2011",,Tomorrowland,The Star Trader v.2 [REF],,,00:02:06.141,John Williams,12,Edited to include 6:43.035 - 8:49.147. Crossfades into next track
"Hyperspace ",Star Wars: Episode V – The Empire Strikes Back,,,,"May 6, 2011",,Tomorrowland,The Star Trader v.2 [REF],,,00:03:34.494,John Williams,11,Edited to include 0:00 - 3:34.536. Crossfades into next track
"A New Hope and End Credits ",Star Wars: Episode III – Revenge of the Sith,,,,"May 6, 2011",,Tomorrowland,The Star Trader v.2 [REF],,,00:01:02.066,John Williams,10,Edited to include 1:21.969 - 2:24.110. Crossfades into next track
Finale,Star Wars: Episode V – The Empire Strikes Back,,,,"May 6, 2011",,Tomorrowland,The Star Trader v.2 [REF],,,00:05:26.838,John Williams,9,Edited to include 0:56.659 - 6:20.918. Crossfades into next track
"The Wampa's Lair / Vision of Obi Wan / Snowspeeders ",Star Wars: Episode V – The Empire Strikes Back,,,,"May 6, 2011",,Tomorrowland,The Star Trader v.2 [REF],,,00:01:31.345,John Williams,8,Edited to include 6:57.149 - 8:28.518. Crossfades into next track
Pit of Carkoon / Sail Barge Assault,Star Wars: Episode VI – Return of the Jedi,,,,"May 6, 2011",,Tomorrowland,The Star Trader v.2 [REF],,,00:04:34.479 ,John Williams,7,Edited to include 1:17.035 - 5:54.421. Crossfades into next track
The Imperial March (Darth Vader's Theme),Star Wars: Episode V – The Empire Strikes Back,,,,"May 6, 2011",,Tomorrowland,The Star Trader v.2 [REF],,,00:02:58.115,John Williams,6,Edited to include 0:00.066 - 2:58.188.  Crossfades into next track
The Battle of Yavin,Star Wars: Episode IV – A New Hope,,,,"May 6, 2011",,Tomorrowland,The Star Trader v.2 [REF],,,00:01:11.616 ,John Williams,5,Edited to include 0:00 - 1:11.397. Sharp fade out after the stinger. There is a .00.376 second gap after track.
"Into the Trap ",Star Wars: Episode VI – Return of the Jedi,,,,"May 6, 2011",,Tomorrowland,The Star Trader v.2 [REF],,,00:01:25.368 ,John Williams,4,Edited to include 1:05.230 - 2:30.813. Crossfades into next track
Franklin Swing,Now & Then,,,,"October 24, 2024",,Bayou Country,Hungry Bear Barbecue Jamboree [REF],,,00:04:18.760,Larry Franklin,22,
Try Everything,Country Bear Musical Jamboree (Original Soundtrack),,,,"October 24, 2024",,Bayou Country,Hungry Bear Barbecue Jamboree [REF],,,00:03:14.415,,23,
Whistlin’ Rufus,Stuart Duncan,,,,"October 24, 2024",,Bayou Country,Hungry Bear Barbecue Jamboree [REF],,,00:02:05.046,Stuart Duncan,24,
When You And I Were Young Maggie,At Home in Maggie Valley,,,,"October 24, 2024",,Bayou Country,Hungry Bear Barbecue Jamboree [REF],,,00:03:13.058,Raymond Fairchild,25,
Steel Guitar Rag,Bluegrass 96,,,,"October 24, 2024",,Bayou Country,Hungry Bear Barbecue Jamboree [REF],,,00:04:49.725,"Rob Ickes, Mark Schatz, Wayne Benson, Scott Vestal, Aubrey Haynie, Jeff Autry",26,
Steel Guitar Chimes,Nashville Steel Guitar: 20 Greatest,,,,"October 24, 2024",,Bayou Country,Hungry Bear Barbecue Jamboree [REF],,,00:01:43.314,Little Roy Wiggins,28,
Kiss the Girl,Country Bear Musical Jamboree (Original Soundtrack),,,,"October 24, 2024",,Bayou Country,Hungry Bear Barbecue Jamboree [REF],,,00:02:24.310,,27,
" A Whole New World",Country Bear Musical Jamboree (Original Soundtrack),,,,"October 24, 2024",,Bayou Country,Hungry Bear Barbecue Jamboree [REF],,,00:02:58.118,,2,
Today I Started Love Again,The Greatest Hits of Charlie McCoy,,,,"October 24, 2024",,Bayou Country,Hungry Bear Barbecue Jamboree [REF],"This loop plays in the general seating area of the Hungry Bear Barbecue Jamboree, which opened on October 24, 2024. Tracklist compiled by SSrustworthy based on a tracklist by pixelated. See MouseBits, https://forums.mousebits.com/threads/hungry-bear-barbecue-jamboree.11064/ (2024).",01:21:49.509,00:02:29.700,Charlie McCoy,1,
Fun Ranch Boogie,Gagged But Not Bound,,,,"October 24, 2024",,Bayou Country,Hungry Bear Barbecue Jamboree [REF],,,00:02:45.621,Albert Lee,31,Edited to start at 0:03.556
"Supercalifragilisticexpialidocious ",Country Bear Musical Jamboree (Original Soundtrack),,,,"October 24, 2024",,Bayou Country,Hungry Bear Barbecue Jamboree [REF],,,00:00:47.988,,30,
Wabash Cannonball (Instrumental),Lonesome Whistle (Instrumental),,,,"October 24, 2024",,Bayou Country,Hungry Bear Barbecue Jamboree [REF],,,00:02:46.670,"Mark Howard, Sam Bush, and Stuart Duncan",29,
Fireball Mail,The Great Dobro Sessions,,,,"October 24, 2024",,Bayou Country,Hungry Bear Barbecue Jamboree [REF],,,00:02:41.501,"Josh Graves, Rob Ickes",7,
Fixer Upper,Country Bear Musical Jamboree (Original Soundtrack),,,,"October 24, 2024",,Bayou Country,Hungry Bear Barbecue Jamboree [REF],,,00:02:15.632,,6,
Save the Last Dance,"Lessons in Folk , Vol. 1: Southern Jamtracks for Players and Lovers",,,,"October 24, 2024",,Bayou Country,Hungry Bear Barbecue Jamboree [REF],,,00:01:34.411,Garden of Delight,5,
I Want to Be a Cowboy’s Sweetheart (Instrumental),Cowboy Roundup (Instrumental),,,,"October 24, 2024",,Bayou Country,Hungry Bear Barbecue Jamboree [REF],,,00:03:14.330,"Mark Howard, Tim Crouch, Stuart Duncan, Jeff Taylor",4,
Guitar Polka,Doc and Merle Watson’s Guitar Album,,,,"October 24, 2024",,Bayou Country,Hungry Bear Barbecue Jamboree [REF],,,00:02:14.383,"Doc Watson, Merle Watson",3,Starts at 0:01.795 of source track
You’ve Got a Friend in Me,Country Bear Musical Jamboree (Original Soundtrack),,,,"October 24, 2024",,Bayou Country,Hungry Bear Barbecue Jamboree [REF],,,00:01:51.075,,12,
Earl’s Breakdown,Banjo Bandits,,,,"October 24, 2024",,Bayou Country,Hungry Bear Barbecue Jamboree [REF],,,00:02:24.261,"Roy Clark, Buck Trent",11,
Stumptown,Why Should The Fire Die?,,,,"October 24, 2024",,Bayou Country,Hungry Bear Barbecue Jamboree [REF],,,00:01:36.395,Nickel Creek,10,
New Waltz,Going Home,,,,"October 24, 2024",,Bayou Country,Hungry Bear Barbecue Jamboree [REF],,,00:03:19.856,"Joe Newberry, April Verch",9,
Brilliancy,Playin’ In This Town,,,,"October 24, 2024",,Bayou Country,Hungry Bear Barbecue Jamboree [REF],,,00:02:06.367,Maddie Denton,8,
Black Mountain Blues,With The Travelin’ Blues,,,,"October 24, 2024",,Bayou Country,Hungry Bear Barbecue Jamboree [REF],,,00:03:03.707,Mac Martin & The Dixie Travelers,13,Plays at a rate of 1.021x album track
Fiddling Under the Mistletoe,Once A Day,,,,"October 24, 2024",,Bayou Country,Hungry Bear Barbecue Jamboree [REF],,,00:02:47.948,April Verch,18,
Texoma Bound,The Time Jumpers,,,,"October 24, 2024",,Bayou Country,Hungry Bear Barbecue Jamboree [REF],,,00:03:31.144,The Time Jumpers,17,
The Bare Necessities,Country Bear Musical Jamboree (Original Soundtrack),,,,"October 24, 2024",,Bayou Country,Hungry Bear Barbecue Jamboree [REF],,,00:02:46.877,,16,
Foolin’ Around,Doin’ My Time,,,,"October 24, 2024",,Bayou Country,Hungry Bear Barbecue Jamboree [REF],,,00:02:53.591,Aubrey Haynie,15,
Smokey Mountain Rag,"The Steel Guitar And Dobro Sounds Of Shot Jackson And Buddy Emmons ",,,,"October 24, 2024",,Bayou Country,Hungry Bear Barbecue Jamboree [REF],,,00:02:04.763,"Shot Jackson, Buddy Emmons",14,
Banjo Bounce,Shelton Special,,,,"October 24, 2024",,Bayou Country,Hungry Bear Barbecue Jamboree [REF],,,00:02:34.799,Allen Shelton,19,
Cascade,Chet Atkins: The Master And His Music,,,,"October 24, 2024",,Bayou Country,Hungry Bear Barbecue Jamboree [REF],,,00:02:23.762,Chet Atkins,20,
Roger and Marty,Tavern Tales,,,,"October 24, 2024",,Bayou Country,Hungry Bear Barbecue Jamboree [REF],,,00:02:47.965,Roy Edwin WIlliams,21,
Blow The Man Down,Songs of the Sea,,Columbia Records,,"July 29, 2017",,Frontierland,S.S. Columbia Attraction v.5,,,,Norman Luboff Choir,10,Load/Unload
Tiger Rag,,,,,,,Frontierland,Mark Twain Riverboat v.5,"This is a collection of tracks that play in sync with the narration on the Mark Twain Riverboat. This track was introduced between the closure of Splash Mountain in May 2023 and March 2024. The narration changed in November of 2024 for the opening of Tiana’s Bayou Adventure, but the musical selections remained the same. See MouseBits, https://forums.mousebits.com/threads/the-music-of-the-mark-twain-riverboat.10846/ (2024).",N/A,,Dutch Swing College Band,1,Plays before castoff as boat is loading at the dock.
Way Down in New Orleans (with vocals),"The Princess and the Frog OST ",,,,,,Frontierland,Mark Twain Riverboat v.5,,,,,2,
Almost There (with vocals),"The Princess and the Frog OST ",,,,,,Frontierland,Mark Twain Riverboat v.5,,,,,3,"Temporary addition for the construction of Tiana’s Bayou Adventure. Narration: ""Beyond those levee walls on the port side is the bayou, the future home of Tiana's Bayou Adventure. Princess Tiana swears there's magic out there, and wherever you find magic, you're bound to find surprises. Blue skies and sunshine guaranteed. It's not quite finished yet, but we're almost there.”"
Cedar Falls 2613/3,Banjo ANW 2613,,,,,,Frontierland,Mark Twain Riverboat v.5,,,,"Leon Hunt, Josh Clark",4,
"Red River Valley (Instrumental) ",Red River Valley,,,,,,Frontierland,Mark Twain Riverboat v.5,,,,Paco Ship,5,
Pirate’s Cove Medley,Sea Changes of the Toucan Pirates,,,,,,Frontierland,Mark Twain Riverboat v.5,,,,Toucan Pirates,6,
Unclouded Day,Smoky Mountain Hymns,,,,,,Frontierland,Mark Twain Riverboat v.5,,,,Studio Musicians,7,"Note: Shazam thinks this tune is by artist Craig Duncan, but the arrangement lines up with the Smoky Mountain Hymns version, and was correctly identified by other services"
"Lord, Lord, Lord, You Sure Been Good to Me",Here Come da Great Olympia Band,,,,,,Frontierland,Mark Twain Riverboat v.5,,,,Dejan’s Olympia Brass Band,8,Plays after narration track finishes at unload.
What Else Can I Do,Encanto OST,,,,,,Fantasyland,Bibbidi Bobbidi Boutique v.3 [INC],"Plays in the interior of Bibbidi Bobbidi Boutique. This loop probably changed to its third (?) iteration sometime between January 2023 and May 2024. Partial tracklist compiled by SSrustworthy based on a 2024 reference recording. See MouseBits, https://mousebits.com/smf/index.php?topic=8312.msg99304#msg99304 (2024).",Unknown (> 45 min),,,1,
Do You Want To Build a Snowman,Frozen OST,,,,,,Fantasyland,Bibbidi Bobbidi Boutique v.3 [INC],,,,,2,
Belle,Beauty and the Beast OST,,,,,,Fantasyland,Bibbidi Bobbidi Boutique v.3 [INC],,,,,3,
A Whole New World,Aladdin OST,,,,,,Fantasyland,Bibbidi Bobbidi Boutique v.3 [INC],,,,,4,
With a Smile and a Song,Snow White OST,,,,,,Fantasyland,Bibbidi Bobbidi Boutique v.3 [INC],,,,,5,
A Dream is a Wish Your Heart Makes,Cinderella OST,,,,,,Fantasyland,Bibbidi Bobbidi Boutique v.3 [INC],,,,,6,
I See the Light,Tangled OST,,,,,,Fantasyland,Bibbidi Bobbidi Boutique v.3 [INC],,,,,7,
Once Upon a Dream,Sleeping Beauty OST,,,,,,Fantasyland,Bibbidi Bobbidi Boutique v.3 [INC],,,,,8,
Kiss the Girl,The Little Mermaid OST,,,,,,Fantasyland,Bibbidi Bobbidi Boutique v.3 [INC],,,,,9,
Beauty and the Beast,Beauty and the Beast OST,,,,,,Fantasyland,Bibbidi Bobbidi Boutique v.3 [INC],,,,,10,
Part of Your World (reprise),The Little Mermaid OST,,,,,,Fantasyland,Bibbidi Bobbidi Boutique v.3 [INC],,,,,15,
Speechless,Aladdin (2019) OST,,,,,,Fantasyland,Bibbidi Bobbidi Boutique v.3 [INC],,,,,14,
Let It Go,Frozen OST,,,,,,Fantasyland,Bibbidi Bobbidi Boutique v.3 [INC],,,,,13,
Whistle While You Work,Snow White OST,,,,,,Fantasyland,Bibbidi Bobbidi Boutique v.3 [INC],,,,,12,
Almost There,The Princess and the Frog OST,,,,,,Fantasyland,Bibbidi Bobbidi Boutique v.3 [INC],,,,,11,
Where You Are,Moana OST,,,,,,Fantasyland,Bibbidi Bobbidi Boutique v.3 [INC],,,,,18,
When Will My Life Begin,Tangled OST,,,,,,Fantasyland,Bibbidi Bobbidi Boutique v.3 [INC],,,,,17,
Be Our Guest,Beauty and the Beast OST,,,,,,Fantasyland,Bibbidi Bobbidi Boutique v.3 [INC],,,,,16,
Alliance Assembly,Star Wars Episode VI: Return Of The Jedi,,,,,Season of the Force,Tomorrowland,Hyperspace Mountain Single Rider Queue,"During the Hyperspace Mountain overlay for Space Mountain, this loop can be heard in the hallway where the single rider line is located (as of May 2024). It is unclear whether it can be heard elsewhere in the queue. Tracklist compiled by SSrustworthy based on a 2024 reference recording.",02:03.483,02:03.483,John Williams,1,"Single-track loop, start - 2:03.984 of track"
Dixie Doodle Girl March,Orchestrion Favorites from the Frick,,,,,,Main Street U.S.A.,Emporium plush toy department [REF],"This loop plays in the Emporium, specifically in the plush toy department (which has no official title). It is unclear when the loop was first introduced. All source tracks have a playback rate of 1.088530x speed. There are no edits to any of the source tracks besides the faster playback rate. Tracklist compiled by pixelated and IHeartGaming based on a 2020 reference recording by pixelated. Still playing as of 2024. See MouseBits, https://forums.mousebits.com/threads/emporium-plush-toy-department.11163/ (2025).",00:55:50,,Powell,1,
Ma Belle Evangeline,Disney Guitar: Break Time,,,,,,Bayou Country,Ray's Berets [REF],"This loop plays in the interior of Ray’s Berets, which opened on October 25, 2024. Tracklist compiled by SSrustworthy and pixelated based on a reconstruction by pixelated. See MouseBits, https://forums.mousebits.com/threads/rays-berets.11066/ (2024).",00:59:07.437,00:01:51.083,Disney Peaceful Guitar,1,
Ballade Entre Deux,"Guitares De France, Vol. 1",,,,,,Bayou Country,Ray's Berets [REF],,,00:01:31.115,Jean-Philippe Crespin and Knobs Caxur,2,
Sleepy Time Down South 2 2674/40,Banjo Moods ANW 2674,,,,,,Bayou Country,Ray's Berets [REF],,,00:02:13.855,"Josh Clark, Leon Hunt",20,
November Waltz,Hei-wa Hoedown,,,,,,Bayou Country,Ray's Berets [REF],,,00:02:54.103,Walt Koken,19,
Waltz for Courtney,Cascade,,,,,,Bayou Country,Ray's Berets [REF],,,00:01:43.617,Wes Corbett feat. Chris Eldridge & Paul Kowert,18,
Impromptu,Tone Poets (Various),,,,,,Bayou Country,Ray's Berets [REF],,,00:01:33.748,Andy Statman and Enrique Coria,17,
Ton Amour C'est Ma Vie,Le Disque Français,,,,,,Bayou Country,Ray's Berets [REF],,,00:04:01.119,Dan Newton's Café Accordion Orchestra,16,
Nuages,Stumptown Swing,,,,,,Bayou Country,Ray's Berets [REF],,,00:02:43.489,Mike Burdette and Tim Connell,15,
Strolling Through Time,Strolling Through Time,,,,,,Bayou Country,Ray's Berets [REF],,,00:01:52.135,Jody Hughes,14,
Midnight on the Water,The Harmonic Tone Revealers,,,,,,Bayou Country,Ray's Berets [REF],,,00:02:25.890,John Reischman and Scott Nygaard,13,
The Peace of the Woods,Victor Furtado,,,,,,Bayou Country,Ray's Berets [REF],,,00:02:28.520,Victor Furtado,12,
Valse Passante,"Guitares De France, Vol. 1",,,,,,Bayou Country,Ray's Berets [REF],,,00:05:06.410,Jean-Philippe Crespin and Knobs Caxur,11,
Ma Belle Evangeline,Disney Guitar: Break Time,,,,,,Bayou Country,Ray's Berets [REF],,,00:03:24.096,Disney Peaceful Guitar,10,
Whiskey Waltz 4 3296/83,Mississippi Jug Band ANW 3296,,,,,,Bayou Country,Ray's Berets [REF],,,00:05:02.257,"Lincoln Grounds, Thomm Jutz",9,
Phoebe's Lullaby,The Patuxent Banjo Project,,,,,,Bayou Country,Ray's Berets [REF],,,00:04:49.139,Gina Clowes,8,
Michael Turner's Waltz,Michael Turner's Waltz,,,,,,Bayou Country,Ray's Berets [REF],,,00:03:04.354,Jon Mills,7,
"Kate, Bride of Matt",Farewell My Home,,,,,,Bayou Country,Ray's Berets [REF],,,00:03:24.159,Tony Ellis,6,
Barbara's Waltz,Fiddle Tunes for Banjo,,,,,,Bayou Country,Ray's Berets [REF],,,00:03:17.542,Béla Fleck,5,
"Les chemins de l'amour, FP 106: Les Chemins De L'Amour",Hot Club Of San Francisco: Bohemian Maestro Django Reinhardt and the Impressionists,,,,,,Bayou Country,Ray's Berets [REF],,,00:04:36.665,Hot Club of San Francisco,4,
Bon Eleve,"Guitares De France, Vol. 1",,,,,,Bayou Country,Ray's Berets [REF],,,00:01:49.713,Jean-Philippe Crespin and Knobs Caxur,3,
Moonglow,Swingmatism,,,,,,New Orleans Square,Tiana's Palace,"This loop plays in the restaurant interior and exterior seating area of Tiana’s Palace, which opened on September 7, 2023. It is also played in the Magnolia Park area across the walkway by the Haunted Mansion. This tracklist was compiled by pixelated and sorker based on his 2023 reference recording. SSrustworthy has confirmed that the interior loop is the same. See MouseBits, https://forums.mousebits.com/threads/tianas-palace.11068/ (2024). Kim Irvine according to the D23 blog has stated, “Our musicians at Walt Disney Imagineering put together a fabulous jazz score for inside the restaurant! It feels authentic to the space, and it adds an excited energy.” See https://thewaltdisneycompany.com/how-tianas-palace-infuses-authentic-new-orleans-flavor-into-its-menu-and-more/",01:25:35.232,00:05:11.973560,The Solomon Douglas Swingtet,1,
West End Blues,The Bright Mississippi,,,,,,New Orleans Square,Tiana's Palace,,,00:03:48.323583,Allen Toussaint,2,
Funky Blues,Swingmatism,,,,,,New Orleans Square,Tiana's Palace,,,00:07:10.746825,The Solomon Douglas Swingtet,3,
Washboard Blues,Mood Indigo,,,,,,New Orleans Square,Tiana's Palace,,,00:03:43.934717,Pete Fountain,4,
The Viper,Dixieland (New Orleans Jazz),,,,,,New Orleans Square,Tiana's Palace,,,00:02:34.332358,"Bill Reynolds, Billy Novick, and Paul Lenart",5,
Somebody Else is Taking My Place,Songs of New Orleans,,,,,,New Orleans Square,Tiana's Palace,,,00:07:47.044853,Preservation Hall Jazz Band,6,Not from the live album
Creole Nights,Dancing in the Sky,,,,,,New Orleans Square,Tiana's Palace,,,00:05:58.744626,Dr. Michael White,7,
Tom Cat Blues,"Night on Frenchmen Street (feat. Shaye Cohn, Kerry Lewis & Gregory Agid)",,,,,,New Orleans Square,Tiana's Palace,,,00:02:50.592313,Norbert Susemihl,8,
Some of these Days," Dutch Swing College Band 1960",,,,,,New Orleans Square,Tiana's Palace,,,00:04:02.664762,Dutch Swing College Band,9,
Singin' the Blues,The Bright Mississippi,,,,,,New Orleans Square,Tiana's Palace,,,00:05:36.264286,Allen Toussaint,10,
Canal Street Blues,Smiles,,,,,,New Orleans Square,Tiana's Palace,,,00:04:13.282948,Peoria Jazzband,11,
Muskogee Blue,Pee Wee's Song,,,,,,New Orleans Square,Tiana's Palace,,,00:05:10.053741,Jon-Erik Kellso,12,
New Orleans Bump,Ain’t No School Like the Old School,,,,,,New Orleans Square,Tiana's Palace,,,00:03:33.250862,The Solomon Douglas Swingtet,13,
Basin Street Blues,The Curious Case of Benjamin Button OST,,,,,,New Orleans Square,Tiana's Palace,,,00:07:28.703900,Preservation Hall Jazz Band,14,
Blues in the Air,Ain’t No School Like the Old School,,,,,,New Orleans Square,Tiana's Palace,,,00:05:43.620975,The Solomon Douglas Swingtet,15,
Creole Love Call,20 Years Piccadilly Six,,,,,,New Orleans Square,Tiana's Palace,,,00:03:29.209206,Piccadilly Six,16,
Couleur de Créole,The Blue Book of Storyville,,,,,,New Orleans Square,Tiana's Palace,,,00:03:06.262358,Don Vappie and Jazz Créole,17,
Wild Man Blues,Gumbo Nouveau,,,,,,New Orleans Square,Tiana's Palace,,,00:03:55.855238,Nicholas Payton,18,
See track notes,Unreleased,,,,"November 21, 2024",,New Orleans Square,Haunted Mansion Queue,"This custom queue loop began playing in the exterior garden area with the reopening of the Haunted Mansion in January 2025. Variations on a central track play in sync across the 4 different areas of the queue, which includes the Statue Courtyard, Madame Leota’s Sanctum Garden, the Mansion Greenhouse, and the Pet & Residential Cemeteries (ghostly choral music). The music was composed by https://www.egoplum.com/. A sample of his work for the queue music is https://soundcloud.com/laughing-place/haunted-mansion-new-queue-area-music-disneyland. See MouseBits, https://forums.mousebits.com/threads/new-haunted-mansion-queue-music.11081/ (2025). A reference recording is available on https://www.youtube.com/watch?v=vSxRIbxLRSo&list=RDvSxRIbxLRSo&start_radio=1.",~10:06,,Ernest “Ego” Plum; Buddy Baker,1,
Phantom Fairground ANW 2984/06,Scoring Sessions Mystery ANW 2984,,,,"December 23, 2024",,New Orleans Square,Madame Leota's Somewhere Beyond [REF],"Madame Leota’s Somewhere Beyond opened as the exit gift shop for the Haunted Mansion on December 23, 2024. The music loop plays from speakers high overhead. Several SFX (including snippets of HM on-ride music) emulating otherworldly interference are present in the loop alongside heavily edited musical tracks. Tracklist compiled by pixelated and SSrustworthy. See MouseBits, https://forums.mousebits.com/threads/madame-leotas-somewhere-beyond.11082/https://forums.mousebits.com/threads/madame-leotas-somewhere-beyond.11082/(2025).",35:25.965,,"Chris Egan, Andrew Cooksley, Trystan Francis",1,
Waltz with a Spirit 2 ANW 2730/121,Boy Treble ANW 2730,,,,"December 23, 2024",,New Orleans Square,Madame Leota's Somewhere Beyond [REF],,,,"Ben Parry, Benedict Madden",2,
Bearded Lady ANW 2757/2,Time Traveller ANW 2757,,,,"December 23, 2024",,New Orleans Square,Madame Leota's Somewhere Beyond [REF],,,,David O'Brien,3,
Allons A' Lafayette,Cajun Spice OR Cajun Tradition,,,,,,Bayou Country,Louis' Critter Club [REF],"This loop plays in the interior of the Louis’ Critter Club gift shop, which opened on November 13, 2024. Tracklist compiled by pixelated and SSrustworthy based on a recording by pixelated, see Mousebits: https://forums.mousebits.com/threads/louis-critter-club.11083/ (2025).",00:51:36.00,00:03:14.862,Jo-El Sonnier,1,
Ossun Two Step (Instrumental),Instrumental Collection,,,,,,Bayou Country,Louis' Critter Club [REF],,,00:02:54.234,Jambalaya Cajun Band,4,Audible blip at 0:50.679 in track that is also present in loop.
Jambalaya (Instrumental),Instrumental Collection,,,,,,Bayou Country,Louis' Critter Club [REF],,,00:02:55.581,Jambalaya Cajun Band,3,
La jolie blonde (Instrumental),La musique chez Mulate's OR Dewey Balfa & Friends,,,,,,Bayou Country,Louis' Critter Club [REF],,,00:02:33.304,Dewey Balfa,2,Plays at 1.0048x speed of source track
Out of Nowhere,Doc Cheatham & Nicholas Payton,,,,,,New Orleans Square,Club 33 Dinner [REF],,,00:06:01.274,Doc Cheatham & Nicholas Payton,34,
Black and Blue,Do You Know What It Means To Miss New Orleans,,,,,,New Orleans Square,Club 33 Dinner [REF],,,00:03:46.697,Pete Fountain,35,"Truncated to remove applause at ~3:43.687. Recording is difficult to hear, but there seems to be several seconds of gap until the next track begins."
Georgia on My Mind,Greatest Hits,,,,,,New Orleans Square,Club 33 Dinner [REF],"This loop was introduced at Club 33 upon reopening in 2014. It plays during the dinner hours in the Court of Angels up through Le Grand Salon, covering much of the ground of the original Club. This loop does not play in Le Salon Nouveau. Tracklist compiled by StarWarsGalaxysEdge based on his reference recording. See https://forums.mousebits.com/threads/club-33-dinnertime-background-music.11075/ (2024).",02:32:46.041,00:02:42.255,Wes Montgomery,1,Approx. 0.997x source track speed.
Washboard Blues,Do You Know What It Means To Miss New Orleans,,,,,,New Orleans Square,Club 33 Dinner [REF],,,00:03:45.653,Pete Fountain,2,
Mood Indigo,Django à la créole - Finesse,,,,,,New Orleans Square,Club 33 Dinner [REF],,,00:06:27.278,Evan Christopher,3,Track is edited to end early at ~6:27.043.
Crescent City Moon,The Isle of Orleans,,,,,,New Orleans Square,Club 33 Dinner [REF],,,00:05:10.811,Tim Laughlin,6,
Polka Dots and Moonbeams,,,,,,,New Orleans Square,Club 33 Dinner [REF],,,00:04:38.534,Wes Montgomery,5,
Body and Soul,Hear At Last,,,,,,New Orleans Square,Club 33 Dinner [REF],,,00:08:18.980,Don Shelton,4,
Just a Closer Walk With Thee,Do You Know What It Means To Miss New Orleans,,,,,,New Orleans Square,Club 33 Dinner [REF],,,00:02:07.480,Pete Fountain,12,
Embraceable You,"To Swing or Not to Swing, Vol. 3",,,,,,New Orleans Square,Club 33 Dinner [REF],,,00:03:19.505,Barney Kessel,11,
Do You Know What It Means To Miss New Orleans,Do You Know What It Means To Miss New Orleans,,,,,,New Orleans Square,Club 33 Dinner [REF],,,00:02:59.204,Pete Fountain,10,
In Your Own Sweet Way,The Incredible Jazz Guitar Of Wes Montgomery (Keepnews Collection),,,,,,New Orleans Square,Club 33 Dinner [REF],,,00:04:47.772,Wes Montgomery,9,
The Truth of the Blues,Dancing in the Sky,,,,,,New Orleans Square,Club 33 Dinner [REF],,,00:04:48.809,Dr. Michael White,8,
"April in Paris ","Easy Like, Vol. 1",,,,,,New Orleans Square,Club 33 Dinner [REF],,,00:02:43.537,Barney Kessel,7,
Midnight Sun,"To Swing or Not to Swing, Vol. 3",,,,,,New Orleans Square,Club 33 Dinner [REF],,,00:03:07.178,Barney Kessel,17,
What’s New,"Milt Jackson, Wizard of the Vibes",,,,,,New Orleans Square,Club 33 Dinner [REF],,,00:03:08.825,Milt Jackson,16,End of track seems to go slightly out of sync
Skylark,,,,,,,New Orleans Square,Club 33 Dinner [REF],,,00:03:14.944,Red Norvo,15,
Don’t Take Your Love From Me,Bean Bags,,,,,,New Orleans Square,Club 33 Dinner [REF],,,00:04:49.654,Coleman Hawkins & Milt Jackson,14,Approx. 0.9977x track speed
It’s Wonderful (feat. Connie Jones),If Dreams Come True,,,,,,New Orleans Square,Club 33 Dinner [REF],,,00:05:53.316,Tim Laughlin,13,
Autumn in New York,The Complete Modern Jazz Quartet Prestige & Pablo Recordings,,,,,,New Orleans Square,Club 33 Dinner [REF],,,00:03:37.206,Modern Jazz Quartet,22,Approx. 1.002x track speed
The Peacocks,"Clarinet Road, Vol. 2: The Road to Romance",,,,,,New Orleans Square,Club 33 Dinner [REF],,,00:07:11.879,Evan Christopher,21,
The Nearness of You,Bags of Soul,,,,,,New Orleans Square,Club 33 Dinner [REF],,,00:03:59.912,Milt Jackson,20,Approx. 1.0007x track speed; End of track seems to go slightly out of sync
When It’s Sleepy Time Down South,Do You Know What It Means To Miss New Orleans,,,,,,New Orleans Square,Club 33 Dinner [REF],,,00:02:41.356,Pete Fountain,19,
Lady Day,Lem’s Beat,,,,,,New Orleans Square,Club 33 Dinner [REF],,,00:02:49.846,Lem Winchester Featuring Oliver Nelson,18,
I Cover the Waterfront,Doc Cheatham & Nicholas Payton,,,,,,New Orleans Square,Club 33 Dinner [REF],,,00:04:16.239,Doc Cheatham & Nicholas Payton,28,
Friendly Persuasion,Lem’s Beat,,,,,,New Orleans Square,Club 33 Dinner [REF],,,00:04:08.692,Lem Winchester Featuring Oliver Nelson,27,
The Birth of the Blues,Do You Know What It Means To Miss New Orleans,,,,,,New Orleans Square,Club 33 Dinner [REF],,,00:03:14.991,Pete Fountain,26,
My One and Only Love,"Love Songs, Ballads and Standards",,,,,,New Orleans Square,Club 33 Dinner [REF],,,00:05:06.671,Irvin Mayfield & Ellis Marsalis,25,
I Should Care,Milt Jackson Quartet,,,,,,New Orleans Square,Club 33 Dinner [REF],,,00:04:16.091,Milt Jackson,24,
Sunday Mornings,Delta Bound,,,,,,New Orleans Square,Club 33 Dinner [REF],,,00:06:24.405,Evan Christopher,23,
Rockin’ Chair,Do You Know What It Means To Miss New Orleans,,,,,,New Orleans Square,Club 33 Dinner [REF],,,00:02:50.289,Pete Fountain,29,
I’ve Got a Right To Sing the Blues,Do You Know What It Means To Miss New Orleans,,,,,,New Orleans Square,Club 33 Dinner [REF],,,00:04:38.781,Pete Fountain,33,Truncated to remove applause at ~4:39.305. Final beat is overlaid with starting beat of next track also obscuring beginning of applause.
Stardust,Doc Cheatham & Nicholas Payton,,,,,,New Orleans Square,Club 33 Dinner [REF],,,00:08:39.985,Doc Cheatham & Nicholas Payton,32,
What Is There To Say?,"Easy Like, Vol. 1",,,,,,New Orleans Square,Club 33 Dinner [REF],,,00:03:31.553,Barney Kessel,31,
Do You Know What It Means to Miss New Orleans,"Clarinet Road, Vol. 1: The Road to New Orleans",,,,,,New Orleans Square,Club 33 Dinner [REF],,,00:03:26.463,Evan Christopher,30,
See Loop Notes,,,,,,,New Orleans Square,Club 33 Le Salon Noveau,"StarWarsGalaxysEdge noted: “Le Salon Nouveau features a Yamaha Disklavier (a reproducing piano) playing a mixture of jazz classics with a couple of Disney tunes thrown into the mix. I've noticed that its playback system does not follow the traditional ""loop"" model; rather, tracks can be shuffled and have smooth transitions between each other, almost as if a real person is playing the piano. Additionally, there is a prop instrument placed on each side of the bar — a trumpet and a clarinet — as well as in-ceiling speakers located on both sides of the room, which provide the appropriate trumpet/clarinet piece to whatever song the piano is playing. Although the piano is technically ""live"", there are a few speakers that broadcast the instrument throughout the lounge. All of the music that plays in the lounge was composed for the club”. See MouseBits, https://forums.mousebits.com/threads/club-33-lunchtime-background-music.11036/#post-100037 (2024).",N/A,,,,
Stranger on the Shore,Unreleased,,,,,,Frontierland,Rivers of America v.1,,,,The Royal Street Bachelors,2,
Do You Know What It Means To Miss New Orleans,Unreleased,,,,,,Frontierland,Rivers of America v.1,,,,The Royal Street Bachelors,3,
Frankie and Johnny,Unreleased,,,,,,Frontierland,Rivers of America v.1,,,,The Royal Street Bachelors,4,
Battle Hymn of the Republic (Glory Glory Hallelujah),Unreleased,,,,,,Frontierland,Rivers of America v.1,,,,The Royal Street Bachelors,5,
Bourbon Street Parade,Unreleased,,,,,,Frontierland,Rivers of America v.1,,,,The Royal Street Bachelors,7,
Unknown B,Unreleased,,,,,,Frontierland,Rivers of America v.1,,,,The Royal Street Bachelors,6,
Do You Know What It Means To Miss New Orleans,Unreleased,,,,,,Frontierland,Rivers of America v.1,,,,The Royal Street Bachelors,11,Repeat of earlier track
Zip-a-Dee-Doo-Dah,Unreleased,,,,,,Frontierland,Rivers of America v.1,,,,The Royal Street Bachelors,10,
Little Liza Jane,Unreleased,,,,,,Frontierland,Rivers of America v.1,,,,The Royal Street Bachelors,9,
Struttin' With Some Barbecue,Unreleased,,,,,,Frontierland,Rivers of America v.1,,,,The Royal Street Bachelors,8,
Petite Fleur,Unreleased,,,,,,Frontierland,Rivers of America v.1,,,,The Royal Street Bachelors,15,
Sweet Georgia Brown,Unreleased,,,,,,Frontierland,Rivers of America v.1,,,,The Royal Street Bachelors,14,
Dixie,Unreleased,,,,,,Frontierland,Rivers of America v.1,,,,The Royal Street Bachelors,13,
Just a Closer Walk With Thee,Unreleased,,,,,,Frontierland,Rivers of America v.1,,,,The Royal Street Bachelors,12,
Stranger on the Shore,Unreleased,,,,,,Frontierland,Rivers of America v.1,,,,The Royal Street Bachelors,16,
New Orleans (Hoagy Carmichael),Unreleased,,,,,,Frontierland,Rivers of America v.1,,,,The Royal Street Bachelors,17,
Old Man River,Unreleased,,,,,,Frontierland,Rivers of America v.1,,,,The Royal Street Bachelors,18,
Swanee River (Old Folks at Home),Unreleased,,,,,,Frontierland,Rivers of America v.1,,,,The Royal Street Bachelors,19,
Jambalaya (On the Bayou),Unreleased,,,,,,Frontierland,Rivers of America v.1,,,,The Royal Street Bachelors,20,
Swallow Two-Step,Laisse les jeunes jouer,,,,,,Bayou Country,Louis' Critter Club [REF],,,00:03:51.750,Jambalaya Cajun Band,5,
La Valse Des Cajuns,Quand J'ai Parti,,,,,,Bayou Country,Louis' Critter Club [REF],,,00:03:31.466,David Doucet,6,
Pauvre hobo (Poor Hobo) (Instrumental),La musique chez Mulate's OR Dewey Balfa & Friends,,,,,,Bayou Country,Louis' Critter Club [REF],,,00:01:43.845,Dewey Balfa,7,
Mamou Playboys Special (Instrumental),Friday at Last,,,,,,Bayou Country,Louis' Critter Club [REF],,,00:03:20.823,Steve Riley and The Mamou Playboys,8,Early fade out at 03:21.7
Cypress Island Stomp,"""Cajun Music On The Bayou - Native Music Of Louisiana-La Touche""",,,,,,Bayou Country,Louis' Critter Club [REF],,,00:02:26.161,La Touche,9,
The Corner Post,Best of Steve Riley and the Mamou Playboys,,,,,,Bayou Country,Louis' Critter Club [REF],,,00:02:40.098,Steve Riley and the Mamou Playboys,10,
Mamou Hot Step (Instrumental),Instrumental Collection,,,,,,Bayou Country,Louis' Critter Club [REF],,,00:03:00.706,Jambalaya Cajun Band,11,Starts at 0:02.081 of source track
"Chere tout toute (Instrumental) ",Fait à la main/Souvenirs,,,,,,Bayou Country,Louis' Critter Club [REF],,,00:02:39.336,Dewey Balfa & Friends,12,
You Are My Sunshine,The Treme Brass Band,,,,,,Bayou Country,Louis' Critter Club [REF],,,00:04:01.717,Treme Brass Band,13,
Les veuves de la coulée (Instrumental),Instrumental Collection,,,,,,Bayou Country,Louis' Critter Club [REF],,,00:03:01.806,Jambalaya Cajun Band,14,
J'ai passé devant ta porte (Instrumental),Instrumental Collection,,,,,,Bayou Country,Louis' Critter Club [REF],,,00:03:36.396,Jambalaya Cajun Band,15,
The Patassa Two-Step,The Band Courtbouillon,,,,,,Bayou Country,Louis' Critter Club [REF],,,00:02:46.722,"Wayne Toups, Steve Riley, Wilson Savoy",16,
Zydeco Cha Cha,Tribute Session,,,,,,Bayou Country,Louis' Critter Club [REF],,,00:03:16.818,Terrance Simien,17,
Ye Olde Curiosity Shoppe ANW 2896/07,Victorian Melodrama ANW 2896,,,,"December 23, 2024",,New Orleans Square,Madame Leota's Somewhere Beyond [REF],,,,Chris Warner,4,
Cobweb of Intrigue ANW 3064/01,Woodland Woodwind ANW 3064,,,,"December 23, 2024",,New Orleans Square,Madame Leota's Somewhere Beyond [REF],,,,Chris Warner,5,
Ice Child 2 ANW 1614/13,Magic & Spies ANW 1614,,,,"December 23, 2024",,New Orleans Square,Madame Leota's Somewhere Beyond [REF],,,,"Chris Egan, Trystan Francis",6,
Curious Facts ANW 3176/01,Curiosities ANW 3176,,,,"December 23, 2024",,New Orleans Square,Madame Leota's Somewhere Beyond [REF],,,,Philip Guyler,7,
Weasel Waltz ANW 1666/08,Dramedy 2 ANW 1666,,,,"December 23, 2024",,New Orleans Square,Madame Leota's Somewhere Beyond [REF],,,,"Terry Devine-King, Chris Warner",9,
Another Quirky Case 2 ANW 3176/25,Curiosities ANW 3176,,,,"December 23, 2024",,New Orleans Square,Madame Leota's Somewhere Beyond [REF],,,,Philip Guyler,8,
Winter Waltz ANW 2421/02,Wonderland ANW 2421,,,,"December 23, 2024",,New Orleans Square,Madame Leota's Somewhere Beyond [REF],,,,Lincoln Grounds,12,
Magical Moments 2 ANW 1700/48,Magic & Mystery ANW 1700,,,,"December 23, 2024",,New Orleans Square,Madame Leota's Somewhere Beyond [REF],,,,Paul Mottram,11,
Dislocated Reality ANW 3957/05,Compromising Situations ANW 3957,,,,"December 23, 2024",,New Orleans Square,Madame Leota's Somewhere Beyond [REF],,,,Paul Mottram,10,
Bearded Lady 2 2757/19,Time Traveller ANW 2757,,,,"December 23, 2024",,New Orleans Square,Madame Leota's Somewhere Beyond [REF],,,,David O'Brien,14,
Etiquette ANW 1827/08,Thematic Drama ANW 1827,,,,"December 23, 2024",,New Orleans Square,Madame Leota's Somewhere Beyond [REF],,,,"David Tobin, Jeff Meegan",13,
Gonna Take You There,Music from Tiana’s Bayou Adventure,,,,,,Bayou Country,Tiana's Bayou Adventure queue [REF],"This loop is audible throughout the exterior and interior queue of Tiana’s Bayou Adventure. The loop presented as a radio show hosted by an unseen announcer. The announcements reference local businesses featured in the queue and attraction. The announcer also transitions between fictional bands and songs on the ""live"" broadcast, featuring performances from the Blue Bayou Horn Blowers, Riverbank Royals, Blue Sky Social Club, Hot Sauce 7, and Claiborne Avenue Cats. In actuality, the music was arranged and/or played by many modern New Orleans-based musicians, including Charlie Gabriel, Leah Chase-Kamata, Preservation Hall Jazz Band, and Dirty Dozen Brass Band. Tracklist compiled by SSrustworthy based on a live reference recording by pixelated. See MouseBits, https://forums.mousebits.com/threads/tianas-bayou-adventure-queue.11093/ (2025).",01:18:05.336,00:03:10.728,Terrance Simien,1,Distortion audible in source track
Down in New Orleans,Music from Tiana’s Bayou Adventure,,,,,,Bayou Country,Tiana's Bayou Adventure queue [REF],,,00:03:48.961,Victor Goines,2,
Do You Know What It Means to Miss New Orleans (Vocal Version),Music from Tiana’s Bayou Adventure,,,,,,Bayou Country,Tiana's Bayou Adventure queue [REF],,,00:02:48.155,Leah Chase,3,
Li'l Liza Jane,Music from Tiana’s Bayou Adventure,,,,,,Bayou Country,Tiana's Bayou Adventure queue [REF],,,00:03:23.200,Herlin Riley,4,
Ma Belle Evangeline,Music from Tiana’s Bayou Adventure,,,,,,Bayou Country,Tiana's Bayou Adventure queue [REF],,,00:02:09.619,Terence Blanchard,5,
St. James Infirmary,Music from Tiana’s Bayou Adventure,,,,,,Bayou Country,Tiana's Bayou Adventure queue [REF],,,00:04:44.628,"Ronell Johnson, Mark Braud",6,
Basin Street Blues,Music from Tiana’s Bayou Adventure,,,,,,Bayou Country,Tiana's Bayou Adventure queue [REF],,,00:03:54.206,Terence Blanchard,7,
When We're Human,Music from Tiana’s Bayou Adventure,,,,,,Bayou Country,Tiana's Bayou Adventure queue [REF],,,00:02:24.946,Terence Blanchard,8,
It Ain't My Fault,Music from Tiana’s Bayou Adventure,,,,,,Bayou Country,Tiana's Bayou Adventure queue [REF],,,00:05:17.835,Tiana's Bayou Adventure - Cast,18,Fade in at 0:02.589 of source track
They All Ask'd for You,Music from Tiana’s Bayou Adventure,,,,,,Bayou Country,Tiana's Bayou Adventure queue [REF],,,00:04:37.201,The Dirty Dozen Brass Band,17,
The Second Line,Music from Tiana’s Bayou Adventure,,,,,,Bayou Country,Tiana's Bayou Adventure queue [REF],,,00:05:24.615,Julian Gosin,16,
Tailgate Ramble,Music from Tiana’s Bayou Adventure,,,,,,Bayou Country,Tiana's Bayou Adventure queue [REF],,,00:03:47.199,Charlie Gabriel,15,
Eh La Bas,Music from Tiana’s Bayou Adventure,,,,,,Bayou Country,Tiana's Bayou Adventure queue [REF],,,00:03:43.172,Ronell Johnson,14,
Louisiana Fairytale,Music from Tiana’s Bayou Adventure,,,,,,Bayou Country,Tiana's Bayou Adventure queue [REF],,,00:03:45.904,Clint Maedgen,13,
Doctor Jazz,Music from Tiana’s Bayou Adventure,,,,,,Bayou Country,Tiana's Bayou Adventure queue [REF],,,00:05:11.427,"Kyle Roussel, Mark Braud",12,
Bourbon Street Parade,Music from Tiana’s Bayou Adventure,,,,,,Bayou Country,Tiana's Bayou Adventure queue [REF],,,00:06:08.693,Mark Braud,11,
Big Chief,Music from Tiana’s Bayou Adventure,,,,,,Bayou Country,Tiana's Bayou Adventure queue [REF],,,00:02:56.095,"Kyle Roussel, Ivan Neville",10,
Frankie and Johnny,Unreleased,,,,,,Bayou Country,Tiana's Bayou Adventure queue [REF],,,00:03:05.932,,9,"Solo piano with drum accompaniment. While the specific recording of ""Frankie and Johnny"" is unreleased, the featured pianist on the queue track, Kyle Roussel, released a cover of the song on his album ""Nola À La Mode."" While the recording is not note-for-note identical to his playing used recorded for the queue music, it's definitely the same arrangement and worth checking out."
Unknown A,Unreleased,,,,,,Frontierland,Frontier Landing,"The Frontier Landing, that is, the dock of the Mark Twain and SS Columbia, has speakers that can play a short loop of recorded tracks from the Wurlitzer model LX orchestrion previously stationed on the dock. These tracks would have been from APP (automatic player_ rolls. A cast member can turn this music on upon request (although they may be confused when you first ask). Tracklist compiled by SSrustworthy based on a 2025 recording. See MouseBits, https://forums.mousebits.com/threads/the-music-of-the-mark-twain-riverboat.10846/.",00:16:30.078,,,1,
Unknown B,Unreleased,,,,,,Frontierland,Frontier Landing,,,,,2,
Unknown C,Unreleased,,,,,,Frontierland,Frontier Landing,,,,,3,
Unknown D,Unreleased,,,,,,Frontierland,Frontier Landing,,,,,4,
Unknown E,Unreleased,,,,,,Frontierland,Frontier Landing,,,,,5,
"Five Foot Two, Eyes of Blue (Has Anybody Seen My Girl?)",Unreleased,,,,,,Frontierland,Frontier Landing,,,,,6,
Unknown F,Unreleased,,,,,,Frontierland,Frontier Landing,,,,,7,
Unknown G,Unreleased,,,,,,Frontierland,Frontier Landing,,,,,8,
Unknown H,Unreleased,,,,,,Frontierland,Frontier Landing,,,,,9,
Unknown I,Unreleased,,,,,,Frontierland,Frontier Landing,,,,,10,
Dancin' With a Debutante,Mr. Rhythmist Goes To Town,,,,,,Mickey's Toontown,EngineEAR Souvenirs [REF],"This loop has played in the EngineEAR Souvenirs store since its opening on March 10th, 2023. It has significant overlap with the Buena Vista Street and original Mickey’s Toontown loops. Train SFX are interspersed between almost all tracks. Tracklist compiled by SSrustworthy. See MouseBits, Re: https://forums.mousebits.com/threads/engineear-souvenirs.11096/(2025).",01:18:42.456,Also in Buena Vista Street loop,"Mora's Modern
  Rhythmists",1,
Camping Out,Walt Disney World Forever (WDWF),,,,,,Mickey's Toontown,EngineEAR Souvenirs [REF],,,,Mickey's Toontown Fair,2,
"Business in ""F""",Shaking The Blues Away,,,,,,Mickey's Toontown,EngineEAR Souvenirs [REF],,,Also in Buena Vista Street loop,Crazy Rhythm Hot Society Orchestra,3,
Chattanooga Choo Choo,,,,,,,Mickey's Toontown,EngineEAR Souvenirs [REF],,,2:46 version,Buddy Bregman & His Orchestra,4,
Playful Pluto,Walt Disney World Forever (WDWF),,,,,,Mickey's Toontown,EngineEAR Souvenirs [REF],,,,Mickey's Toontown Fair,5,
Twentieth Century Closet,20th Century Closet,,,,,,Mickey's Toontown,EngineEAR Souvenirs [REF],,,,Mora's Modern Swingtet,6,
Big John's Special,Mr. Rhythmist Goes to Town,,,,,,Mickey's Toontown,EngineEAR Souvenirs [REF],,,,Mora's Modern Rhythmists,7,
Ma! (He's Makin' Eyes At Me),One Hour With You,,,,,,Mickey's Toontown,EngineEAR Souvenirs [REF],,,,Crazy Rhythm Hot Society,8,
Stompology,20th Century Closet,,,,,,Mickey's Toontown,EngineEAR Souvenirs [REF],,,,Mora's Modern Swingtet,9,
The Three Little Pigs,Walt Disney World Forever (WDWF),,,,,,Mickey's Toontown,EngineEAR Souvenirs [REF],,,,Mickey's Toontown Fair,10,
Oh Lady Be Good,Swingin' the Century,,,,,,Mickey's Toontown,EngineEAR Souvenirs [REF],,,,Bill Elliott Swing Orchestra,11,
Shaking the Blues Away,Shaking the Blues Away,,,,,,Mickey's Toontown,EngineEAR Souvenirs [REF],,,Also in Buena Vista Street loop,Crazy Rhythm Hot Society Orchestra,12,
Peter Tambourine,The Music Of Raymond Scott: Reckless Nights And Turkish Twilights (1992),,,,,,Mickey's Toontown,EngineEAR Souvenirs [REF],,,Edited to include 0:03.808 - 0:44.963. Playback rate 1.011x,Raymond Scott,13,
Syncopated Clock,The Leroy Anderson Collection,,,,,,Mickey's Toontown,EngineEAR Souvenirs [REF],,,,Leroy Anderson and His Orchestra,14,
Henderson Stomp,Rhapsody in Blue,,,,,,Mickey's Toontown,EngineEAR Souvenirs [REF],,,Also in Buena Vista Street loop,Crazy Rhythm Hot Society Orchestra,15,
Funny Little Bunnies,Walt Disney World Forever (WDWF),,,,,,Mickey's Toontown,EngineEAR Souvenirs [REF],,,,Mickey's Toontown Fair,16,
Get Happy,"Goblin Market (The Arrangements of Lyle ""Spud"" Murphy 1928-1937)",,,,,,Mickey's Toontown,EngineEAR Souvenirs [REF],,,Also in Buena Vista Street loop,Mora's Modern Rhythmists,17,
Donald Duck Themes,Walt Disney World Forever (WDWF) OR Disneyland Forever (DLF),,,,,,Mickey's Toontown,EngineEAR Souvenirs [REF],,,,,18,
Bird of Paradise,"Goblin Market (The Arrangements of Lyle ""Spud"" Murphy 1928-1937)",,,,,,Mickey's Toontown,EngineEAR Souvenirs [REF],,,No audible train SFX prior to track,Mora's Modern Rhythmists,19,
Strike Up The Band,Essential Works (1937-1960),,,,,,Mickey's Toontown,EngineEAR Souvenirs [REF],,,,Raymond Scott,20,
Dancin' With a Debutante,Mr. Rhythmist Goes To Town,,,,,,Mickey's Toontown,EngineEAR Souvenirs [REF],,,Duplicated; Also in Buena Vista Street loop. No audible train SFX prior to track,Mora's Modern Rhythmists,21,
Goofy's Theme,Walt Disney World Forever (WDWF) OR Disneyland Forever (DLF),,,,,,Mickey's Toontown,EngineEAR Souvenirs [REF],,,,,22,
Burnin' The Iceberg,Rhapsody in Blue,,,,,,Mickey's Toontown,EngineEAR Souvenirs [REF],,,,Crazy Rhythm Hot Society Orchestra,23,
Railroad Rag,Summer Magic OST,,,,,,Mickey's Toontown,EngineEAR Souvenirs [REF],,,,Various Artists,24,
Auto Parts Harmonic,Walt Disney and the 1964 World's Fair,,,,,,Mickey's Toontown,EngineEAR Souvenirs [REF],,,Also in Buena Vista Street loop,George Bruns,25,
Swingin' The Century,Swingin' The Century,,,,,,Mickey's Toontown,EngineEAR Souvenirs [REF],,,,Bill Elliott Swing Orchestra,26,
My Baby Just Cares For Me,Shaking the Blues Away,,,,,,Mickey's Toontown,EngineEAR Souvenirs [REF],,,,Crazy Rhythm Hot Society Orchestra,27,
Rockin' in Rhythm,Stardust,,,,,,Mickey's Toontown,EngineEAR Souvenirs [REF],,,Also in Buena Vista Street loop. Edited to include start - 1:33.972. Begin fade out at 1:30.818,Royal Society Jazz Orchestra,28,
Little Toot,Walt Disney World Forever (WDWF) OR Disneyland Forever (DLF),,,,,,Mickey's Toontown,EngineEAR Souvenirs [REF],,,Edited to include start - 1:11.136,,29,
Hep Hop,Swingin' the Century,,,,,,Mickey's Toontown,EngineEAR Souvenirs [REF],,,,Bill Elliott Swing Orchestra,30,
Dixie Walker,Viper's Drag,,,,"May 2, 2025",,New Orleans Square,Port Royal Jazz Club [INC],,,,Henry Butler and Steven Bernstein,46,
You're Lucky To Me,Thanks a Million,,,,"May 2, 2025",,New Orleans Square,Port Royal Jazz Club [INC],,,,"Bob Barnard, John Sheridan",45,
Lady Be Good,James Andrews and Trombone Shorty Brothers,,,,"May 2, 2025",,New Orleans Square,Port Royal Jazz Club [INC],,,,"Trombone Shorty, Stanton Moore, James Andrews, Mark Brooks",44,
Bourbon Street Parade,Paul Barbarin & His New Orleans Band,,,,"May 2, 2025",,New Orleans Square,Port Royal Jazz Club [INC],,,,Paul Barbarin & His New Orleans Band,43,
Bogalusa Strut,Swing This,,,,"May 2, 2025",,New Orleans Square,Port Royal Jazz Club [INC],,,,"Kermit Ruffins, the Barbecue Swingers",42,
Basin Street Blues,"Clarinet Road, Vol. 1: The Road to New Orleans",,,,"May 2, 2025",,New Orleans Square,Port Royal Jazz Club [INC],,,,Evan Christopher,41,
Blue And Broken Hearted,Pete Fountain Presents The Best of Dixieland: Al Hirt,,,,"May 2, 2025",,New Orleans Square,Port Royal Jazz Club [INC],,,,Al Hirt,40,
Delta Bound,Delta Bound,,,,"May 2, 2025",,New Orleans Square,Port Royal Jazz Club [INC],,,,"Evan Christopher, Dick Hyman, Shannon Powell, Bill Huntington",39,Edited
Snowball,THE NEW ORLEANS ALBUM,,,,"May 2, 2025",,New Orleans Square,Port Royal Jazz Club [INC],,,,Dirty Dozen Brass Band,38,
That's A Plenty,Do You Know What It Means To Miss New Orleans,,,,"May 2, 2025",,New Orleans Square,Port Royal Jazz Club [INC],,,,Pete Fountain,37,
Wang Wang Blues,Do You Know What It Means To Miss New Orleans,,,,"May 2, 2025",,New Orleans Square,Port Royal Jazz Club [INC],,,,Pete Fountain,36,
You'd Be So Nice to Come To,Concierto (CTI Records 40th Anniversary Edition),,,,"May 2, 2025",,New Orleans Square,Port Royal Jazz Club [INC],,,,Jim Hall,35,
Kiss Me Sweet,Delta Bound,,,,"May 2, 2025",,New Orleans Square,Port Royal Jazz Club [INC],,,,"Evan Christopher, Dick Hyman, Shannon Powell, Bill Huntington",34,
Canal Street Blues,New Year's at the Village Vanguard,,,,"May 2, 2025",,New Orleans Square,Port Royal Jazz Club [INC],,,,Michael White,33,
Out Of Nowhere,Doc Cheatham and Nicholas Payton,,,,"May 2, 2025",,New Orleans Square,Port Royal Jazz Club [INC],,,,Doc Cheatham and Nicholas Payton,32,
Rampart Street Ramble,Delta Bound,,,,"May 2, 2025",,New Orleans Square,Port Royal Jazz Club [INC],,,,"Evan Christopher, Dick Hyman, Shannon Powell, Bill Huntington",31,
When the Saints Go Marching In,A Beautiful World,,,,"May 2, 2025",,New Orleans Square,Port Royal Jazz Club [INC],,,,"Irvin Mayfield, Kermit Ruffins",30,
Basin Street Blues,Dixieland Blues,,,,"May 2, 2025",,New Orleans Square,Port Royal Jazz Club [INC],,,,Johnny Maddox,29,
Black And Blue,Doc Cheatham and Nicholas Payton,,,,"May 2, 2025",,New Orleans Square,Port Royal Jazz Club [INC],,,,Doc Cheatham and Nicholas Payton,28,
Bright Mississippi,The Bright Mississippi,,,,"May 2, 2025",,New Orleans Square,Port Royal Jazz Club [INC],,,,Allen Toussaint,27,
Just Friends,My Last Chance,,,,"May 2, 2025",,New Orleans Square,Port Royal Jazz Club [INC],,,,Lem Winchester,26,
Gone With The Wind,The Swinging Guitar Of Tal Farlow,,,,"May 2, 2025",,New Orleans Square,Port Royal Jazz Club [INC],,,,Tal Farlow,25,
Just Playin’,A Beautiful World,,,,"May 2, 2025",,New Orleans Square,Port Royal Jazz Club [INC],,,,Irvin Mayfield and Kermit Ruffins,24,
Blue Drag,The Bright Mississippi,,,,"May 2, 2025",,New Orleans Square,Port Royal Jazz Club [INC],,,,Allen Toussaint,23,
Sweethearts On Parade,Do You Know What It Means To Miss New Orleans,,,,"May 2, 2025",,New Orleans Square,Port Royal Jazz Club [INC],,,,Pete Fountain,22,
Ooh La La (Danse Créole),Blue Crescent,,,,"May 2, 2025",,New Orleans Square,Port Royal Jazz Club [INC],,,,Dr. Michael White,21,
Summertime,The End of the Beginning,,,,"May 2, 2025",,New Orleans Square,Port Royal Jazz Club [INC],,,,Troy Andrews Quintet,20,
Someday Sweetheart,Do You Know What It Means To Miss New Orleans,,,,"May 2, 2025",,New Orleans Square,Port Royal Jazz Club [INC],,,,Pete Fountain,19,
Louisiana,To Swing or Not To Swing,,,,"May 2, 2025",,New Orleans Square,Port Royal Jazz Club [INC],,,,Barney Kessel,18,
Don't Get Around Much Anymore,Wizard of the Vibes,,,,"May 2, 2025",,New Orleans Square,Port Royal Jazz Club [INC],,,,Milt Jackson,17,
Like Someone in Love,The Swinging Guitar Of Tal Farlow,,,,"May 2, 2025",,New Orleans Square,Port Royal Jazz Club [INC],,,,Tal Farlow,16,
Georgia,James Andrews and Trombone Shorty Brothers,,,,"May 2, 2025",,New Orleans Square,Port Royal Jazz Club [INC],,,,"Trombone Shorty, Stanton Moore, James Andrews, Mark Brooks",15,
Ja-Da,Do You Know What It Means To Miss New Orleans,,,,"May 2, 2025",,New Orleans Square,Port Royal Jazz Club [INC],,,,Pete Fountain,14,
Bags' Groove,Wizard of the Vibes,,,,"May 2, 2025",,New Orleans Square,Port Royal Jazz Club [INC],,,,Milt Jackson,13,
Beale Street Blues,Dixieland Blues,,,,"May 2, 2025",,New Orleans Square,Port Royal Jazz Club [INC],,,,Johnny Maddox,12,
Way Down Yonder in New Orleans,"Clarinet Road, Vol. 1: The Road to New Orleans",,,,"May 2, 2025",,New Orleans Square,Port Royal Jazz Club [INC],,,,Evan Christopher,11,
Jambalaya,"Adventures in New Orleans Jazz, Part 2",,,,"May 2, 2025",,New Orleans Square,Port Royal Jazz Club [INC],,,,Michael White,10,
When The Saints Go Marching In,New Orleans All Stars,,,,"May 2, 2025",,New Orleans Square,Port Royal Jazz Club [INC],,,,Pete Fountain,9,
Alligator Hop,Caution Hot!,,,,"May 2, 2025",,New Orleans Square,Port Royal Jazz Club [INC],,,,Bourbon Street Stompers,8,
Crescent City Calypso,Blue Crescent,,,,"May 2, 2025",,New Orleans Square,Port Royal Jazz Club [INC],,,,Michael White,7,
Almost There,The Circle Sessions: The Music of Carthay Circle,,,,"May 2, 2025",,New Orleans Square,Port Royal Jazz Club [INC],,,,The Circle Session Players,6,
You Are My Sunshine,The Treme Brass Band,,,,"May 2, 2025",,New Orleans Square,Port Royal Jazz Club [INC],,,,The Treme Brass Band,5,
Way Down Yonder In New Orleans,Eleven,,,,"May 2, 2025",,New Orleans Square,Port Royal Jazz Club [INC],,,,"Harry Connick, Jr",4,
Skokiaan,Men of Steam,,,,"May 2, 2025",,New Orleans Square,Port Royal Jazz Club [INC],,,,The Bourbon Street Stompers,3,
New Orleans Bounce (Out of the Woods),Dancing In The Sky,,,,"May 2, 2025",,New Orleans Square,Port Royal Jazz Club [INC],,,,Dr. Michael White,2,
Kidd Jordan's Second Line,THE NEW ORLEANS ALBUM,,,,"May 2, 2025",,New Orleans Square,Port Royal Jazz Club [INC],"This loop played inside the Port Royal Jazz Club, which serves as a seating area for the Royal Street Veranda. It replaced the Port Royal Curios and Curiosities Shop on May 2, 2025, but as of July 8, 2025, has reverted to the original shop. The loop is incomplete. It shares many tracks in common with the Club 33 loops. An initial tracklist was compiled by pixelated, SSrustworthy and RocketRodsXPR (MouseCord, 2025) based on live reference recordings by pixelated and Daps Magic. See MouseBits, https://forums.mousebits.com/threads/port-royal-jazz-club.11162/ (2025).",> 3.5 hours,,Dirty Dozen Brass Band,1,
Mickey Mouse March,Unreleased,,,,,,Main Street U.S.A.,Plaza Inn Minnie and Friends Breakfast in the Park v.2 [REF],"This loop plays in the Plaza Inn seating area for Minnie and Friends Breakfast in the Park. Tracklist compiled by SSrustworthy based on a reference recording from 2025. This is likely a newer (2020) iteration of the previous loop that omits any references to “Zip-a-Dee-Doo-Dah”. See Mousebits, https://forums.mousebits.com/threads/plaza-inn-minnie-and-friends-breakfast-in-the-park-v-2.11141/ (2025).",00:50:04.705,,,1,"From a set of Japanese “Disney March” style tracks associated with WDW’s Magical Express, Goofy’s Kitchen, and DTDD’s Disney’s Wonderful World of Sweets."
“it’s a small world”,Unreleased,,,,,,Main Street U.S.A.,Plaza Inn Minnie and Friends Breakfast in the Park v.2 [REF],,,,,2,"From a set of Japanese “Disney March” style tracks associated with WDW’s Magical Express, Goofy’s Kitchen, and DTDD’s Disney’s Wonderful World of Sweets."
Minnie’s Yoo Hoo,Unreleased,,,,,,Main Street U.S.A.,Plaza Inn Minnie and Friends Breakfast in the Park v.2 [REF],,,,,3,"From a set of Japanese “Disney March” style tracks associated with WDW’s Magical Express, Goofy’s Kitchen, and DTDD’s Disney’s Wonderful World of Sweets."
March of the Cards,Unreleased,,,,,,Main Street U.S.A.,Plaza Inn Minnie and Friends Breakfast in the Park v.2 [REF],,,,,4,Extended version of the DLF track from the Main Gates ‘92 loop.
You Can Fly! You Can Fly! You Can Fly!,Unreleased,,,,,,Main Street U.S.A.,Plaza Inn Minnie and Friends Breakfast in the Park v.2 [REF],,,,,5,"From a set of Japanese “Disney March” style tracks associated with WDW’s Magical Express, Goofy’s Kitchen, and DTDD’s Disney’s Wonderful World of Sweets."
Alice in Wonderland,Unreleased,,,,,,Main Street U.S.A.,Plaza Inn Minnie and Friends Breakfast in the Park v.2 [REF],,,,,6,"From a set of Japanese “Disney March” style tracks associated with WDW’s Magical Express, Goofy’s Kitchen, and DTDD’s Disney’s Wonderful World of Sweets."
Supercalifragilisticexpialidocious,Disney's Orchestra Collection Vol. 3,,,,,,Main Street U.S.A.,Plaza Inn Minnie and Friends Breakfast in the Park v.2 [REF],,,,Neverland Orchestra,7,
Heigh Ho,Disney's Orchestra Collection Vol. 1,,,,,,Main Street U.S.A.,Plaza Inn Minnie and Friends Breakfast in the Park v.2 [REF],,,,Neverland Orchestra,8,Edited
Who’s Afraid of the Big Bad Wolf?,Disney's Orchestra Collection Vol. 1,,,,,,Main Street U.S.A.,Plaza Inn Minnie and Friends Breakfast in the Park v.2 [REF],,,,Neverland Orchestra,9,Edited
Be Our Guest,Disney's Orchestra Collection Vol. 1,,,,,,Main Street U.S.A.,Plaza Inn Minnie and Friends Breakfast in the Park v.2 [REF],,,,Neverland Orchestra,10,Edited
A Spoonful of Sugar,Disney's Orchestra Collection Vol. 1,,,,,,Main Street U.S.A.,Plaza Inn Minnie and Friends Breakfast in the Park v.2 [REF],,,,Neverland Orchestra,11,
Casey Junior,Disney's Orchestra Collection Vol. 3,,,,,,Main Street U.S.A.,Plaza Inn Minnie and Friends Breakfast in the Park v.2 [REF],,,,Neverland Orchestra,12,Edited
Under the Sea,Disney's Orchestra Collection Vol. 3,,,,,,Main Street U.S.A.,Plaza Inn Minnie and Friends Breakfast in the Park v.2 [REF],,,,Neverland Orchestra,13,
When You Wish Upon a Star,Unreleased,,,,,,Main Street U.S.A.,Plaza Inn Minnie and Friends Breakfast in the Park v.2 [REF],,,,,14,"From a set of Japanese “Disney March” style tracks associated with WDW’s Magical Express, Goofy’s Kitchen, and DTDD’s Disney’s Wonderful World of Sweets."
Following the Leader,Disney's Orchestra Collection Vol. 3,,,,,,Main Street U.S.A.,Plaza Inn Minnie and Friends Breakfast in the Park v.2 [REF],,,,Neverland Orchestra,15,
Bibbidi Bobbidi Boo,Unreleased,,,,,,Main Street U.S.A.,Plaza Inn Minnie and Friends Breakfast in the Park v.2 [REF],,,,,16,"From a set of Japanese “Disney March” style tracks associated with WDW’s Magical Express, Goofy’s Kitchen, and DTDD’s Disney’s Wonderful World of Sweets."
Whistle While You Work,Unreleased,,,,,,Main Street U.S.A.,Plaza Inn Minnie and Friends Breakfast in the Park v.2 [REF],,,,,17,"From a set of Japanese “Disney March” style tracks associated with WDW’s Magical Express, Goofy’s Kitchen, and DTDD’s Disney’s Wonderful World of Sweets."
Supercalifragilisticexpialidocious,Unreleased,,,,,,Main Street U.S.A.,Plaza Inn Minnie and Friends Breakfast in the Park v.2 [REF],,,,,18,Unknown origins
Medley: Heigh Ho - Be Our Guest - it's a small world - Zip a dee doo dah - Minnie's Yoo Hoo - it's a small world,Unreleased,,,,,,Main Street U.S.A.,Plaza Inn Minnie and Friends Breakfast in the Park v.2 [REF],,,,,19,"Fast, upbeat/pop medley of unknown origins. Overlaid by welcome announcement during part of the medley"
Songs from Winnie the Pooh (Album Version),Walt Disney World Band,,,,,,Main Street U.S.A.,Plaza Inn Minnie and Friends Breakfast in the Park v.2 [REF],,,,Walt Disney World Band,20,Edited
Oyin Momo Ado (Oh-Yin-Maw-Maw-Ah-Dough),Drums of Passion,,,,,,Adventureland,Jungle Cruise Queue v.1,,,,Olatunji!,2,"Note, the rerelease fades out early compared to the LP release."
Akiwiwi (Chant to the Trainman),Drums of Passion,,,,,,Adventureland,Jungle Cruise Queue v.1,,,,Olatunji!,3,
Oya (Primitive Fire),Drums of Passion,,,,,,Adventureland,Jungle Cruise Queue v.1,,,,Olatunji!,4,
Ayinde,More Drums of Passion,,,,,,Adventureland,Jungle Cruise Queue v.1,,,,Olatunji,5,
Mbira,More Drums of Passion,,,,,,Adventureland,Jungle Cruise Queue v.1,,,,Olatunji,6,
Frekoba,More Drums of Passion,,,,,,Adventureland,Jungle Cruise Queue v.1,,,,Olatunji,7,
Unknown A,,,,,,,Adventureland,Jungle Cruise Queue v.1,,,,,8,
Unknown B,,,,,,,Adventureland,Jungle Cruise Queue v.1,,,,,9,
Unknown C,,,,,,,Adventureland,Jungle Cruise Queue v.1,,,,,10,
Unknown D,,,,,,,Adventureland,Jungle Cruise Queue v.1,,,,,11,
Unknown E,,,,,,,Adventureland,Jungle Cruise Queue v.1,,,,,12,
Unknown,,,,,,,Fantasyland,"Captain Hook's Galley [INC], Skull Rock [INC]",,,,,3,Also sounds like a track by Olle Johnny
March (1),Karussells of Europe: Belgium & Germany,,,3,,,Main Street U.S.A.,Emporium plush toy department [REF],,,,,2,
Weinerbitz Galop,Orchestrion Favorites from the Frick,,,,,,Main Street U.S.A.,Emporium plush toy department [REF],,,,Kovacs,3,
Father of Victory,Karussells of Europe: Belgium & Germany,,,,,,Main Street U.S.A.,Emporium plush toy department [REF],,,,,4,
Yankiana March and Two-Step,Orchestrion Favorites from the Frick,,,,,,Main Street U.S.A.,Emporium plush toy department [REF],,,,Loftis,5,
Volunteer,Karussells of Europe: Belgium & Germany,,,,,,Main Street U.S.A.,Emporium plush toy department [REF],,,,,6,
On Jersey Shore,Orchestrion Favorites from the Frick,,,,,,Main Street U.S.A.,Emporium plush toy department [REF],,,,attributed to Pryor,7,
March (2),Karussells of Europe: Belgium & Germany,,,7,,,Main Street U.S.A.,Emporium plush toy department [REF],,,,,8,
In the Lead March,Orchestrion Favorites from the Frick,,,,,,Main Street U.S.A.,Emporium plush toy department [REF],,,,Frantzen,9,
"March (3) ",Karussells of Europe: Belgium & Germany,,,9,,,Main Street U.S.A.,Emporium plush toy department [REF],,,,,10,
Leben heisst geniessen Galop,Orchestrion Favorites from the Frick,,,,,,Main Street U.S.A.,Emporium plush toy department [REF],,,,Ziehrer,11,
"Yes Sir, That's My Baby",Karussells of Europe: Belgium & Germany,,,,,,Main Street U.S.A.,Emporium plush toy department [REF],,,,,12,
"Columbia, Medley March",Orchestrion Favorites from the Frick,,,,,,Main Street U.S.A.,Emporium plush toy department [REF],,,,Brooks,13,
Spirit of Liberty March,Karussells of Europe: Belgium & Germany,,,,,,Main Street U.S.A.,Emporium plush toy department [REF],,,,,14,
Bride Elect Waltz,Orchestrion Favorites from the Frick,,,,,,Main Street U.S.A.,Emporium plush toy department [REF],,,,Sousa,15,
Honeymoon March,Karussells of Europe: Belgium & Germany,,,,,,Main Street U.S.A.,Emporium plush toy department [REF],,,,,16,
Ragtime,Karussells of Europe: Belgium & Germany,,,,,,Main Street U.S.A.,Emporium plush toy department [REF],,,,,17,
Broadway Rag,Orchestrion Favorites from the Frick,,,,,,Main Street U.S.A.,Emporium plush toy department [REF],,,,Nieman,18,
Billboard March,Karussells of Europe: Belgium & Germany,,,,,,Main Street U.S.A.,Emporium plush toy department [REF],,,,,19,
Canteen Culture,Canteen Culture,,,,,,Tomorrowland,Disney Vacation Club Star View Station Member Lounge [INC],"This loop plays in the Star View Station Member Lounge on the Second floor of the Star Wars Launch Bay, which opened in April 2023. A few tracks have been identified via YouTube videos. See MouseBits, https://forums.mousebits.com/threads/disney-vacation-club-star-view-station-member-lounge.11159/ (2025). ",Unknown,,Athletic Progression,1,https://www.youtube.com/live/f4nCFH_blEk
Pools,Pools,,,,,,Tomorrowland,Disney Vacation Club Star View Station Member Lounge [INC],,,,"lechiffrebeats, sleen.",2,https://www.youtube.com/live/f4nCFH_blEk
People on Sunday,People On Sunday,,,,,,Tomorrowland,Disney Vacation Club Star View Station Member Lounge [INC],,,,Domenique Dumont,3,"https://www.youtube.com/live/f4nCFH_blEk, https://www.youtube.com/watch?v=dCCy-mgBNLw"
The Floating World,Holiday Music,,,,,,Tomorrowland,Disney Vacation Club Star View Station Member Lounge [INC],,,,Dan Gregory and Mama Aiuto,4,https://www.youtube.com/watch?v=dCCy-mgBNLw
Mechanical Advantage,Existenzmaximum,,,,,,Tomorrowland,Disney Vacation Club Star View Station Member Lounge [INC],,,,Datassette,,https://www.youtube.com/watch?v=dAScnEA3wGc
Memphis (feat. ØDYSSEE),Memphis (feat. ØDYSSEE),,,,,,Tomorrowland,Disney Vacation Club Star View Station Member Lounge [INC],,,,"DLJ, Bastien Brison & Nathan Kay",,https://www.youtube.com/watch?v=dAScnEA3wGc
Neptune’s Mood,Still Flute,,,,,,Tomorrowland,Disney Vacation Club Star View Station Member Lounge [INC],,,,Tenderlonious,,https://www.youtube.com/watch?v=dAScnEA3wGc
Jingle Bells,Traditional Brass Band Christmas ANW 1452,,,,,,Fantasyland,Holiday Fun with Santa & Friends! Fantasyland Theatre,"This loop played in the Fantasyland Theatre for the Holiday Fun with Santa & Friends! attraction based in the Fantasyland Theatre. Tracklist compiled by pixelated based on his 2024 and 2025 reference recordings. See MouseBits, https://forums.mousebits.com/threads/disneyland-resort-christmas-loops-3-0.8247/post-100457(2025).",01:04:48.756,,Simon Anderson,1,
March Of The Elves 3773/2 OR March Of The Elves 3 3773/17,Magical Christmas ANW 3773,,,,,,Fantasyland,Holiday Fun with Santa & Friends! Fantasyland Theatre,,,00:02:37.162,Patrick Hawes,2,
We Wish You a Merry Christmas,Deck the Halls,,,,,,Fantasyland,Holiday Fun with Santa & Friends! Fantasyland Theatre,,,00:01:27.837,DCappella,3,
Deck the Halls,Jolly Holiday Big Band,,,,,,Fantasyland,Holiday Fun with Santa & Friends! Fantasyland Theatre,,,00:02:36.282,Pete Coulman Band,4,
Partridge In A Pear Tree 1452/19,Traditional Brass Band Christmas ANW 1452,,,,,,Fantasyland,Holiday Fun with Santa & Friends! Fantasyland Theatre,,,00:03:50.495,Simon Anderson,5,
Filled With Joy 2 3964/8,Merry & Bright ANW 3964,,,,,,Fantasyland,Holiday Fun with Santa & Friends! Fantasyland Theatre,,,00:02:28.268,Jody Jenkins,6,
Caroling Caroling,The Carol Commission: A Christmas Collection,,,,,,Fantasyland,Holiday Fun with Santa & Friends! Fantasyland Theatre,,,00:02:31.363,m-pact,7,
Frosty the Snowman,Disney Swinging Christmas OR In the Christmas Mood,,,,,,Fantasyland,Holiday Fun with Santa & Friends! Fantasyland Theatre,,,00:03:59.016,The Glenn Miller Orchestra,8,
We Three Kings 1452/26,Traditional Brass Band Christmas ANW 1452,,,,,,Fantasyland,Holiday Fun with Santa & Friends! Fantasyland Theatre,,,00:00:57.034,Simon Anderson,9,
King's Christmas 1027/4,All Kinds of Christmas ANW 1027,,,,,,Fantasyland,Holiday Fun with Santa & Friends! Fantasyland Theatre,,,00:02:11.335,Terry Devine-King,10,
Deck the Hall/What Child Is This?,"Yule Songs, Vol. II",,,,,,Fantasyland,Holiday Fun with Santa & Friends! Fantasyland Theatre,,,00:03:03.636,The Swingles,11,
"Let It Snow, Let It Snow, Let It Snow",In the Christmas Mood II,,,,,,Fantasyland,Holiday Fun with Santa & Friends! Fantasyland Theatre,,,00:03:07.474,The Glen Miller Orchestra,12,
Carol of the Bells,The Christmas Album,,,,,,Fantasyland,Holiday Fun with Santa & Friends! Fantasyland Theatre,,,00:01:57.087,Canadian Brass,13,
Waltz Of The Flowers 3094/3 OR Waltz Of The Flowers 2 3094/24,Tchaikovsky Collection ANW 3094 [end cut-off],,,,,,Fantasyland,Holiday Fun with Santa & Friends! Fantasyland Theatre,,,00:01:09.121,"David Tobin, Jeff Meegan, Jennifer Green, Rob Kelly",14,
Donde Esta Santa Claus,Christmas Cheers,,,,,,Fantasyland,Holiday Fun with Santa & Friends! Fantasyland Theatre,,,,Straight No Chaser,15,
I Saw Three Ships,A Canadian Brass Christmas,,,,,,Fantasyland,Holiday Fun with Santa & Friends! Fantasyland Theatre,,,,Canadian Brass,17,
Grand Ballet Overture 3094/6,Tchaikovsky Collection ANW 3094,,,,,,Fantasyland,Holiday Fun with Santa & Friends! Fantasyland Theatre,,,00:02:32.580,"David Tobin, Jeff Meegan, Jennifer Green, Rob Kelly",18,
Let It Snow,Christmas Cheers,,,,,,Fantasyland,Holiday Fun with Santa & Friends! Fantasyland Theatre,,,00:02:59.056,"Straight No
  Chaser",19,
We Wish You a Merry Christmas,Merry Christmas: Brass Music,,,,,,Fantasyland,Holiday Fun with Santa & Friends! Fantasyland Theatre,,,00:01:32.645,The Chicago Brass Quintet,20,
Back In Time For Christmas 3964/7,Merry & Bright ANW 3964,,,,,,Fantasyland,Holiday Fun with Santa & Friends! Fantasyland Theatre,,,00:02:08.423,Jody Jenkins,21,
The Christmas Oratorio,Three Decades of Vocal Music,,,,,,Fantasyland,Holiday Fun with Santa & Friends! Fantasyland Theatre,,,00:04:00.362,The Real Group,22,
(There's No Place Like) Home for the Holidays,In the Christmas Mood,,,,,,Fantasyland,Holiday Fun with Santa & Friends! Fantasyland Theatre,,,00:02:41.291,"The Glenn
  Miller Orchestra",23,
Ding Dong Merrily On High 1452/4,Traditional Brass Band Christmas ANW 1452,,,,,,Fantasyland,Holiday Fun with Santa & Friends! Fantasyland Theatre,,,00:00:38.735,Simon Anderson,24,
Russian Dance 3094/2,Tchaikovsky Collection ANW 3094,,,,,,Fantasyland,Holiday Fun with Santa & Friends! Fantasyland Theatre,,,00:01:53.199,"David Tobin,
  Jeff Meegan, Jennifer Green, Rob Kelly",25,
Deck the Halls,Deck the Halls,,,,,,Fantasyland,Holiday Fun with Santa & Friends! Fantasyland Theatre,,,00:01:35.084,DCappella,26,
Good King Wenceslas,In the Christmas Mood II,,,,,,Fantasyland,Holiday Fun with Santa & Friends! Fantasyland Theatre,,,,"The Glenn
  Miller Orchestra",27,
I Wanna Scare Myself,Boo to You Too! Winnie the Pooh,,,,,,Frontierland,Pioneer Mercantile Halloween,,,00:01:18.969,Tigger,2,
Last Midnight,Into the Woods,,,,,,Frontierland,Pioneer Mercantile Halloween,,,00:03:35.439,Meryl Streep,3,
Trick or Treat for Halloween,Trick or Treat (1952 Donald Duck short),,,,,,Frontierland,Pioneer Mercantile Halloween,,,00:00:49.395,The Mellomen,4,https://www.youtube.com/watch?v=aSkXw1bk_NE
Jack's Lament,The Nightmare Before Christmas,,,,,,Frontierland,Pioneer Mercantile Halloween,,,00:03:28.323,Danny Elfman,5,
It's Halloween-lo-Ween,Disneyland Paris,,,,,,Frontierland,Pioneer Mercantile Halloween,,,00:03:59.891,Cast,6,
Disney's Halloween Treat,Disney's Halloween Treat,,,,,,Frontierland,Pioneer Mercantile Halloween,,,00:01:26.273,,7,
I Put a Spell on You,Hocus Pocus,,,,,,Frontierland,Pioneer Mercantile Halloween,,,00:02:01.406,Bette Midler,8,
The Headless Horseman,The Adventures of Ichabod and Mr Toad,,,,,,Frontierland,Pioneer Mercantile Halloween,,,00:02:48.455,Bing Crosby,9,
Spooky Scary Skeletons,Disney Sing Along Songs: Happy Haunting - Party at Disneyland!,,,,,,Frontierland,Pioneer Mercantile Halloween,,,00:01:52.671,,10,https://www.youtube.com/watch?v=mB6k-5w9pOE
Vive la vie,"Mickey's Halloween Celebration Parade, Disneyland Paris",,,,,,Frontierland,Pioneer Mercantile Halloween,,,00:03:24.677,Cast,11,
Life Hereafter,Muppets Haunted Mansion,,,,,,Frontierland,Pioneer Mercantile Halloween,,,00:03:12.669,The Muppets,12,
Chicken Lips and Lizard Hips,Disney Sing Along Songs: Happy Haunting - Party at Disneyland!,,,,,,Frontierland,Pioneer Mercantile Halloween,,,00:01:54.331,,13,https://www.youtube.com/watch?v=mB6k-5w9pOE
Takin' Over Midnight,"Gravity Falls, episode ""Scary-oke""",,,,,,Frontierland,Pioneer Mercantile Halloween,,,00:01:44.417,"Dipper, Grunkle Stan, and Mabel",14,https://www.youtube.com/watch?v=FER0dgaewzM
Jook,Twenty Dozen,,,,"May 2, 2025",,New Orleans Square,Port Royal Jazz Club [INC],,,,Dirty Dozen Brass Band,47,
Best Of All,Twenty Dozen,,,,"May 2, 2025",,New Orleans Square,Port Royal Jazz Club [INC],,,,Dirty Dozen Brass Band,48,
New Orleans Blues,This Is Jazz,,,,"May 2, 2025",,New Orleans Square,Port Royal Jazz Club [INC],,,,Dirty Dozen Brass Band,49,
Wolverine Blues,Eleven,,,,"May 2, 2025",,New Orleans Square,Port Royal Jazz Club [INC],,,,Harry Connick Jr.,50,
Henry's Boogie,Viper's Drag,,,,"May 2, 2025",,New Orleans Square,Port Royal Jazz Club [INC],,,,"Henry Butler
  & Steven Bernstein",51,
"Ob-La-Di, Ob-La-Da",Unreleased,,,,,,Adventureland,Aladdin's Oasis,,,,,11,
Sleigh Ride,Big Band Christmas,,,,,,Fantasyland,Holiday Fun with Santa & Friends! Fantasyland Theatre,,,,The Chris McDonald Orchestra,16,
"The Big Olive - From ""Hercules""/Score",Hercules OST,,,,,,Fantasyland,Animazement - The Musical Preshow [REF],,,,Alan Menken,3,
"Main Titles - From ""The Little Mermaid""/Score",The Little Mermaid OST,,,,,,Fantasyland,Animazement - The Musical Preshow [REF],,,,Alan Menken,4,
"Wedding Announcement - From ""The Little Mermaid""/Score",The Little Mermaid OST,,,,,,Fantasyland,Animazement - The Musical Preshow [REF],,,,Alan Menken,5,
"Tour of the Kingdom - From ""The Little Mermaid""/Score",The Little Mermaid OST,,,,,,Fantasyland,Animazement - The Musical Preshow [REF],,,,Alan Menken,6,
"West Wing - From ""Beauty and the Beast""/Score",Beauty and the Beast OST,,,,,,Fantasyland,Animazement - The Musical Preshow [REF],,,,Alan Menken,7,
"Transformation - From ""Beauty and the Beast""/Score",Beauty and the Beast OST,,,,,,Fantasyland,Animazement - The Musical Preshow [REF],,,,Alan Menken,8,
"Happy End in Agrabah - From ""Aladdin""/Score",Aladdin OST,,,,,,Fantasyland,Animazement - The Musical Preshow [REF],,,,Alan Menken,9,
"This Land - From ""The Lion King""/Score",The Lion King OST,,,,,,Fantasyland,Animazement - The Musical Preshow [REF],,,,Alan Menken,10,
Into the Sunlight (?),The Hunchback of Notre Dame OST,,,,,,Fantasyland,Animazement - The Musical Preshow [REF],"This loop played at the Fantasyland Theater while audiences took their seats for Animazement - The Musical. The show opened in June 1998 and ran until October 2001. This tracklist is based on a reference recording by RocketRodsXPR. The first two tracks are based on memory. See MouseBits, https://forums.mousebits.com/threads/animazement-the-musical-preshow.11207/ (2026).",~15 min,,Alan Menken,1,
Grandmother Willow (?),Pocahontas OST,,,,,,Fantasyland,Animazement - The Musical Preshow [REF],,,,Alan Menken,2,
Cumberland Gap/A Little Wonder,Put On the Skillet,,,,,,Frontierland,Mark Twain Riverboat v.3,,,,Hilarie Burhans,4,Difficult to hear; plays underneath narration of Mark Twain remembering his youth. Identified by RocketRodsXPR.
Awakening,Sleeping Beauty OST,,,,,,Fantasyland,"Storybook Land Canal Boats Queue v.1, Storybook Land Canal Boats Queue v.2",,,00:01:38.830,"George Bruns, Tchaikovsky",5,Edited
Finale [Instrumental],Sleeping Beauty OST,,,,,,Fantasyland,"Storybook Land Canal Boats Queue v.1, Storybook Land Canal Boats Queue v.2",,,00:01:40.188,"George Bruns, Tchaikovsky",6,This is an instrumental version sans chorus. It has not been officially released.
Epilogue,Frozen (Original Score),,,,,,Fantasyland,Storybook Land Canal Boats Queue v.2,,,00:03:00.807,Christophe Beck,10,
Stompin' At the Savoy,,,,,,,"Frontierland, New Orleans Square",Rivers of America v.0 Daytime,"This loop played for a short time ca. 1994, but prior to 1996, along the riverfront. It is labeled as “Day” and so thought to have played in the daytime. These loops were first mentioned by Magic Music forums user Progressland (Jason Schultz), who received them from correspondence with Eddie Sotto prior to his forum post in 2002, https://community.magicmusic.net/threads/disneyland-music-loops.17/page-2#post-218. SSrustworthy confirmed with Eddie Sotto via personal correspondence that this loop and its nighttime equivalent played in the parks for some time, see MouseBits, https://forums.mousebits.com/threads/eddie-sotto-recent-parks-bgm-correspondence-in-memoriam.11197/ (2025). The source loop files were posted with tracklists on MouseBits, https://forums.mousebits.com/threads/nos-1994-night-and-day-loops-unverified.10878/ (2023). The pair of day/night loops share several tracks.",00:58:42,,George Lewis and the Mustache Stompers,1,
Just A Blues,,,,,,,"Frontierland, New Orleans Square",Rivers of America v.0 Daytime,,,,George Lewis and the Mustache Stompers,2,
Four or Five Times,,,,,,,"Frontierland, New Orleans Square",Rivers of America v.0 Daytime,,,,Kid Ory's Creole Jazz Band,3,
Dead Man Blues,,,,,,,"Frontierland, New Orleans Square",Rivers of America v.0 Daytime,,,,Jelly Roll Morton & His Red Hot Peppers,4,
St. James Infirmary,,,,,,,"Frontierland, New Orleans Square",Rivers of America v.0 Daytime,,,,Kid Ory's Creole Jazz Band,5,
Midnight Mama,Original Jelly Roll Blues,,,,,,"Frontierland, New Orleans Square",Rivers of America v.0 Daytime,,,,James Dapogny's Chicago Jazz Band,6,
Muskrat Ramble,,,,,,,"Frontierland, New Orleans Square",Rivers of America v.0 Daytime,,,,Firehouse Five Plus Two,7,
"Tishomingo Blues ",,,,,,,"Frontierland, New Orleans Square",Rivers of America v.0 Daytime,,,,Firehouse Five Plus Two,8,
Milenberg Joys,Original Jelly Roll Blues,,,,,,"Frontierland, New Orleans Square",Rivers of America v.0 Daytime,,,,James Dapogny's Chicago Jazz Band,9,
Working Man Blues,,,,,,,"Frontierland, New Orleans Square",Rivers of America v.0 Daytime,,,,Firehouse Five Plus Two,10,
Lonesome Mama Blues,,,,,,,"Frontierland, New Orleans Square",Rivers of America v.0 Daytime,,,,Firehouse Five Plus Two,11,
Jazz Me Blues,,,,,,,"Frontierland, New Orleans Square",Rivers of America v.0 Daytime,,,,Firehouse Five Plus Two,12,
Wolverine Blues,Original Jelly Roll Blues,,,,,,"Frontierland, New Orleans Square",Rivers of America v.0 Daytime,,,,James Dapogny's Chicago Jazz Band,13,
Storyville Blues,,,,,,,"Frontierland, New Orleans Square",Rivers of America v.0 Daytime,,,,Firehouse Five Plus Two,14,
Canal Street Blues,,,,,,,"Frontierland, New Orleans Square",Rivers of America v.0 Daytime,,,,Firehouse Five Plus Two,15,
,,,,,,,"Frontierland, New Orleans Square",Rivers of America v.0 Daytime,,,,,,
Just A Blues,,,,,,,New Orleans Square,Rivers of America v.0 Nighttime,"This loop played for a short time ca. 1994, but prior to 1996, along the riverfront. It is labeled as “Night” and so thought to have played in the nighttime. These loops were first mentioned by Magic Music forums user Progressland (Jason Schultz), who received them from correspondence with Eddie Sotto prior to his forum post in 2002, https://community.magicmusic.net/threads/disneyland-music-loops.17/page-2#post-218. SSrustworthy confirmed with Eddie Sotto via personal correspondence that this loop and its nighttime equivalent played in the parks for some time, see MouseBits, https://forums.mousebits.com/threads/eddie-sotto-recent-parks-bgm-correspondence-in-memoriam.11197/ (2025). The source loop files were posted with tracklists on MouseBits, https://forums.mousebits.com/threads/nos-1994-night-and-day-loops-unverified.10878/ (2023). The pair of day/night loops share several tracks.",00:58:39,,George Lewis and The Mustache Stompers,1,
Boogaboo,Original Jelly Roll Blues,,,,,,New Orleans Square,Rivers of America v.0 Nighttime,,,,James Dapogny’s Chicago Jazz Band,2,
Pontchartrain,Original Jelly Roll Blues,,,,,,New Orleans Square,Rivers of America v.0 Nighttime,,,,James Dapogny’s Chicago Jazz Band,3,
Burgundy Street Blues,,,,,,,New Orleans Square,Rivers of America v.0 Nighttime,,,,George Lewis,4,3:03 version
Storyville Blues,,,,,,,New Orleans Square,Rivers of America v.0 Nighttime,,,,Firehouse Five Plus Two,5,
St. James Infirmary,,,,,,,New Orleans Square,Rivers of America v.0 Nighttime,,,,Kid Ory’s Creole Jazz Band,6,
Tishomingo Blues,,,,,,,New Orleans Square,Rivers of America v.0 Nighttime,,,,Firehouse Five Plus Two,7,
Just A Blues,,,,,,,New Orleans Square,Rivers of America v.0 Nighttime,,,,George Lewis and The Mustache Stompers,8,
Yellow Dog Blues,,,,,,,New Orleans Square,Rivers of America v.0 Nighttime,,,,Kid Ory,9,
Tin Roof Blues,,,,,,,New Orleans Square,Rivers of America v.0 Nighttime,,,,Kid Ory’s Creole Jazz Band,10,>6 min version
Dead Man Blues,,,,,,,New Orleans Square,Rivers of America v.0 Nighttime,,,,Jelly Roll Morton & His Red Hot Peppers,11,
Blues in B Flat,,,,,,,New Orleans Square,Rivers of America v.0 Nighttime,,,,George Lewis and The Mustache Stompers,12,
See loop notes,,,,,,,Fantasyland,Bluey's Best Day Ever! interstitial,"This is a collection of music that plays between showings of Bluey’s Best Day Ever at the Fantasyland Theatre, which debuted March 22, 2026. Based on recordings by pixelated, it is possible that these tracks do not loop but rather are played on shuffle. All tracks appear to be underlying scene music from the Bluey animated series that are largely unreleased.",Unknown,,,1,