Track,Album,Album Disc Number,Album Label,Album Track Number,Area,Dates,Holiday/Special Event,Loop,Loop Notes,Loop Total Length,Loop Track Length,Track Artist,Track No.,Track Notes
 A Mother's Heart,Four Corners,,Higher Octave Music,7,Disney's Grand Californian Hotel & Spa,"January 2, 2001",,Grand Californian (daytime exterior),,,00:06:02.503,Craig Chaquico,14,
 Just Dancin' Like Fools,Sun Dance: Summer Solstice - A Windham Hill Collection,,Windham Hill,5,Disney's Grand Californian Hotel & Spa,"January 2, 2001",,Grand Californian (daytime exterior),,,00:04:58.945,Will Ackerman,10,
 Green Mountain Trail,Aloft,,Windham Hill,10,Disney's Grand Californian Hotel & Spa,"January 2, 2001",,Grand Californian (daytime exterior),,,00:03:45.642,Sean Harkness,2,
 I Will Walk With My Children,Sun Dance: Summer Solstice - A Windham Hill Collection,,Windham Hill,6,Disney's Grand Californian Hotel & Spa,"January 2, 2001",,Grand Californian (daytime exterior),,,00:03:24.726,William Coulter,11,
" Summer, from Vivaldi's ""The Four Seasons""",Summer Solstice - A Windham Hill Collection,,Windham Hill,9,Disney's Grand Californian Hotel & Spa,"January 2, 2001",,Grand Californian (daytime exterior),,,00:02:59.593,Tracy Silverman,7,
 Waters of Eden,Rocks the West,,Discipline Global Mobile,6,Disney's Grand Californian Hotel & Spa,"January 2, 2001",,Grand Californian (daytime exterior),,,00:04:26.511,California Guitar Trio,3,
 Driving,Sound of Wind Driven Rain,,Windham Hill,3,Disney's Grand Californian Hotel & Spa,"January 2, 2001",,Grand Californian (daytime exterior),,,00:05:32.934,Will Ackerman,13,
 Summer Solstice,Summer Solstice - A Windham Hill Collection,,Windham Hill,1,Disney's Grand Californian Hotel & Spa,"January 2, 2001",,Grand Californian (daytime exterior),,,00:03:56.769,Sean Harkness,6,"Identical to the track on the album “Aloft” "
 Don't Worry Baby,Sun Dance: Summer Solstice - A Windham Hill Collection,,Windham Hill,11,Disney's Grand Californian Hotel & Spa,"January 2, 2001",,Grand Californian (daytime exterior),,,00:04:12.080,"Philip Aaberg, Paul McCandless, Michael Manring",12,
 Aloft,Aloft,,Windham Hill,3,Disney's Grand Californian Hotel & Spa,"January 2, 2001",,Grand Californian (daytime exterior),"This loop can be heard in the area outside of and around Hearthstone Lounge, Storytellers Cafe, Napa Rose, White Water Snacks, the Fountain and Redwood Pools, Brisa Courtyard, and the entrance to the hotel from Downtown Disney. It was introduced with the opening of the Grand Californian in 2001. Tracklist identified by Club 33 on https://community.magicmusic.net/playlists/grand-californian-exterior.4/. Also see MouseBits, https://mousebits.com/smf/index.php?topic=6806.msg56731#msg56731 (2011).",01:02:36.604,00:05:17.085,Sean Harkness,1,
 Climbing in Geometry,Ackerman: A Windham Hill Retrospective,,Windham Hill,9,Disney's Grand Californian Hotel & Spa,"January 2, 2001",,Grand Californian (daytime exterior),,,00:06:08.538,Will Ackerman,4,
 Hotel California,Hotel California,,Asylum,1,Disney's Grand Californian Hotel & Spa,"January 2, 2001",,Grand Californian (daytime exterior),,,00:00:52.103,Eagles,15,Edited start - 0:49.427; begin fade out around 0:39.138
 Arroyo,Pathways,,Discipline Global Mobile,2,Disney's Grand Californian Hotel & Spa,"January 2, 2001",,Grand Californian (daytime exterior),,,00:03:37.941,California Guitar Trio,5,
 The Warmth of the Sun/Surfer Girl,Summer Solstice - A Windham Hill Collection,,Windham Hill,15,Disney's Grand Californian Hotel & Spa,"January 2, 2001",,Grand Californian (daytime exterior),,,00:03:44.289,Philip Aaberg & Scott Mathews,9,
 Companions,Summer Solstice - A Windham Hill Collection,,Windham Hill,12,Disney's Grand Californian Hotel & Spa,"January 2, 2001",,Grand Californian (daytime exterior),,,00:03:36.939,David Arkenstone,8,
"Serenade No. 10 in B-Flat Major, K. 361: IV. Menuetto: Allegretto",Serenade & Divertimenti,,Alliance,,Disney's Grand Californian Hotel & Spa,"January 2, 2001",,Grand Californian (interior),"This loop plays in the interior of the Grand Californian Hotel. It was introduced with the opening of the Grand Californian in 2001. See Magic Music, https://community.magicmusic.net/playlists/grand-californian-exterior.4/ (2011) and MouseBits, Re: https://mousebits.com/smf/index.php?topic=8490.msg79704#msg79704 (2014).",00:48:37.5,00:05:15.329,Lowell Graham & National Chamber Players,1,
"Serenade No. 10 in B-Flat Major, K. 361: VI. Tema con variazioni
",Serenade & Divertimenti,,Alliance,,Disney's Grand Californian Hotel & Spa,"January 2, 2001",,Grand Californian (interior),,,00:09:20.963,Lowell Graham & National Chamber Players,2,
"Trio for Flute, Clarinet and Bassoon in B flat major KV 439 b: Menuet- Trio","Mozart: Flute Quartets KV 285, KV 285b, KV 298 / Trio KV 439b",,Arte Nova Records,,Disney's Grand Californian Hotel & Spa,"January 2, 2001",,Grand Californian (interior),,,00:03:33.066,Europa Symphony Soloists,8,
"Quartet for Flute, Violin, Viola and Cello in D major KV 285: Rondeau","Mozart: Flute Quartets KV 285, KV 285b, KV 298 / Trio KV 439b",,Arte Nova Records,,Disney's Grand Californian Hotel & Spa,"January 2, 2001",,Grand Californian (interior),,,00:04:36.525,Europa Symphony Soloists,5,
"Quartet for Flute, Violin, Viola and Cello in D major KV 285: Allegro","Mozart: Flute Quartets KV 285, KV 285b, KV 298 / Trio KV 439b",,Arte Nova Records,,Disney's Grand Californian Hotel & Spa,"January 2, 2001",,Grand Californian (interior),,,00:10:05.875,Europa Symphony Soloists,4,
"Trio for Flute, Clarinet and Bassoon in B flat major KV 439 b: Larghetto","Mozart: Flute Quartets KV 285, KV 285b, KV 298 / Trio KV 439b",,Arte Nova Records,,Disney's Grand Californian Hotel & Spa,"January 2, 2001",,Grand Californian (interior),,,00:03:13.359,Europa Symphony Soloists,7,
"Piano Quintet in E-Flat Major, K. 452: III. Allegretto",Mozart: Music for Piano and Wind Quartet,,BIS,,Disney's Grand Californian Hotel & Spa,"January 2, 2001",,Grand Californian (interior),,,00:05:34.541,Stephen Hough & Berlin Philharmonic Wind Quintet,10,
"Trio for Flute, Clarinet and Bassoon in B flat major KV 439 b: Allegro","Mozart: Flute Quartets KV 285, KV 285b, KV 298 / Trio KV 439b",,Arte Nova Records,,Disney's Grand Californian Hotel & Spa,"January 2, 2001",,Grand Californian (interior),,,00:01:56.959,Europa Symphony Soloists,9,
"Divertimento in E-Flat Major, K. 166: I. Allegro",Serenade & Divertimenti,,Alliance,,Disney's Grand Californian Hotel & Spa,"January 2, 2001",,Grand Californian (interior),,,00:03:10.017,Lowell Graham & National Chamber Players,3,
"Trio for Flute, Clarinet and Bassoon in B flat major KV 439 b: Allegro","Mozart: Flute Quartets KV 285, KV 285b, KV 298 / Trio KV 439b",,Arte Nova Records,,Disney's Grand Californian Hotel & Spa,"January 2, 2001",,Grand Californian (interior),,,00:01:50.866,Europa Symphony Soloists,6,
"The Nutcracker Suite, Op. 71a: I. Overture Miniature",Dances from Renaissance to Nutcracker,,Delos,1,Disney's Grand Californian Hotel & Spa,,Christmas,Grand Californian Holiday,This loop plays in the Grand Californian during the holiday season. Tracklist compiled by C33 in 2009. See MouseBits: https://mousebits.com/smf/index.php?topic=4845.msg36296#msg36296 (2009) and https://mousebits.com/smf/index.php?topic=4845.msg47829#msg47829 (2010).,00:47:43.101, 2:52.484,LA Guitar Quartet,1,
"The Nutcracker Suite, Op. 71a: VIII. Waltz of the Flowers",Dances from Renaissance to Nutcracker,,Delos,8,Disney's Grand Californian Hotel & Spa,,Christmas,Grand Californian Holiday,,,5:11.289,LA Guitar Quartet,8,
"The Nutcracker Suite, Op. 71a: V. Arabian Dance",Dances from Renaissance to Nutcracker,,Delos,5,Disney's Grand Californian Hotel & Spa,,Christmas,Grand Californian Holiday,,,3:23.425,LA Guitar Quartet,5,
Winter Wonderland,HSQ Does Christmas (again),,Mona Lisa Sound,9,Disney's Grand Californian Hotel & Spa,,Christmas,Grand Californian Holiday,,,4:19.896,The Hampton String Quartet,12,
White Christmas,HSQ Does Christmas (again),,Mona Lisa Sound,7,Disney's Grand Californian Hotel & Spa,,Christmas,Grand Californian Holiday,,,3:41.573,The Hampton String Quartet,10,
"The Nutcracker Suite, Op. 71a: VI. Chinese Dance",Dances from Renaissance to Nutcracker,,Delos,6,Disney's Grand Californian Hotel & Spa,,Christmas,Grand Californian Holiday,,,0:58.954,LA Guitar Quartet,6,
Frosty the Snowman,HSQ Does Christmas (again),,Mona Lisa Sound,1,Disney's Grand Californian Hotel & Spa,,Christmas,Grand Californian Holiday,,,5:28.323,The Hampton String Quartet,14,
Let It Snow! Let It Snow! Let It Snow!,HSQ Does Christmas (again),,Mona Lisa Sound,10,Disney's Grand Californian Hotel & Spa,,Christmas,Grand Californian Holiday,,,2:28.364,The Hampton String Quartet,13,
"The Nutcracker Suite, Op. 71a: II. March",Dances from Renaissance to Nutcracker,,Delos,2,Disney's Grand Californian Hotel & Spa,,Christmas,Grand Californian Holiday,,, 2:35.393,LA Guitar Quartet,2,
Rudolph the Red-Nosed Reindeer,HSQ Does Christmas (again),,Mona Lisa Sound,5,Disney's Grand Californian Hotel & Spa,,Christmas,Grand Californian Holiday,,,3:22.197,The Hampton String Quartet,9,
"The Nutcracker Suite, Op. 71a: III. Dance of the Sugar-Plum Fairy",Dances from Renaissance to Nutcracker,,Delos,3,Disney's Grand Californian Hotel & Spa,,Christmas,Grand Californian Holiday,,,1:53.169,LA Guitar Quartet,3,
The Little Drummer Boy,HSQ Does Christmas (again),,Mona Lisa Sound,8,Disney's Grand Californian Hotel & Spa,,Christmas,Grand Californian Holiday,,,4:09.638,The Hampton String Quartet,11,
Have Yourself a Merry Little Christmas,HSQ Does Christmas (again),,Mona Lisa Sound,2,Disney's Grand Californian Hotel & Spa,,Christmas,Grand Californian Holiday,,,2:47.436,The Hampton String Quartet,15,
"The Nutcracker Suite, Op. 71a: IV. Russian Dance",Dances from Renaissance to Nutcracker,,Delos,4,Disney's Grand Californian Hotel & Spa,,Christmas,Grand Californian Holiday,,,0:59.732,LA Guitar Quartet,4,
"The Nutcracker Suite, Op. 71a: VII. Dance of the Reed Pipes",Dances from Renaissance to Nutcracker,,Delos,7,Disney's Grand Californian Hotel & Spa,,Christmas,Grand Californian Holiday,,,2:24.262,LA Guitar Quartet,7,
We Wish You a Merry Christmas,HSQ Does Christmas (again),,Mona Lisa Sound,11,Disney's Grand Californian Hotel & Spa,,Christmas,Grand Californian Holiday,,,1:06.933,The Hampton String Quartet,16,"The loop track starts at around 1:25.719 of the album track and has about 0.6 secs. of silence removed before the final note, between 2:26.815 and 2:27.416 of the album track."
 Kentucky Slide,"Country, USA",,,,Disney's Grand Californian Hotel & Spa,,,Storyteller's Cafe Character Breakfast,"This loop plays in the Storyteller’s Cafe restaurant during the Character Breakfast. Compiled by StarWarsGalaxysEdge (MouseBits; 2022). See https://mousebits.com/smf/index.php?topic=10787.msg98737#msg98737. This plays throughout the entire day, during character breakfast/brunch and dinner at Storyteller’s Cafe as of 2022.",~01:01:00,,Jeremy Sherman,1,
Perfect Moment,Perfect Moment,,,,Disney's Grand Californian Hotel & Spa,"January 2, 2001",,Napa Rose v.1,"This loop plays inside the Napa Rose restaurant and from one speaker near the outdoor fireplace. The tracklist was compiled by C33 and posted 05/2010 on Magic Music discussion board. See MouseBits, https://mousebits.com/smf/index.php?topic=6806.msg56731#msg56731",00:57:44,,Peter White,1,
 Country Banjo Funk,Plan B,,,,Disney's Grand Californian Hotel & Spa,,,Storyteller's Cafe Character Breakfast,,,,Mike Eaves,17,
 Rough Rider,Stomping Country,,,,Disney's Grand Californian Hotel & Spa,,,Storyteller's Cafe Character Breakfast,,,,"Dave James, Keith Beauvais",26,
 Sour Apples,Folk & Nu Folk,,,,Disney's Grand Californian Hotel & Spa,,,Storyteller's Cafe Character Breakfast,,,,"Duncan Pittock, Ellie Kidd, Igor Dvorkin",23,
 Old Kent Road,Old Timer Country,,,,Disney's Grand Californian Hotel & Spa,,,Storyteller's Cafe Character Breakfast,,,,Jeremy Sherman,10,
 Rough Rider,Stomping Country,,,,Disney's Grand Californian Hotel & Spa,,,Storyteller's Cafe Character Breakfast,,,,"Dave James, Keith Beauvais",14,
" Bare Necessities (""Jungle Book"")",Heigh Ho Banjo: Bluegrass Salutes Favorite Disney Songs,,,,Disney's Grand Californian Hotel & Spa,,,Storyteller's Cafe Character Breakfast,,,,Pickin' On Series,20,
" Heigh-Ho (""Snow White"")",Heigh Ho Banjo: Bluegrass Salutes Favorite Disney Songs,,,,Disney's Grand Californian Hotel & Spa,,,Storyteller's Cafe Character Breakfast,,,,Pickin' On Series,22,
 Country Rag,"Country, USA 2",,,,Disney's Grand Californian Hotel & Spa,,,Storyteller's Cafe Character Breakfast,,,,Jeremy Sherman,9,
Mickey Mouse Club March/The Ballad of Davy Crockett,"O Mickey, Where Art Thou?",,,,Disney's Grand Californian Hotel & Spa,,,Storyteller's Cafe Character Breakfast,,,,Various Artists,5,
" I Wanna Be Like You (""Jungle Book"")",Heigh Ho Banjo: Bluegrass Salutes Favorite Disney Songs,,,,Disney's Grand Californian Hotel & Spa,,,Storyteller's Cafe Character Breakfast,,,,Pickin' On Series,12,
 UNKNOWN A,,,,,Disney's Grand Californian Hotel & Spa,,,Storyteller's Cafe Character Breakfast,,,,,2,
 Dust Kicker,Stomping Country,,,,Disney's Grand Californian Hotel & Spa,,,Storyteller's Cafe Character Breakfast,,,,"Dave James, Keith Beauvais",19,
 Stomping at the Barn,Stomping Country,,,,Disney's Grand Californian Hotel & Spa,,,Storyteller's Cafe Character Breakfast,,,,"Dave James, Keith Beauvais",6,
 Country Banjo Funk,Plan B,,,,Disney's Grand Californian Hotel & Spa,,,Storyteller's Cafe Character Breakfast,,,,Mike Eaves,4,
 UNKNOWN A,,,,,Disney's Grand Californian Hotel & Spa,,,Storyteller's Cafe Character Breakfast,,,,,16,
 UNKNOWN B,,,,,Disney's Grand Californian Hotel & Spa,,,Storyteller's Cafe Character Breakfast,,,,,13,
 UNKNOWN B ,,,,,Disney's Grand Californian Hotel & Spa,,,Storyteller's Cafe Character Breakfast,,,,,25,
Mickey Mouse Club March/The Ballad of Davy Crockett,"O Mickey, Where Art Thou?",,,,Disney's Grand Californian Hotel & Spa,,,Storyteller's Cafe Character Breakfast,,,,Various Artists,18,
 Banjolin,US Country Old & New,,,,Disney's Grand Californian Hotel & Spa,,,Storyteller's Cafe Character Breakfast,,,,Jeremy Sherman,3,
" Bare Necessities (""Jungle Book"")",Heigh Ho Banjo: Bluegrass Salutes Favorite Disney Songs,,,,Disney's Grand Californian Hotel & Spa,,,Storyteller's Cafe Character Breakfast,,,,Pickin' On Series,7,
 Banjo Man,Banjo & Beats,,,,Disney's Grand Californian Hotel & Spa,,,Storyteller's Cafe Character Breakfast,,,,"Lincoln Grounds, Michael Pearse",21,
 Roan Mountain Dance,Banjo,,,,Disney's Grand Californian Hotel & Spa,,,Storyteller's Cafe Character Breakfast,,,,"Leon Hunt, Josh Clark",11,
 Country Rag,"Country, USA 2",,,,Disney's Grand Californian Hotel & Spa,,,Storyteller's Cafe Character Breakfast,,,,Jeremy Sherman,24,
 Everybody Loves Moonshine,Banjo & Beats,,,,Disney's Grand Californian Hotel & Spa,,,Storyteller's Cafe Character Breakfast,,,,"Tim Reilly, Jeremy Sherman, Jason Pedder",8,
 Kentucky Slide,"Country, USA",,,,Disney's Grand Californian Hotel & Spa,,,Storyteller's Cafe Character Breakfast,,,,Jeremy Sherman,15,
3 Women Walking,Nouveau Flamenco,,,,Disney's Grand Californian Hotel & Spa,,,Storyteller's Cafe Lunch/Dinner,"This loop plays inside the Storyteller’s Cafe during times other than the Character Breakfast. Tracklist compiled by C33 and posted 09/2010 on Magic Music. See Magic Music, https://community.magicmusic.net/threads/storytellers-cafe-background-music-dl.4290/#post-30961 (2009).",00:49:53,,Ottmar Liebert,1,
Unknown,,,,,Disney's Grand Californian Hotel & Spa,,,Storyteller's Cafe Lunch/Dinner,,,7:14,,13,"New age-y, slow, quiet"
A Cottage in the Woods,Sleeping Beauty (Soundtrack),,,,Disney's Grand Californian Hotel & Spa,,,Storyteller's Cafe Lunch/Dinner,,,,George Bruns,7,
Peg Leg,Peculiaraso,,,,Disney's Grand Californian Hotel & Spa,,,Storyteller's Cafe Lunch/Dinner,,,,Leo Kottke,3,
"Quizas, Quizas, Quizas",Hispanoamerica,,,,Disney's Grand Californian Hotel & Spa,,,Storyteller's Cafe Lunch/Dinner,,,,Paco de Lucía & Ramón Algeciras,12,
Itchy,Standing In My Shoes,,,,Disney's Grand Californian Hotel & Spa,,,Storyteller's Cafe Lunch/Dinner,,,,Leo Kottke,14,
Winged Processional,Spirit Feathers,,,,Disney's Grand Californian Hotel & Spa,,,Storyteller's Cafe Lunch/Dinner,,,,Mesa Music Consort,15,
"Requiem, Op. 48: In Paradisum",Fauré: Requiem,,,,Disney's Grand Californian Hotel & Spa,,,Storyteller's Cafe Lunch/Dinner,,,3:37,The Choir of Trinity College,11,
On the Rooftop / What's a Kiss / Perturbed Pixie,Peter Pan (Soundtrack),,,,Disney's Grand Californian Hotel & Spa,,,Storyteller's Cafe Lunch/Dinner,,,,Oliver Wallace,6,Edited: 00:52 - 00:58
Blow Ye Winds,The Wind in the Rigging,,,,Disney's Grand Californian Hotel & Spa,,,Storyteller's Cafe Lunch/Dinner,,,,Various Artists,9,
Chicuelina,Juego de Ninos,,,,Disney's Grand Californian Hotel & Spa,,,Storyteller's Cafe Lunch/Dinner,,,3:12,Rafael Riqueni,10,
End Titles Part II,Shipwrecked (Soundtrack),,,,Disney's Grand Californian Hotel & Spa,,,Storyteller's Cafe Lunch/Dinner,,,,Patrick Doyle,16,
Locked In the Tower / Gus and Jaq to the Rescue / Slipper Fittings / Cinderella's Slipper / Finale,Cinderella (Soundtrack),,,,Disney's Grand Californian Hotel & Spa,,,Storyteller's Cafe Lunch/Dinner,,,,Oliver Wallace & Paul J. Smith,8,
The Ride,The Mask of Zorro (Soundtrack),,,,Disney's Grand Californian Hotel & Spa,,,Storyteller's Cafe Lunch/Dinner,,,,James Horner,5,Edited
Cielito Lindo,Hispanoamerica,,,,Disney's Grand Californian Hotel & Spa,,,Storyteller's Cafe Lunch/Dinner,,,,Paco de Lucía & Ramón Algeciras,2,
Blow the Man Down,The Wind in the Rigging,,,,Disney's Grand Californian Hotel & Spa,,,Storyteller's Cafe Lunch/Dinner,,,,Various Artists,4,
Another Rainy Day,Perfect Moment,,,,Disney's Grand Californian Hotel & Spa,"January 2, 2001",,Napa Rose v.1,,,,Peter White,3,
Laura,Intimate Secrets,,,,Disney's Grand Californian Hotel & Spa,"January 2, 2001",,Napa Rose v.1,,,,Rick Braun,12,
We Should Be Together,3rd Force,,,,Disney's Grand Californian Hotel & Spa,"January 2, 2001",,Napa Rose v.1,,,,3rd Force,7,
City of Lights,Caravan of Dreams,,,,Disney's Grand Californian Hotel & Spa,"January 2, 2001",,Napa Rose v.1,,,,Peter White,9,
Samba del Rio,Four Corners,,,,Disney's Grand Californian Hotel & Spa,"January 2, 2001",,Napa Rose v.1,,,,Craig Chaquico,5,
Bittersweet,Caravan of Dreams,,,,Disney's Grand Californian Hotel & Spa,"January 2, 2001",,Napa Rose v.1,,,,Peter White,10,
Venice Beach,Caravan of Dreams,,,,Disney's Grand Californian Hotel & Spa,"January 2, 2001",,Napa Rose v.1,,,,Peter White,8,
Obsession Confession,Curdled OST,,,,Disney's Grand Californian Hotel & Spa,"January 2, 2001",,Napa Rose v.1,,,,Slash with Marta Sanchez,11,
Turquoise Moon,Four Corners,,,,Disney's Grand Californian Hotel & Spa,"January 2, 2001",,Napa Rose v.1,,,,Craig Chaquico,4,
Autumn Day,Perfect Moment,,,,Disney's Grand Californian Hotel & Spa,"January 2, 2001",,Napa Rose v.1,,,,Peter White,2,
Siempre Conmigo,Aloft,,,,Disney's Grand Californian Hotel & Spa,"January 2, 2001",,Napa Rose v.1,,,,Sean Harkness,6,
Banzai Pipeline,Sway,,,3,Disney's Paradise Pier Hotel,,,Paradise Pier Hotel (interior) v.1 [REF],,,00:03:42.042,The Blue Hawaiians,13,"Late start ~05.143 seconds
Early
Only available on CD release; not present on streaming version of album"
Sunset at the Wedge,Jetty Subject to High Surf,,,,Disney's Paradise Pier Hotel,,,Paradise Pier Hotel (interior) v.1 [REF],,,00:03:13.890,The Vara-Tones,12,"Wave sounds coincide with fadeout of previous track.
Fade out ends ~3:15"
Surf City,,,,,Disney's Paradise Pier Hotel,"December 15, 2000 → April 1, 2020",,PCH Grill,,, 2:23.794,Jan and Dean ,24,
Itsy Bitsy Teenie Weenie Yellow Polka Dot Bikini,,,,,Disney's Paradise Pier Hotel,"December 15, 2000 → April 1, 2020",,PCH Grill,,, 2:18.784,Brian Hyland ,13,
Surfin' USA,,,,,Disney's Paradise Pier Hotel,"December 15, 2000 → April 1, 2020",,PCH Grill,,, 2:21.768,The Beach Boys ,4,
Surf Jam,Surfin' USA,,,,Disney's Paradise Pier Hotel,"December 15, 2000 → April 1, 2020",,PCH Grill,,, 1:28.600,The Beach Boys ,8,"The loop track starts at around 3.304 of the album track to skip past the countdown vocal. The loop version of ""Surf Jam"" runs about 0.282 secs. slower than the CD version and after taking that into account, the loop version stops at around 1:31.621 of the album version."
King of the Surf Guitar [Vocal Version],,,,,Disney's Paradise Pier Hotel,"December 15, 2000 → April 1, 2020",,PCH Grill,,, 2:01.534,Dick Dale and the Del-Tones ,23,
Penetration,,,,,Disney's Paradise Pier Hotel,"December 15, 2000 → April 1, 2020",,PCH Grill,,, 1:59.510,The Pyramids ,5,
Surfin' Hootenanny,,,,,Disney's Paradise Pier Hotel,"December 15, 2000 → April 1, 2020",,PCH Grill,,, 2:03.336,Al Casey ,2,
Surfin' Safari,,,,,Disney's Paradise Pier Hotel,"December 15, 2000 → April 1, 2020",,PCH Grill,,, 2:00.256,The Beach Boys ,19,
Surfer Girl,,,,,Disney's Paradise Pier Hotel,"December 15, 2000 → April 1, 2020",,PCH Grill,,, 2:20.405,The Beach Boys ,15,
California Girls,,,,,Disney's Paradise Pier Hotel,"December 15, 2000 → April 1, 2020",,PCH Grill,,, 2:37.689,The Beach Boys ,11,
Under the Sea,Disneymania,,,,Disney's Paradise Pier Hotel,"December 15, 2000 → April 1, 2020",,PCH Grill,,, 2:10.553,A*Teens ,10,
Beach Party,,,,,Disney's Paradise Pier Hotel,"December 15, 2000 → April 1, 2020",,PCH Grill,,, 1:44.417,Annette Funicello ,12,
Surf Rider,,,,,Disney's Paradise Pier Hotel,"December 15, 2000 → April 1, 2020",,PCH Grill,,, 2:21.357,The Lively Ones ,6,
Walking on Sunshine,,,,,Disney's Paradise Pier Hotel,"December 15, 2000 → April 1, 2020",,PCH Grill,,, 3:47.869,Katrina and the Waves ,16,
California Sun,,,,,Disney's Paradise Pier Hotel,"December 15, 2000 → April 1, 2020",,PCH Grill,,, 2:21.466,The Rivieras ,9,
Catch a Wave,,,,,Disney's Paradise Pier Hotel,"December 15, 2000 → April 1, 2020",,PCH Grill,,, 2:15.436,The Beach Boys ,21,
Wipe Out,,,,,Disney's Paradise Pier Hotel,"December 15, 2000 → April 1, 2020",,PCH Grill,,, 2:35.178,The Surfaris ,17,
Surf Blaster,,,,,Disney's Paradise Pier Hotel,"December 15, 2000 → April 1, 2020",,PCH Grill,,, 3:00.217,The Vara-Tones ,3,
Summer Means Fun,,,,,Disney's Paradise Pier Hotel,"December 15, 2000 → April 1, 2020",,PCH Grill,,, 2:06.941,Bruce and Terry ,7,
Vacation,,,,,Disney's Paradise Pier Hotel,"December 15, 2000 → April 1, 2020",,PCH Grill,,, 2:17.394,Connie Francis ,14,
All for One,,,,,Disney's Paradise Pier Hotel,"December 15, 2000 → April 1, 2020",,PCH Grill,,, 3:31.667,High School Musical 2 ,25,"This seems to be a karaoke version of ""All for One"" but the Disney Karaoke Series CD for HSM2 does not have this track"
"Dance, Dance, Dance",,,,,Disney's Paradise Pier Hotel,"December 15, 2000 → April 1, 2020",,PCH Grill,"This loop played during dinner at the PCH Grill restaurant at the Paradise Pier Hotel. Preliminary tracklist compiled by pixelated based on his 2012 reference recording. It is possible that this was an original loop with additional inclusions of the modern Disney tracks. See MouseBits, https://mousebits.com/smf/index.php?topic=7440.msg66306#msg66306 (2012).",01:00:03.546, 1:55.875,The Beach Boys ,1,
Pipeline,,,,,Disney's Paradise Pier Hotel,"December 15, 2000 → April 1, 2020",,PCH Grill,,, 2:53.133,The Ventures ,20,
Bahama Roller Coaster Ride,Disneymania 4,,,,Disney's Paradise Pier Hotel,"December 15, 2000 → April 1, 2020",,PCH Grill,,, 3:26.194,Baha Men ,18,
Perfidia,,,,,Disney's Paradise Pier Hotel,"December 15, 2000 → April 1, 2020",,PCH Grill,,, 2:00.366,The Ventures ,22,
Surfer Girl,Wouldn't It Be Nice: A Jazz Portrait of Brian Wilson,,,,Disney's Paradise Pier Hotel,,,Paradise Pier Hotel (interior) v.1 [REF],,,00:05:05.207,Don Grusin,10,Fade out ~5:08
Theme from the Endless Summer,Music From The Motion Picture Bruce Brown's The Endless Summer II,,,,Disney's Paradise Pier Hotel,,,Paradise Pier Hotel (interior) v.1 [REF],,,00:03:18.527,Gary Hoey,15,Fade out ends ~3:18
Up On the Roof,Ocean Boulevard,,,,Disney's Paradise Pier Hotel,,,Paradise Pier Hotel (interior) v.1 [REF],,,00:03:53.661,Jack Jezzro,5,
I Just Wasn't Made for These Times,Wouldn't It Be Nice: A Jazz Portrait of Brian Wilson,,,,Disney's Paradise Pier Hotel,,,Paradise Pier Hotel (interior) v.1 [REF],,,00:04:10.711,Larry Carlton,11,Late start ~04.438; Fade out ends ~4:19
Under the Boardwalk,Ocean Boulevard,,,,Disney's Paradise Pier Hotel,,,Paradise Pier Hotel (interior) v.1 [REF],,,00:04:05.079,Jack Jezzro,2,
Stay,Ocean Boulevard,,,,Disney's Paradise Pier Hotel,,,Paradise Pier Hotel (interior) v.1 [REF],,,00:02:41.352,Jack Jezzro,3,
I Love Beach Music,Ocean Boulevard,,,,Disney's Paradise Pier Hotel,,,Paradise Pier Hotel (interior) v.1 [REF],,,00:04:04.256,Jack Jezzro,8,Early fade out ends ~4:04
Myrtle Beach Days,Ocean Boulevard,,,,Disney's Paradise Pier Hotel,,,Paradise Pier Hotel (interior) v.1 [REF],,,00:03:52.145,Jack Jezzro,4,Early fade out ends ~3:52
Summertime's Calling Me,Ocean Boulevard,,,,Disney's Paradise Pier Hotel,,,Paradise Pier Hotel (interior) v.1 [REF],,,00:04:00.828,Jack Jezzro,7,Early fade out ends  ~4:01
Slow Dance with a Fast Girl,Guitar Noir,,,,Disney's Paradise Pier Hotel,,,Paradise Pier Hotel (interior) v.1 [REF],,,00:03:05.601,The Aqua Velvets,16,
Ocean Boulevard,Ocean Boulevard,,,,Disney's Paradise Pier Hotel,,,Paradise Pier Hotel (interior) v.1 [REF],"This loop played in the lobby of the Paradise Pier Hotel. It was introduced after 2003, when the album “Ocean Boulevard” was released. Tracklist based on a live recording by CThaddeus and compiled by C33. Originally posted 06/2010 on C33's blog at Magic Music of the Mouse discussion board. See Disney Parks Music Compendium, https://disney-parks-music-compendium.blogspot.com/2022/11/paradise-pier-hotel-bgm.html. Most tracks with long fadeouts are cut off significantly earlier to start the next track. See MouseBits, https://forums.mousebits.com/threads/paradise-pier-hotel-loop.11205/ (2026).",58:33.454,00:03:56.293,Jack Jezzro,1,
Drive,Music From The Motion Picture Bruce Brown's The Endless Summer II,,,,Disney's Paradise Pier Hotel,,,Paradise Pier Hotel (interior) v.1 [REF],,,00:03:03.732,Gary Hoey,14,
Carolina Girls,Ocean Boulevard,,,,Disney's Paradise Pier Hotel,,,Paradise Pier Hotel (interior) v.1 [REF],,,00:04:02.936,Jack Jezzro,6,Early fade out ends ~4:03
Wouldn't It Be Nice?,Symphonic Sounds: Music of the Beach Boys,,,,Disney's Paradise Pier Hotel,,,Paradise Pier Hotel (interior) v.1 [REF],,,00:02:17.188,The Royal Philharmonic Orchestra,9,Long fade out ends ~2:21
Jingle Bell Rock ,Christmas In The Fifties,1,Green Hill,1,Disney's Paradise Pier Hotel,,Christmas,Paradise Pier Hotel Holiday,"This loop played in the Paradise Pier Hotel Lobby during the holiday season. The loop is identical to Santa’s Seaside Pavilion in DCA’s Sunshine Plaza. See MouseBits, https://mousebits.com/smf/index.php?topic=4845.msg36221#msg36221 (2009) and https://mousebits.com/smf/index.php?topic=4845.msg37205#msg37205 (2010).",00:49:39.978, 3:25.285,Jack Jezzro & Sam Levine,1,
 A Holly Jolly Christmas ,Christmas In The Fifties,1,Green Hill,10,Disney's Paradise Pier Hotel,,Christmas,Paradise Pier Hotel Holiday,,, 3:12.006,Jack Jezzro & Sam Levine,10,
 Rudolph the Red-Nosed Reindeer ,Christmas In The Fifties,1,Green Hill,8,Disney's Paradise Pier Hotel,,Christmas,Paradise Pier Hotel Holiday,,, 3:44.122,Jack Jezzro & Sam Levine,8,
Here Comes Santa Claus (Right Down Santa Claus Lane) ,Christmas In The Fifties,1,Green Hill,6,Disney's Paradise Pier Hotel,,Christmas,Paradise Pier Hotel Holiday,,, 2:49.211,Jack Jezzro & Sam Levine,6,
The Christmas Song (Chestnuts Roasting on an Open Fire),Surf Christmas,,,,Disney's Paradise Pier Hotel,,Christmas,Paradise Pier Hotel Holiday,,, 3:52.870,Gary Ferguson,13,
 I Saw Mommy Kissing Santa Claus ,Christmas In The Fifties,1,Green Hill,4,Disney's Paradise Pier Hotel,,Christmas,Paradise Pier Hotel Holiday,,, 4:25.418,Jack Jezzro & Sam Levine,4,
 Frosty the Snowman,The Ventures' Christmas Album,,,,Disney's Paradise Pier Hotel,,Christmas,Paradise Pier Hotel Holiday,,, 1:58.482,The Ventures ,14,
 White Christmas ,Christmas In The Fifties,1,Green Hill,9,Disney's Paradise Pier Hotel,,Christmas,Paradise Pier Hotel Holiday,,, 4:08.983,Jack Jezzro & Sam Levine,9,
 Santa Baby ,Christmas In The Fifties,1,Green Hill,11,Disney's Paradise Pier Hotel,,Christmas,Paradise Pier Hotel Holiday,,, 4:16.219,Jack Jezzro & Sam Levine,11,
"Santa, Bring My Baby Back (To Me) ",Christmas In The Fifties,1,Green Hill,5,Disney's Paradise Pier Hotel,,Christmas,Paradise Pier Hotel Holiday,,, 3:31.996,Jack Jezzro & Sam Levine,5,
 Please Come Home for Christmas ,Christmas In The Fifties,1,Green Hill,12,Disney's Paradise Pier Hotel,,Christmas,Paradise Pier Hotel Holiday,,, 4:05.128,Jack Jezzro & Sam Levine,12,
The Chipmunk Song (Christmas Don't Be Late) ,Christmas In The Fifties,1,Green Hill,7,Disney's Paradise Pier Hotel,,Christmas,Paradise Pier Hotel Holiday,,, 2:44.858,Jack Jezzro & Sam Levine,7,
 Winter Wonderland ,Christmas In The Fifties,1,Green Hill,2,Disney's Paradise Pier Hotel,,Christmas,Paradise Pier Hotel Holiday,,, 3:50.990,Jack Jezzro & Sam Levine,2,
 Rockin' Around the Christmas Tree ,Christmas In The Fifties,1,Green Hill,3,Disney's Paradise Pier Hotel,,Christmas,Paradise Pier Hotel Holiday,,, 3:31.959,Jack Jezzro & Sam Levine,3,
Jungle Beat,The Jungle Book OST,,,9,Disneyland Hotel,"August 1, 2011",,Adventure Tower [REF],,,1:16.845,George Bruns,2,"starts at 0.675, fades to next track at 1:17.521"
Overture,The Jungle Book OST,,,1,Disneyland Hotel,"August 1, 2011",,Adventure Tower [REF],"This loop began playing in 2011 in the Disneyland Hotel Adventure Tower. Tracklist compiled by pixelated based on his reference recording. See MouseBits, https://mousebits.com/smf/index.php?topic=5700.msg57500#msg57500.",00:32:26.066,2:31.178,George Bruns,1,fade to next track at around 2:31.368
Adventureland,Walt Disney Takes You to Disneyland,,,2,Disneyland Hotel,"August 1, 2011",,Adventure Tower [REF],,,6:38.922,Disneyland Concert Orchestra,3,"starts at 1:00.189. Sometime after 2:08 in the loop track (right before the oboes come in), the loop track is longer by 0.173 secs. The last 1.5 secs. of the track overlaps with the first 1.5 secs. of the following track, ""Serengeti Serenade""."
Under the Stars (Instrumental),The Lion King OST,,,8,Disneyland Hotel,"August 1, 2011",,Adventure Tower [REF],,,3:40.050,Hans Zimmer,5,quick fade in at 1.445
The Tiki Tiki Tiki Room,Walt Disney World Forever,,,,Disneyland Hotel,"August 1, 2011",,Adventure Tower [REF],,,3:03.962,Pizzafari Area Music,9,
I Wan'na Be Like You (The Monkey Song) (Instrumental),"Disney Karaoke, Vol. 1",,,13,Disneyland Hotel,"August 1, 2011",,Adventure Tower [REF],,,1:52.978,,10,
The Courtship,Dinosaur OST,,,4,Disneyland Hotel,"August 1, 2011",,Adventure Tower [REF],,,2:53.545,James Newton Howard,6,"starts at 0.345, cut-off at 2:53.891"
Serengeti Serenade,Walt Disney and the 1964 World's Fair,4,,5,Disneyland Hotel,"August 1, 2011",,Adventure Tower [REF],,,4:04.137,International Gardens,4,starts at 0.500
The Bare Necessities (Instrumental),"Disney Karaoke, Vol. 2",,,13,Disneyland Hotel,"August 1, 2011",,Adventure Tower [REF],,,3:58.123,,8,"starts at 2.088; 1.065 sec. of silence deleted, between 2:47.164 and 2:48.229"
Epilogue,Dinosaur OST,,,16,Disneyland Hotel,"August 1, 2011",,Adventure Tower [REF],,,2:25.616,James Newton Howard,7,starts at 0.535
High Noon,The Greatest Western Movie Themes,,,8,Disneyland Hotel,"August 1, 2011",,Frontier Tower [REF],"This loop started playing in 2011 in the Disneyland Hotel Frontier Tower. See MouseBits, https://mousebits.com/smf/index.php?topic=5700.msg56440#msg56440.",00:48:06.734,2:52.514,Ned Nash Orchestra,1,
We’ll Be Back (End Credits),Silverado OST,,,12,Disneyland Hotel,"August 1, 2011",,Frontier Tower [REF],,,4:19.562,Bruce Broughton,16,"The loop version runs 0.014 secs. slower than the album version. Less likely, the loop version is from the 2005 expanded 2-CD soundtrack album, disc 2, track 6. That results in the loop version running 0.383 secs. slower than the album version."
The Big Country,The Big Country: Music by Jerome Moross,,Silva Screen Records UK,1,Disneyland Hotel,"August 1, 2011",,Frontier Tower [REF],,,02:47.324,The Philharmonic Orchestra,10,The track is from the 2007 Silva Screen Records UK release. The track is not from the Silva Screen Records USA release (runtime of 3:14) and not from the La La Land Records Limited Edition CD (runtime of 3:21).
Tombstone: Final Credits,"Wild, Wild Westerns",,,5,Disneyland Hotel,"August 1, 2011",,Frontier Tower [REF],,,1:07.048,"Bruce Broughton, Orchestra of the Americas",6,Edited
Medley of Television Western Themes: The Big Valley/Have Gun Will Travel,Happy Trails,,,21,Disneyland Hotel,"August 1, 2011",,Frontier Tower [REF],,,2:03.123,"Erich Kunzel, Cincinnati Pops",18,The loop version starts at 5:07.358 of the album version to isolate those two themes. The loop version runs about 0.009 secs. faster than the album version.
Anthology of TV Western Themes - Bonanza,Round-Up,,,5,Disneyland Hotel,"August 1, 2011",,Frontier Tower [REF],,,00:59.829,"Erich Kunzel, Cincinnati Pops",11,The loop version has a sharp fade at 59.508 of the album version and is missing the timpani in that section of music. The loop version is cutoff at 1:00.127 of the album version.
Unknown instrumental segment,Toy Story Midway Mania Area Music,,,,Disneyland Hotel,"August 1, 2011",,Frontier Tower [REF],,,1:24.156,,21,
The Cowboys (Main Theme),Western Film Themes: The Essential Album,1,,3,Disneyland Hotel,"August 1, 2011",,Frontier Tower [REF],,,3:23.426,City of Prague Philharmonic,20,The loop version is cutoff at 3:23.802 of the album version.
Variation of Andy's Birthday,Toy Story Midway Mania Area Music,,,,Disneyland Hotel,"August 1, 2011",,Frontier Tower [REF],,,2:36.604,,2,
Unknown instrumental segment,Toy Story Midway Mania Area Music,,,,Disneyland Hotel,"August 1, 2011",,Frontier Tower [REF],,,1:11.259,,3,
How the West Was Won: Suite,"Wild, Wild Westerns",,,3,Disneyland Hotel,"August 1, 2011",,Frontier Tower [REF],,,3:24.032,"Bruce Broughton, Orchestra of the Americas",7,"The loop track has a short crossfade to the following track; the closing swell quickly fades into the orchestral chord that starts the Silverado ""Main Title"" track."
The Hallelujah Trail (Overture),Elmer Bernstein: The Magnificent Seven,,Koch Records,16,Disneyland Hotel,"August 1, 2011",,Frontier Tower [REF],,,1:42.282,"James Sedares, Phoenix Symphony",9,The loop version is cutoff at 1:42.976 of the album version.
Main Titles and Calvera’s Visit: Allegro con Fuoco,Elmber Bernstein: The Magnificent Seven,,Koch Records,1,Disneyland Hotel,"August 1, 2011",,Frontier Tower [REF],,,3:19.774,"James Sedares, Phoenix Symphony",15,The loop version starts at 2.008 secs. of the album version and is cutoff at 3:21.782.
Main Title,Silverado OST,,,1,Disneyland Hotel,"August 1, 2011",,Frontier Tower [REF],,,2:46.290,Bruce Broughton,8,"The loop version starts at 25.449 of the album version and is cutoff at 3:11.739 of the album version. Less likely, the loop version is from the 2005 expanded 2-CD soundtrack album, disc 1, track 1. That results in the loop version starting at 25.828 of the album version, stopping at 3:12.119 of the album version, and running 0.303 secs. slower than the album version."
Unknown instrumental segment,Toy Story Midway Mania Area Music,,,,Disneyland Hotel,"August 1, 2011",,Frontier Tower [REF],,,00:51.236,,14,
Instrumental variation of Woody's Roundup,Toy Story Midway Mania Area Music,,,,Disneyland Hotel,"August 1, 2011",,Frontier Tower [REF],,,1:44.173,,4,
Jessie and the Roundup Gang,Toy Story 2 OST,,,9,Disneyland Hotel,"August 1, 2011",,Frontier Tower [REF],,,00:44.975,Randy Newman,12,The loop version starts at 1.402 of the album version and is cutoff at 46.378 of the album version. The loop version also runs 0.008 secs. faster than the album version.
We’re Out of Gas,Back to the Future III OST,,,14,Disneyland Hotel,"August 1, 2011",,Frontier Tower [REF],,,00:27.172,Alan Silvestri,19,The loop version starts at 25.231 of the album version and is cutoff at 52.404 of the album version.
The Suns of Katie Elder (Main Theme),Western Film Themes: The Essential Album,1,,17,Disneyland Hotel,"August 1, 2011",,Frontier Tower [REF],,,2:10.018,City of Prague Philharmonic,24,
Stagecoach (Opening and Closing Titles),Western Film Themes: The Essential Album,1,,18,Disneyland Hotel,"August 1, 2011",,Frontier Tower [REF],,,2:29.912,City of Prague Philharmonic,5,Edited; The loop version is cutoff at 2:30.260 of the album version.
The Comancheros (Main Title Theme),Western Film Themes: The Essential Album,2,,8,Disneyland Hotel,"August 1, 2011",,Frontier Tower [REF],,,1:34.816,City of Prague Philharmonic,17,The loop version starts at 1:00.354 of the album version.
Unknown instrumental segment,Toy Story Midway Mania Area Music,,,,Disneyland Hotel,"August 1, 2011",,Frontier Tower [REF],,,00:49.773,,13,
Unknown instrumental segment,Toy Story Midway Mania Area Music,,,,Disneyland Hotel,"August 1, 2011",,Frontier Tower [REF],,,2:31.011,,22,
Unknown instrumental segment,Toy Story Midway Mania Area Music,,,,Disneyland Hotel,"August 1, 2011",,Frontier Tower [REF],,,0:45.913,,23,
Fantasyland Castle Medley,Walt Disney Records Presents: The Official Album (1997),,,,Disneyland Hotel,"December 1, 2011",,Fantasy Tower Lobby v.4,"This loop is thought to have played in the Fantasy Tower of the Disneyland Hotel since around December 2011, after the completion of the tower’s remodeling. It plays inside the Fantasy Tower and inside the adjoining Convention Center, and outside those areas as well, by the E-Ticket pool. It may sometimes be also audible on the event green. Tracklist compiled by wedroy1923 and pixelated on MouseBits, see https://mousebits.com/smf/index.php?topic=5700.msg59023#msg59023 (2012).",00:56:09.288,5:38,,1,Crossfades into next track
I'm Wishing / With a Smile and a Song,Symphonic Magic,,,,Disneyland Hotel,"December 1, 2011",,Fantasy Tower Lobby v.4,,,03:29,Kingston Symphony Orchestra conducted by Glen Fast,14,
A Dream is a Wish Your Heart Makes,The Royal Philharmonic Orchestra Visits Magical Movieland,,,,Disneyland Hotel,"December 1, 2011",,Fantasy Tower Lobby v.4,,,02:22,The Royal Philharmonic Orchestra ,6,
Once Upon a Dream,Disney Strings Fantasy,,,,Disneyland Hotel,"December 1, 2011",,Fantasy Tower Lobby v.4,,,03:01,,19,Crossfades into next track
Enchanted Suite ,Enchanted Motion Picture Soundtrack,,,,Disneyland Hotel,"December 1, 2011",,Fantasy Tower Lobby v.4,,,04:28,,16,
A Cottage in the Woods,Sleeping Beauty OST,,,,Disneyland Hotel,"December 1, 2011",,Fantasy Tower Lobby v.4,,,02:05,,11,Edited to include 01:22 - End
Dress Building,The Music of Disney's Cinderella [1995],,Walt Disney Records,9,Disneyland Hotel,"December 1, 2011",,Fantasy Tower Lobby v.4,,,,Mack David,7,Second part of the album track “Entanglements / Dress Building”
Return to Neverland Main Title,Return to Neverland Motion Picture Soundtrack,,,,Disneyland Hotel,"December 1, 2011",,Fantasy Tower Lobby v.4,,,2:02,Joel Neely,2,
“it’s a small world” Queue/Entrance Music,Walt Disney and the 1964 Word's Fair,,,,Disneyland Hotel,"December 1, 2011",,Fantasy Tower Lobby v.4,,,03:03,"Bobby Hammack, Richard M. Sherman, Robert B. Sherman",4,
Magical House Cleaning / Blue or Pink,Sleeping Beauty OST,,,,Disneyland Hotel,"December 1, 2011",,Fantasy Tower Lobby v.4,,,~02.41,,9,Edited to include 00.00 - ~02.42
Bibbidi Bobbidi Boo,Symphonic Magic,,,,Disneyland Hotel,"December 1, 2011",,Fantasy Tower Lobby v.4,,,02:45,City of Prague Philharmonic Orchestra,20,
March of the Cards,Unreleased,,,,Disneyland Hotel,"December 1, 2011",,Fantasy Tower Lobby v.4,,,02:17,,17,Extended cut of the same version that appeared on the Walt Disney World Forever system.
You Can Fly,Imagineering the Dream (?),,,,Disneyland Hotel,"December 1, 2011",,Fantasy Tower Lobby v.4,,,,,21,"Mostly from the Tokyo Disneyland Imagineering the Dream album -- but, it has a harp/woodwind ""flourish"" at the beginning of the track that is NOT found on the album. It can be found, though, on some of the Peter Pan ridethrough mixes (as is often used as a transition between the London scenes with lyrics, to the Never Land scene without.)"
So This is Love Waltz,Disney's Cinderella,,,,Disneyland Hotel,"December 1, 2011",,Fantasy Tower Lobby v.4,,,01:57,,13,
Painting the Roses Red,Unreleased,,,,Disneyland Hotel,"December 1, 2011",,Fantasy Tower Lobby v.4,,,02:05,,5,Extended cut of the same version that appeared on the Walt Disney World Forever system. Crossfades into next track.
Snow White and the Seven Dwarfs Overture,Snow White and the Seven Dwarfs OST,,,,Disneyland Hotel,"December 1, 2011",,Fantasy Tower Lobby v.4,,,02:08,,8,
Whistle While You Work,Disney's Orchestra Collection Vol. 3,,,,Disneyland Hotel,"December 1, 2011",,Fantasy Tower Lobby v.4,,,02.30,Neverland Orchestra,3,
Someday My Prince Will Come,Disney's Orchestra Collection Volume 2,,,,Disneyland Hotel,"December 1, 2011",,Fantasy Tower Lobby v.4,,,02:22,Neverland Orchestra,10,Edited to include ~00.56 - 03.19 of 03.23
The Caucus Race,Unreleased,,,,Disneyland Hotel,"December 1, 2011",,Fantasy Tower Lobby v.4,,,02:13,,18,Extended cut of the same version that appeared on the Walt Disney World Forever system.
Casey Junior / Dumbo's Triumph,Casey Junior Circus Train attraction at Disneyland,,,,Disneyland Hotel,"December 1, 2011",,Fantasy Tower Lobby v.4,,,01:30,,12,"The first portion is unique to the attraction, edited to include the crest of the hill ""I think I can"" through the ""Dumbo's Triumph"" segment. Only sound effects, though, are the whistles that play on the attraction at the end of Triumph. The second portion is an edited version of the track ""Dumbo's Triumph"" on the Dumbo motion picture soundtrack."
When You Wish Upon a Star (Instrumental),Unreleased,,,,Disneyland Hotel,"December 1, 2011",,Fantasy Tower Lobby v.4,,,02:06,,15,"Sounds like the version from the Pinocchio soundtrack, without the vocals."
A Gift to You,"Just the Music, Vol. 1 ",,"NorthSound Music Group, Inc., Walt Disney Records",12,Disneyland Hotel,"January 1, 2001 → January 1, 2011",,Fantasy Tower Lobby v.1,,,,,19,
Once Upon a Dream,"Just the Music, Vol. 1 ",,"NorthSound Music Group, Inc., Walt Disney Records",10,Disneyland Hotel,"January 1, 2001 → January 1, 2011",,Fantasy Tower Lobby v.1,,,,,17,
Just Around the Riverbend,"Just the Music, Vol. 1 ",,"NorthSound Music Group, Inc., Walt Disney Records",7,Disneyland Hotel,"January 1, 2001 → January 1, 2011",,Fantasy Tower Lobby v.1,,,,,14,
A Dream is a Wish Your Heart Makes,"Just the Music, Vol. 1 ",,"NorthSound Music Group, Inc., Walt Disney Records",4,Disneyland Hotel,"January 1, 2001 → January 1, 2011",,Fantasy Tower Lobby v.1,,,,,11,
You'll Be In My Heart,"Just the Music, Vol. 1 ",,"NorthSound Music Group, Inc., Walt Disney Records",8,Disneyland Hotel,"January 1, 2001 → January 1, 2011",,Fantasy Tower Lobby v.1,,,,,15,
You Can Fly! You Can Fly! You Can Fly!,"Disney's Orchestra Collection, Vol. 2 ",,Japan Publications Trading Co.,12,Disneyland Hotel,"January 1, 2001 → January 1, 2011",,Fantasy Tower Lobby v.1,,,,,24,
Under the Sea,"Disney's Orchestra Collection, Vol. 3 ",,Japan Publications Trading Co.,10,Disneyland Hotel,"January 1, 2001 → January 1, 2011",,Fantasy Tower Lobby v.1,,,,,5,
Beauty and the Beast,"Just the Music, Vol. 1 ",,"NorthSound Music Group, Inc., Walt Disney Records",2,Disneyland Hotel,"January 1, 2001 → January 1, 2011",,Fantasy Tower Lobby v.1,,,,,9,
Saludos Amigos,"Disney's Orchestra Collection, Vol. 3 ",,Japan Publications Trading Co.,14,Disneyland Hotel,"January 1, 2001 → January 1, 2011",,Fantasy Tower Lobby v.1,,,,,7,
Hero of the Story,"Just the Music, Vol. 1 ",,"NorthSound Music Group, Inc., Walt Disney Records",11,Disneyland Hotel,"January 1, 2001 → January 1, 2011",,Fantasy Tower Lobby v.1,,,,,18,
Circle of Life,"Disney's Orchestral Collection, Vol. 3 ",,Japan Publications Trading Co.,2,Disneyland Hotel,"January 1, 2001 → January 1, 2011",,Fantasy Tower Lobby v.1," The starting track is based on CThaddeus' recording; there are large gaps between many of the songs (particularly the Just the Music tracks) which makes it difficult to tell where the loop starts and ends, although there's an argument for saying it would sort of make sense for Be Our Guest to be track 1. Many of the Orchestral Collection tracks are edited in a similar fashion to their appearances in other DLH loops. Loop removed in either 2010 or 2011. Based on a reference recording by CThaddeus from August 2010 and compiled by C33. Tracklist compiled by wedroy1923 and pixelated. See MouseBits, https://mousebits.com/smf/index.php?topic=5700.msg60869#msg60869 (2012).",01:16:17,,,1,
A Spoonful of Sugar,"Disney's Orchestra Collection, Vol. 1 ",,Japan Publications Trading Co.,15,Disneyland Hotel,"January 1, 2001 → January 1, 2011",,Fantasy Tower Lobby v.1,,,,,23,
Part of Your World,"Just the Music, Vol. 1 ",,"NorthSound Music Group, Inc., Walt Disney Records",6,Disneyland Hotel,"January 1, 2001 → January 1, 2011",,Fantasy Tower Lobby v.1,,,,,13,
The Colors of the Wind,"Disney's Orchestral Collection, Vol. 3 ",,Japan Publications Trading Co.,16,Disneyland Hotel,"January 1, 2001 → January 1, 2011",,Fantasy Tower Lobby v.1,,,,,2,
Someday My Prince Will Come,"Disney's Orchestra Collection, Vol. 2 ",,Japan Publications Trading Co.,17,Disneyland Hotel,"January 1, 2001 → January 1, 2011",,Fantasy Tower Lobby v.1,,,,,6,
Cruella de Vil,"Disney's Orchestra Collection, Vol. 2",,Japan Publications Trading Co.,5,Disneyland Hotel,"January 1, 2001 → January 1, 2011",,Fantasy Tower Lobby v.1,,,,,3,
When You Wish Upon a Star,"Just the Music, Vol. 1 ",,"NorthSound Music Group, Inc., Walt Disney Records",1,Disneyland Hotel,"January 1, 2001 → January 1, 2011",,Fantasy Tower Lobby v.1,,,,,8,
What Child Is This,"Just the Music, Vol. 1 ",,"NorthSound Music Group, Inc., Walt Disney Records",9,Disneyland Hotel,"January 1, 2001 → January 1, 2011",,Fantasy Tower Lobby v.1,,,,,16,
Be Our Guest,"Disney's Orchestra Collection, Vol. 1 ",,Japan Publications Trading Co.,14,Disneyland Hotel,"January 1, 2001 → January 1, 2011",,Fantasy Tower Lobby v.1,,,,,22,
Go The Distance,"Disney's Orchestra Collection, Vol. 2 ",,Japan Publications Trading Co.,18,Disneyland Hotel,"January 1, 2001 → January 1, 2011",,Fantasy Tower Lobby v.1,,,,,25,
If I Never Knew You,"Just the Music, Vol. 1 ",,"NorthSound Music Group, Inc., Walt Disney Records",12,Disneyland Hotel,"January 1, 2001 → January 1, 2011",,Fantasy Tower Lobby v.1,,,,,21,
Bogeyman Boogie,Dr. Steel,,,,Disneyland Hotel,"January 1, 2001 → January 1, 2011",,Fantasy Tower Lobby v.1,,,,People of Earth,20,"It's an extremely odd choice and it's hard to believe that played at the hotel for 9 years or so, but yes this was in the reference recording."
When She Loved Me,"Just the Music, Vol. 1 ",,"NorthSound Music Group, Inc., Walt Disney Records",5,Disneyland Hotel,"January 1, 2001 → January 1, 2011",,Fantasy Tower Lobby v.1,,,,,12,
A Dream is a Wish Your Heart Makes,"Disney's Orchestra Collection, Vol. 2 ",,Japan Publications Trading Co.,14,Disneyland Hotel,"January 1, 2001 → January 1, 2011",,Fantasy Tower Lobby v.1,,,,,4,
Reflection,"Just the Music, Vol. 1 ",,"NorthSound Music Group, Inc., Walt Disney Records",3,Disneyland Hotel,"January 1, 2001 → January 1, 2011",,Fantasy Tower Lobby v.1,,,,,10,
Heigh Ho,Disney's Orchestral Collection Vol. 1 ,,,8,Disneyland Hotel,"January 1, 2011 → November 1, 2011",,"Fantasy Tower Lobby v.2, Goofy's Kitchen","This loop played in the Fantasy Tower of the Disneyland Hotel for a brief time in 2011. It also played for some time in Goofy’s Kitchen. Tracklist compiled by pixelated. See MouseBits, https://mousebits.com/smf/index.php?topic=5700.msg54050#msg54050 (2011).",Unknown,,,1,Starts at 0:51.499 of the album version
Pink Elephants on Parade,Disney’s Greatest Volume 3,,,,Disneyland Hotel,"November 1, 2011 → December 1, 2011",,"Disneyland Hotel Porte-Cochère [REF], Fantasy Tower Lobby v.3 [REF]","This loop plays in the Disneyland Hotel entrance/porte-cochere. It also played in the Fantasy Tower (i.e., throughout the Fantasy Tower lobby, the convention center, and the pool area near to the Fantasy Tower and Convention Center) from November to December 2011. It may have stopped playing in Goofy’s Kitchen by November 2014. Tracklist compiled by C33 on MouseBits based on a reference recording by CThaddeus, https://forums.mousebits.com/threads/disneyland-hotel-music-loop.5700/post-60880 (2012). Additional IDs by pixelated and RocketRodsXPR.",01:05:21.3,,Disney Chorus,1,This is a combination of two tracks from the Dumbo OST: 1) Hiccups/Firewater/Bubbles/Did You See That?/Pink Elephants On Parade [04.05 - End] 2) Up a Tree/The Fall/Timothy's Theory [00.00 - 00.21]
Casey Jr,Disney's Orchestral Collection Vol. 3,,,9,Disneyland Hotel,"January 1, 2011 → November 1, 2011",,"Fantasy Tower Lobby v.2, Goofy's Kitchen",,,,,18,
Bibbidi-Bobbidi-Boo,Magical Express,,,,Disneyland Hotel,"January 1, 2011 → November 1, 2011",,"Fantasy Tower Lobby v.2, Goofy's Kitchen",,,,,12,
Alice in Wonderland,Magical Express,,,,Disneyland Hotel,"January 1, 2011 → November 1, 2011",,"Fantasy Tower Lobby v.2, Goofy's Kitchen",,,,,13,Medley with previous track
Songs from Winnie the Pooh,Walt Disney World Band,,,,Disneyland Hotel,"January 1, 2011 → November 1, 2011",,"Fantasy Tower Lobby v.2, Goofy's Kitchen",,,,Walt Disney World Band,9,Edited to include 1:02 - 1:58
Following the Leader,Disney's Orchestral Collection Vol. 3,,,12,Disneyland Hotel,"January 1, 2011 → November 1, 2011",,"Fantasy Tower Lobby v.2, Goofy's Kitchen",,,,,20,
March of the Cards,,,,,Disneyland Hotel,"January 1, 2011 → November 1, 2011",,"Fantasy Tower Lobby v.2, Goofy's Kitchen",,,,,8,"Appears to be the version used in the Disneyland, Magic Kingdom, DLP Esplanade loops"
Who's Afraid of the Big Bad Wolf?,Disney's Orchestral Collection Vol. 1 ,,,10,Disneyland Hotel,"January 1, 2011 → November 1, 2011",,"Fantasy Tower Lobby v.2, Goofy's Kitchen",,,,,2,Starts at 1:02.307 of the album version
It's A Small World,Magical Express,,,,Disneyland Hotel,"January 1, 2011 → November 1, 2011",,"Fantasy Tower Lobby v.2, Goofy's Kitchen",,,,,15,Medley with previous track
Under the Sea,Disney's Orchestral Collection Vol. 3,,,10,Disneyland Hotel,"January 1, 2011 → November 1, 2011",,"Fantasy Tower Lobby v.2, Goofy's Kitchen",,,,,19,
Zip-A-Dee-Doo-Dah v.2,,,,,Disneyland Hotel,"January 1, 2011 → November 1, 2011",,"Fantasy Tower Lobby v.2, Goofy's Kitchen",,,,,17,Unknown source
Zip A Dee Doo Dah v.1 (Attraction Version),Disneyland Forever,,,,Disneyland Hotel,"January 1, 2011 → November 1, 2011",,"Fantasy Tower Lobby v.2, Goofy's Kitchen",,,3:58,,6,From the Splash Mountain/Critter Country BGM and plays right after the main drop on the attraction.
Be Our Guest,Disney's Orchestral Collection Vol. 1 ,,,14,Disneyland Hotel,"January 1, 2011 → November 1, 2011",,"Fantasy Tower Lobby v.2, Goofy's Kitchen",,,,,4,Starts at 0:20.433 of the album version
When You Wish Upon a Star,Magical Express,,,,Disneyland Hotel,"January 1, 2011 → November 1, 2011",,"Fantasy Tower Lobby v.2, Goofy's Kitchen",,,,,16,
Saludos Amigos,Disney's Orchestral Collection Vol. 3,,,14,Disneyland Hotel,"January 1, 2011 → November 1, 2011",,"Fantasy Tower Lobby v.2, Goofy's Kitchen",,,,,21,Edited to include 00.24 - 03.30
Spoonful of Sugar,Disney's Orchestral Collection Vol. 1 ,,,15,Disneyland Hotel,"January 1, 2011 → November 1, 2011",,"Fantasy Tower Lobby v.2, Goofy's Kitchen",,,,,5,
So This is Love,Disney's Orchestral Collection Vol. 1 ,,,11,Disneyland Hotel,"January 1, 2011 → November 1, 2011",,"Fantasy Tower Lobby v.2, Goofy's Kitchen",,,,,3,Starts at 1:40.431 of the album version and stops at 3:42.268 to cut-off the last 11 seconds.
Songs from Winnie the Pooh,Walt Disney World Band,,,,Disneyland Hotel,"January 1, 2011 → November 1, 2011",,"Fantasy Tower Lobby v.2, Goofy's Kitchen",,,,Walt Disney World Band,7,Edited to include 1:59 - end
Mickey Mouse Club March,Magical Express,,,,Disneyland Hotel,"January 1, 2011 → November 1, 2011",,"Fantasy Tower Lobby v.2, Goofy's Kitchen",,,,,14,
No Particular Place To Go/Minnie's Yoo-Hoo Medley,Magical Express,,,,Disneyland Hotel,"January 1, 2011 → November 1, 2011",,"Fantasy Tower Lobby v.2, Goofy's Kitchen",,,,,10,"Tracks are from the WDW Magical Express, also found on the Channel 36 Resort TV audio: http://www.mousebits.com/index.php?page=torrent-details&id=90f2b61e403a7ff7584f5e2cb0bb095b70958402"
Supercalifragilisticexpialidocious,Disney's Orchestral Collection Vol. 3,,,15,Disneyland Hotel,"January 1, 2011 → November 1, 2011",,"Fantasy Tower Lobby v.2, Goofy's Kitchen",,,,,22,
Whistle While You Work,Magical Express,,,,Disneyland Hotel,"January 1, 2011 → November 1, 2011",,"Fantasy Tower Lobby v.2, Goofy's Kitchen",,,,,11,
Who's Afraid of the Big Bad Wolf?,Disney March: Mickey Mouse March,,,8,Disneyland Hotel,"November 1, 2011 → December 1, 2011",,"Disneyland Hotel Porte-Cochère [REF], Fantasy Tower Lobby v.3 [REF]",,,,Columbia March Orchestra,20,Japanese album release (CD)
Alice in Wonderland,Disney March,,,4,Disneyland Hotel,"November 1, 2011 → December 1, 2011",,"Disneyland Hotel Porte-Cochère [REF], Fantasy Tower Lobby v.3 [REF]",,,,,15,Japanese album release (CD)
Song of the South: Zip-A-Dee-Doo-Dah - Arr. Franklyn Marks,Stars and Stripes: An American Concert,,,,Disneyland Hotel,"November 1, 2011 → December 1, 2011",,"Disneyland Hotel Porte-Cochère [REF], Fantasy Tower Lobby v.3 [REF]",,,,The Boston Pops Orchestra & Arthur Fiedler,9,
Fill & Spill Music,Tokyo Disneyland: Mickey’s Philharmagic [2011],,,,Disneyland Hotel,"November 1, 2011 → December 1, 2011",,"Disneyland Hotel Porte-Cochère [REF], Fantasy Tower Lobby v.3 [REF]",,,,,2,Comprised of Be Our Guest/Sorcerer's Apprentice/Whole New World/Mickey Mouse March
Give a Little Whistle/When You Wish Upon a Star,Disney March,,,1,Disneyland Hotel,"November 1, 2011 → December 1, 2011",,"Disneyland Hotel Porte-Cochère [REF], Fantasy Tower Lobby v.3 [REF]",,,,Columbia March Orchestra,6,Japanese album release (CD)
Mary Poppins Medley,From Fabulous Broadway to Hollywood's Reel Thing,,,,Disneyland Hotel,"November 1, 2011 → December 1, 2011",,"Disneyland Hotel Porte-Cochère [REF], Fantasy Tower Lobby v.3 [REF]",,,,Arthur Fiedler & Boston Pops Orchestra,21,
The Wonderful World of Disney Parade - Steamboat Willie,Une Journee a Disneyland Paris OR The Best of Disneyland Resort Paris,,,,Disneyland Hotel,"November 1, 2011 → December 1, 2011",,"Disneyland Hotel Porte-Cochère [REF], Fantasy Tower Lobby v.3 [REF]",,,,,8,
Colonel Hathi's March,The Animated Classics,,,,Disneyland Hotel,"November 1, 2011 → December 1, 2011",,"Disneyland Hotel Porte-Cochère [REF], Fantasy Tower Lobby v.3 [REF]",,,,The London Pops Orchestra & Conducted by Nelson Corbin,5,
There's a Great Big Beautiful Tomorrow,Walt Disney and the 1964 World's Fair,1,,1,Disneyland Hotel,"November 1, 2011 → December 1, 2011",,"Disneyland Hotel Porte-Cochère [REF], Fantasy Tower Lobby v.3 [REF]",,,,,16,
Dodd: Mickey Mouse March-Arr. Bill Pape,Evening at Pops,,,,Disneyland Hotel,"November 1, 2011 → December 1, 2011",,"Disneyland Hotel Porte-Cochère [REF], Fantasy Tower Lobby v.3 [REF]",,,,Arthur Fiedler & The Boston Pops Orchestra,7,
Mickey Mouse March,"Disney's Orchestra Collection, Vol. 2",,,,Disneyland Hotel,"November 1, 2011 → December 1, 2011",,"Disneyland Hotel Porte-Cochère [REF], Fantasy Tower Lobby v.3 [REF]",,,,Neverland Orchestra,19,
King Mickey (Mickey Mouse March),Walt Disney World Band,,,,Disneyland Hotel,"November 1, 2011 → December 1, 2011",,"Disneyland Hotel Porte-Cochère [REF], Fantasy Tower Lobby v.3 [REF]",,,,Walt Disney World Band,11,
Snow White and the Seven Dwarfs - Fantasy - Arr. Peter Bodge,Salute to Disney,,,,Disneyland Hotel,"November 1, 2011 → December 1, 2011",,"Disneyland Hotel Porte-Cochère [REF], Fantasy Tower Lobby v.3 [REF]",,,,The Boston Pops Orchestra & Arthur Fiedler,13,
Whistle While You Work,"Disney's Orchestral Collection, Vol. 3",,,,Disneyland Hotel,"November 1, 2011 → December 1, 2011",,"Disneyland Hotel Porte-Cochère [REF], Fantasy Tower Lobby v.3 [REF]",,,,Neverland Orchestra,3,edited to include 00:19 - End
Minnie's Yoo Hoo,Disney March: Mickey Mouse March,,,12,Disneyland Hotel,"November 1, 2011 → December 1, 2011",,"Disneyland Hotel Porte-Cochère [REF], Fantasy Tower Lobby v.3 [REF]",,,,Columbia March Orchestra,17,Japanese album release (CD)
Following the Leader,Disney's Orchestra Collection,,,,Disneyland Hotel,"November 1, 2011 → December 1, 2011",,"Disneyland Hotel Porte-Cochère [REF], Fantasy Tower Lobby v.3 [REF]",,,,Neverland Orchestra,10,
Cinderellabration Parade,Tokyo Disneyland: Treasures of Fantasy (box set),10,,2,Disneyland Hotel,"November 1, 2011 → December 1, 2011",,"Disneyland Hotel Porte-Cochère [REF], Fantasy Tower Lobby v.3 [REF]",,,,,12,
Fantasmic! Exit Music,Disney’s 75 Years of Music and Memories Volume III,,,,Disneyland Hotel,"November 1, 2011 → December 1, 2011",,"Disneyland Hotel Porte-Cochère [REF], Fantasy Tower Lobby v.3 [REF]",,,,Bruce Healey & Barnette Ricci,4,
Hi Diddle Dee Dee,"Disney's Orchestra Collection, Vol. 2",,,,Disneyland Hotel,"November 1, 2011 → December 1, 2011",,"Disneyland Hotel Porte-Cochère [REF], Fantasy Tower Lobby v.3 [REF]",,,,Neverland Orchestra,18,
Casey Jr./Mickey Mouse Club March/You Can Fly! You Can Fly! You Can Fly!/A Spoonful Of Sugar,Tokyo Disneyland Music Album [2001],,,3,Disneyland Hotel,"November 1, 2011 → December 1, 2011",,"Disneyland Hotel Porte-Cochère [REF], Fantasy Tower Lobby v.3 [REF]",,,,,14,This is the Mickey Mouse Revue Load / Unload track. Edited to include 00.00 - 02.34
Mele Ka ‘Aeko,Hotel Honolulu: The Hawaiian Tribute to the Eagles,,,,Disneyland Hotel,"May 25, 2011",,Trader Sam's [REF],,,,Jim “Kimo” West,19,
Tune from Rangoon,Martin Denny: 50 Classic Tracks,,,,Disneyland Hotel,"May 25, 2011",,Trader Sam's [REF],,,,Martin Denny,36,
Pipeline,Pipeline,,,,Disneyland Hotel,"May 25, 2011",,Trader Sam's [REF],,,,The Chantays,16,
Misirlou,"Ultra-Lounge, Vol. 1: Mondo Exotica",,,,Disneyland Hotel,"May 25, 2011",,Trader Sam's [REF],,,,Martin Denny,35,
Enchantment,Voodoo!,,,,Disneyland Hotel,"May 25, 2011",,Trader Sam's [REF],,,,Robert Drasnin,37,
Song of the Islands (Na Lei O Hawaii),Hawaiian Sunset,,,,Disneyland Hotel,"May 25, 2011",,Trader Sam's [REF],,,,Arthur Lyman,26,
Blue Hawaii,Steel Guitar Magic: Hawaiian Style,,,,Disneyland Hotel,"May 25, 2011",,Trader Sam's [REF],,,,All Star Hawaiian Band,12,
Tiny Bubbles,"Hawaii's Greatest Hits, Vol. 2",,,,Disneyland Hotel,"May 25, 2011",,Trader Sam's [REF],,,,New Hawaiian Band,17,
Tequila Sunrise,Hotel Honolulu: The Hawaiian Tribute to the Eagles,,,,Disneyland Hotel,"May 25, 2011",,Trader Sam's [REF],,,,Jim “Kimo” West,23,
Ali'i Fire Dance,Stereo Exotique,,,,Disneyland Hotel,"May 25, 2011",,Trader Sam's [REF],,,,The Tikiyaki Orchestra,7,
Return to Moorea,Dance of the Virgins,,,,Disneyland Hotel,"May 25, 2011",,Trader Sam's [REF],,,,Martini Kings,3,
Erotica Exotica,Tiki Pop,,,,Disneyland Hotel,"May 25, 2011",,Trader Sam's [REF],,,,Kenny Sasaki & The Tiki Boys,25,
The Perfect Wave,Surf Sensation,,,,Disneyland Hotel,"May 25, 2011",,Trader Sam's [REF],,,,The Mel-Tones,11,
Martinique,Martin Denny: 50 Classic Tracks,,,,Disneyland Hotel,"May 25, 2011",,Trader Sam's [REF],,,,Martin Denny,2,
Stranded In Paradise,Stereo Exotique,,,,Disneyland Hotel,"May 25, 2011",,Trader Sam's [REF],,,,The Tikiyaki Orchestra,10,
Sunset On the Kona Kai,Swingin' Sounds for the Jungle Jetset!,,,,Disneyland Hotel,"May 25, 2011",,Trader Sam's [REF],"This loop plays inside of Trader Sam’s at the Disneyland Hotel. See MouseBits, Re: https://mousebits.com/smf/index.php?topic=6909.msg58009#msg58009. Compiled by C33 (MouseBits; 2012 and MagicMusic; 2012).",01:58:49,,The Tikiyaki Orchestra,1,
Tiki Cabana,Surf Sensation,,,,Disneyland Hotel,"May 25, 2011",,Trader Sam's [REF],,,,The Mel-Tones,20,
Last Sampan to Kowloon,Swingin' Sounds for the Jungle Jetset!,,,,Disneyland Hotel,"May 25, 2011",,Trader Sam's [REF],,,,The Tikiyaki Orchestra,18,
Tiki Hut,Sounds from the Tiki Hut,,,,Disneyland Hotel,"May 25, 2011",,Trader Sam's [REF],,,,Miles Corbin,34,
Peaceful Easy Feeling,Hotel Honolulu: The Hawaiian Tribute to the Eagles,,,,Disneyland Hotel,"May 25, 2011",,Trader Sam's [REF],,,,Jim “Kimo” West,8,
Tradewind,Eden's Island,,,,Disneyland Hotel,"May 25, 2011",,Trader Sam's [REF],,,,Eden Ahbez,29,
Hawaiian War Chant (Instrumental Version),,,,,Disneyland Hotel,"May 25, 2011",,Trader Sam's [REF],,,,Walt Disney's Enchanted Tiki Room,40,Never produced for commercial sale.
Yellow Bird,Yellow Bird,,,,Disneyland Hotel,"May 25, 2011",,Trader Sam's [REF],,,,Arthur Lyman,30,
Exotica ‘97,The Forbidden Sounds of Don Tiki,,,,Disneyland Hotel,"May 25, 2011",,Trader Sam's [REF],,,,Don Tiki & Martin Denny,22,
Dan-o's Day Off,Swingin' Sounds for the Jungle Jetset!,,,,Disneyland Hotel,"May 25, 2011",,Trader Sam's [REF],,,,The Tikiyaki Orchestra,33,
Pearly Shells (Popo O Ewa),"Hawaii's Greatest Hits, Vol. 2",,,,Disneyland Hotel,"May 25, 2011",,Trader Sam's [REF],,,,New Hawaiian Band,14,
Moonlight Time in Old Hawaii,Walt Disney and the 1964 World's Fair,,,,Disneyland Hotel,"May 25, 2011",,Trader Sam's [REF],,,,Ford's Magic Skyway,21,
Fly Me To The Island,Island Slumber,,,,Disneyland Hotel,"May 25, 2011",,Trader Sam's [REF],,,,Kenny Sasaki & The Tiki Boys,39,
At the Tiki Bar,Tiki Moon,,,,Disneyland Hotel,"May 25, 2011",,Trader Sam's [REF],,,,Kenny Sasaki & The Tiki Boys,32,
Adventures in Paradise,Adventures in Paradise,,,,Disneyland Hotel,"May 25, 2011",,Trader Sam's [REF],,,,The Waitiki 7,24,
Makaha,Swingin' Sounds for the Jungle Jetset,,,,Disneyland Hotel,"May 25, 2011",,Trader Sam's [REF],,,,The Tikiyaki Orchestra,6,
"Black Sand, Blue Sea",Stereoexotique,,,,Disneyland Hotel,"May 25, 2011",,Trader Sam's [REF],,,,The Tikiyaki Orchestra,28,
Tiki Diva,Tiki Moon,,,,Disneyland Hotel,"May 25, 2011",,Trader Sam's [REF],,,,Kenny Sasaki & The Tiki Boys,4,
Chant of the Moon,Exotic Excursion,,,,Disneyland Hotel,"May 25, 2011",,Trader Sam's [REF],,,,Robert Drasnin,27,
Hypnotique,"Ultra-Lounge, Vol. 1: Mondo Exotica",,,,Disneyland Hotel,"May 25, 2011",,Trader Sam's [REF],,,,Martin Denny,15,
Taboo Tu,Taboo 2: New Exotic Sounds of Arthur Lyman,,,,Disneyland Hotel,"May 25, 2011",,Trader Sam's [REF],,,,Arthur Lyman,42,
Theme From Hawaii Five-O,50 Classic TV Themes,,,,Disneyland Hotel,"May 25, 2011",,Trader Sam's [REF],,,,Soundtrack & Theme Orchestra,9,Correct source yet to be determined
Bustin' Surfboards,Bustin' Surfboards,,,,Disneyland Hotel,"May 25, 2011",,Trader Sam's [REF],,,,The Tornadoes,5,
Caravan,"Ultra-Lounge, Vol. 1: Mondo Exotica",,,,Disneyland Hotel,"May 25, 2011",,Trader Sam's [REF],,,,80 Drums Around The World,13,
Ruby,New Sounds of Exotica,,,,Disneyland Hotel,"May 25, 2011",,Trader Sam's [REF],,,,The Waitiki 7,38,
Pineapple Princess,Hawaii,,,,Disneyland Hotel,"May 25, 2011",,Trader Sam's [REF],,,,Santo & Johnny,41,
Sleepwalk,,,,,Disneyland Hotel,"May 25, 2011",,Trader Sam's [REF],,,,Santo & Johnny,31,Correct source yet to be determined
Ua Haavarevare,Beachcomber Serenade,,Viking,,Disneyland Hotel,"May 25, 2011",,Tangaroa Terrace [REF],"This music plays outside of Trader Sam’s and in the vicinity of the Tangaroa Terrace. The Tokyo Disneyland Enchanted Tiki Room queue music shares tracks with this loop. Tracklist compiled by pixelated and wedroy1923. See MouseBits, https://mousebits.com/smf/index.php?topic=6909.msg59114#msg59114 and Magic Music: https://community.magicmusic.net/playlists/tangaroa-terrace.81/.",00:59:40,3:01.946,The South Sea Serenaders,1,Starts with ~0.5 second silent gap
Claude,Howard Rumsey: Music For Lighthouse Keepin' / In The Solo Spotlight!,,,,Disneyland Hotel,,,Steakhouse 55 [REF],,00:44:32.012,,Howard Rumsey’s Lighthouse All-Stars,1,Available on SoulSeek
When You Wish Upon a Star,Brotherhood (or Ballad Essentials: Gene Harris),,,,Disneyland Hotel,,,Steakhouse 55 [REF],,,,Gene Harris,2,
Moonlight Becomes You,,,,,Disneyland Hotel,,,Steakhouse 55 [REF],,,,Chet Baker,6,
Funny Frank,Howard Rumsey: Music For Lighthouse Keepin' / In The Solo Spotlight!,,,,Disneyland Hotel,,,Steakhouse 55 [REF],,,,Howard Rumsey’s Lighthouse All-Stars,8,Available on SoulSeek
If You Are There,Howard Rumsey: Music For Lighthouse Keepin' / In The Solo Spotlight!,,,,Disneyland Hotel,,,Steakhouse 55 [REF],,,,Howard Rumsey’s Lighthouse All-Stars,9,Available on SoulSeek
Give a Little Whistle (Mono Version),Dave Digs Disney,,,,Disneyland Hotel,,,Steakhouse 55 [REF],,,,The Dave Brubeck Quartet,5,
Strange Meadow Lark,,,,,Disneyland Hotel,,,Steakhouse 55 [REF],,,,The Dave Brubeck Quartet,4,
Sweet Lorraine,The Route,,,,Disneyland Hotel,,,Steakhouse 55 [REF],,,,Chet Baker & Art Pepper,7,
Progress is the Root of All Evil,Li’l Abner,,,,Disneyland Hotel,,,Steakhouse 55 [REF],,,,Shelly Manne,3,
Kiss the Girl,,,,,Disneyland Hotel,,,Goofy's Kitchen v.2,"This loop plays in Goofy’s Kitchen. Tracklist compiled by monorail91 based on notes from a January 2018 visit and posted on Magic Music, Re: https://community.magicmusic.net/threads/goofys-kitchen.5389/ (2018).",Unknown,,Colbie Calliat,1,
Somewday,,,,,Disneyland Hotel,,,Goofy's Kitchen v.2,,,,Donna Summer,14,
The Second Star to the Right,,,,,Disneyland Hotel,,,Goofy's Kitchen v.2,,,,T-Squad,4,
Part of Your World,,,,,Disneyland Hotel,,,Goofy's Kitchen v.2,,,,Jessica Simpson,9,
When You Wish Upon A Star,,,,,Disneyland Hotel,,,Goofy's Kitchen v.2,,,,Kate Voegele,15,
Hakuna Matata,,,,,Disneyland Hotel,,,Goofy's Kitchen v.2,,,,Baha Men,8,
It's a Small World [RapMania! Mix] [Pop Version],,,,,Disneyland Hotel,,,Goofy's Kitchen v.2,,,,Fan_3,12,
"""Under the Sea",,,,,Disneyland Hotel,,,Goofy's Kitchen v.2,,,,Mark Lennon,13,
"Beauty and the Beast ",,,,,Disneyland Hotel,,,Goofy's Kitchen v.2,,,,Jump5,11,
He Lives in You,,,,,Disneyland Hotel,,,Goofy's Kitchen v.2,,,,Elijah Kelley,2,
You’ll Be in My Heart,,,,,Disneyland Hotel,,,Goofy's Kitchen v.2,,,,Teddy Geiger,7,
A Dream is a Wish Your Heart Makes,,,,,Disneyland Hotel,,,Goofy's Kitchen v.2,,,,Disney Channel Stars,6,
Colors of The Wind,,,,,Disneyland Hotel,,,Goofy's Kitchen v.2,,,,Vanessa Hudgens,5,
So This is Love,,,,,Disneyland Hotel,,,Goofy's Kitchen v.2,,,,The Cheetah Girls,3,
Unknown,,,,,Disneyland Hotel,,,Goofy's Kitchen v.2,,,,,10,"“Couldn't make it out, but SoundHound said it was something from the Disney Ambassador Hotel album”"
Music to Buy Toasters By (Medallion City),Walt Disney and the 1964 World's Fair,1,Walt Disney Records,8,Disneyland Hotel,,,Blue Sky Suite,"On the wall panel for the Blue Sky Suite at the Disneyland Hotel, there is an option for BGM which plays over the suite's ceiling sound system. This track just loops and is the only track available. See MouseBits, https://mousebits.com/smf/index.php?topic=9422.msg88931#msg88931 (2016).",~00:09:54,,,1,The end of the track loops to an unknown point in the track
Polynesian Village Love Theme,"Aloha, Baby!",,,,Disneyland Hotel,"November 1, 2011",,Trader Sam's Holiday [REF],"This loop plays inside of Trader Sam’s during the holiday season. Tracklist compiled by kkocka and others on MouseBits, https://mousebits.com/smf/index.php?topic=8201.msg77492#msg77492 (2013). Loop track lengths should be mostly accurate, which indicates that some edits are present. Verified by C33 on Magic Music, https://community.magicmusic.net/playlists/trader-sams-holiday.64/ (2017).",~01:57:38,1:58,The Tikiyaki Orchestra,1,
La Hula Rhumba,"Aloha, Baby!",,,,Disneyland Hotel,"November 1, 2011",,Trader Sam's Holiday [REF],,,2:51,The Tikiyaki Orchestra,13,
Jingle Bells,Santa's Gone Hawaiian,,,,Disneyland Hotel,"November 1, 2011",,Trader Sam's Holiday [REF],,,2:35,Genoa Keawe,34,
Oasis of Dakhla,Exotic Moods of Les Baxter,,,,Disneyland Hotel,"November 1, 2011",,Trader Sam's Holiday [REF],,,3:43,Les Baxter,21,
Silent Night,Santa's Gone Hawaiian,,,,Disneyland Hotel,"November 1, 2011",,Trader Sam's Holiday [REF],,,3:30,Genoa Keawe,7,
Christmas Island,Christmas in Hawaii,,,,Disneyland Hotel,"November 1, 2011",,Trader Sam's Holiday [REF],,,2:35,Jerry Byrd,22,
Jingle Bell Rock,Hawaiian Slack Key Christmas,,,,Disneyland Hotel,"November 1, 2011",,Trader Sam's Holiday [REF],,,2:59,Ozzie Kotani,18,
Christmas Time is Here,Christmas on Big Island,,,,Disneyland Hotel,"November 1, 2011",,Trader Sam's Holiday [REF],,,3:46,The Blue Hawaiians,20,
Sleigh Ride,The Ventures' Christmas Album,,,,Disneyland Hotel,"November 1, 2011",,Trader Sam's Holiday [REF],,,1:37,The Ventures,27,
Silent Night,Christmas in Hawaii,,,,Disneyland Hotel,"November 1, 2011",,Trader Sam's Holiday [REF],,,2:26,Jerry Byrd,29,
Winter Wonderland,Christmas in Hawaii,,,,Disneyland Hotel,"November 1, 2011",,Trader Sam's Holiday [REF],,,3:24,Jerry Byrd,12,
White Christmas,Christmas in Hawaii,,,,Disneyland Hotel,"November 1, 2011",,Trader Sam's Holiday [REF],,,2:47,Jerry Byrd,39,
Tiki Diva,Tiki Moon,,,,Disneyland Hotel,"November 1, 2011",,Trader Sam's Holiday [REF],,,4:51,Kenny Sasaki and the Tiki Boys,40,
The Christmas Song,'Tis the Season for Los Straitjackets,,,,Disneyland Hotel,"November 1, 2011",,Trader Sam's Holiday [REF],,,3:10,Los Straitjackets,17,
Blue Christmas,Christmas on Big Island,,,,Disneyland Hotel,"November 1, 2011",,Trader Sam's Holiday [REF],,,3:30,The Blue Hawaiians,31,
Have Yourself a Quiet Little Christmas,Christmas on Big Island,,,,Disneyland Hotel,"November 1, 2011",,Trader Sam's Holiday [REF],,,4:12,The Blue Hawaiians,11,
Martinique,Exotica! The Best of Martin Denny,,,,Disneyland Hotel,"November 1, 2011",,Trader Sam's Holiday [REF],,,2:38,Martin Denny,15,
Enchanted Xmas,Christmas on Big Island,,,,Disneyland Hotel,"November 1, 2011",,Trader Sam's Holiday [REF],,,2:59,The Blue Hawaiians,37,
In Search of Mei Ting,"Aloha, Baby!",,,,Disneyland Hotel,"November 1, 2011",,Trader Sam's Holiday [REF],,,4:05,The Tikiyaki Orchestra,26,
White Christmas,Christmas on Big Island,,,,Disneyland Hotel,"November 1, 2011",,Trader Sam's Holiday [REF],,,3:28,The Blue Hawaiians,24,
Christmas Island,Christmas Cocktails Part Two,,,,Disneyland Hotel,"November 1, 2011",,Trader Sam's Holiday [REF],,,2:25,The Dinning Sisters & Bob Atcher,41,
Auld Lang Syne,Hawaiian Slack Key Christmas,,,,Disneyland Hotel,"November 1, 2011",,Trader Sam's Holiday [REF],,,3:00,Cyril Pahinui & Bob Brozman,43,
Away in a Manger,Christmas in Hawaii,,,,Disneyland Hotel,"November 1, 2011",,Trader Sam's Holiday [REF],,,1:46,Jerry Byrd,16,
Jungle Bells,Christmas on Big Island,,,,Disneyland Hotel,"November 1, 2011",,Trader Sam's Holiday [REF],,,2:57,The Blue Hawaiians,4,
When First I Love,Exotica! The Best of Martin Denny,,,,Disneyland Hotel,"November 1, 2011",,Trader Sam's Holiday [REF],,,2:25,Martin Denny,6,
What Child Is This?,Christmas in Hawaii,,,,Disneyland Hotel,"November 1, 2011",,Trader Sam's Holiday [REF],,,2:22,Jerry Byrd,10,
Rudolph the Red Nosed Reindeer,With a Christmas Vibe,,,,Disneyland Hotel,"November 1, 2011",,Trader Sam's Holiday [REF],,,1:14,Arthur Lyman,32,
Hawai'i Nocturne,"Aloha, Baby!",,,,Disneyland Hotel,"November 1, 2011",,Trader Sam's Holiday [REF],,,3:15,The Tikiyaki Orchestra,23,
Frosty the Snowman,The Ventures' Christmas Album,,,,Disneyland Hotel,"November 1, 2011",,Trader Sam's Holiday [REF],,,2:03,The Ventures,14,
Pool of Love,The Exotic Moods of Les Baxter,,,,Disneyland Hotel,"November 1, 2011",,Trader Sam's Holiday [REF],,,2:04,Lex Baxter,28,
Mele Kalikimaka,Christmas in Hawaii,,,,Disneyland Hotel,"November 1, 2011",,Trader Sam's Holiday [REF],,,1:55,Jerry Byrd,5,
We Wish You a Merry Christmas,The Ventures' Christmas Album,,,,Disneyland Hotel,"November 1, 2011",,Trader Sam's Holiday [REF],,,1:09,The Ventures,8,
Silver Bells,Christmas in Hawaii,,,,Disneyland Hotel,"November 1, 2011",,Trader Sam's Holiday [REF],,,2:27,Jerry Byrd,36,
Love Dance,Exotica! The Best of Martin Denny,,,,Disneyland Hotel,"November 1, 2011",,Trader Sam's Holiday [REF],,,2:30,Martin Denny,9,
Christmas in Hawaii,Christmas in Hawaii,,,,Disneyland Hotel,"November 1, 2011",,Trader Sam's Holiday [REF],,,3:07,Jerry Byrd,25,
We Four Kings (Little Drummer Boy),Christmas on Big Island,,,,Disneyland Hotel,"November 1, 2011",,Trader Sam's Holiday [REF],,,3:43,The Blue Hawaiians,42,
Jungle Flower,Exotica! The Best of Martin Denny,,,,Disneyland Hotel,"November 1, 2011",,Trader Sam's Holiday [REF],,,1:43,Martin Denny,30,
Lahaina Morning Rain,"Aloha, Baby!",,,,Disneyland Hotel,"November 1, 2011",,Trader Sam's Holiday [REF],,,2:15,The Tikiyaki Orchestra,35,
Blue Christmas,Christmas in Hawaii,,,,Disneyland Hotel,"November 1, 2011",,Trader Sam's Holiday [REF],,,2:35,Jerry Byrd,2,
"Black Sand, Blue Sea",Stereoexotique,,,,Disneyland Hotel,"November 1, 2011",,Trader Sam's Holiday [REF],,,3:34,The Tikiyaki Orchestra,3,
Mele Kalikimaka,Christmas with Arthur Godfrey,,,,Disneyland Hotel,"November 1, 2011",,Trader Sam's Holiday [REF],,,1:32,Arthur Godfrey & All The Little Godfreys,19,
Santa Claus is Comin' to Town,The Ventures' Christmas Album,,,,Disneyland Hotel,"November 1, 2011",,Trader Sam's Holiday [REF],,,2:06,The Ventures,38,
Exotic Night,Christmas Cocktails Part Two,,,,Disneyland Hotel,"November 1, 2011",,Trader Sam's Holiday [REF],,,2:16,Martin Denny,33,
Sleigh Ride,Christmas for the 90s ,,,,Disneyland Hotel,,Christmas,"Disneyland Hotel Holiday v.1, Fantasy Tower Lobby Holiday v.1","This loop played inside the Disneyland Hotel during the holiday season. It is known to have played in 2010 and 2013 at least. Tracklist compiled by C33 and pixelated, and is a preliminary listing, see MouseBits: https://mousebits.com/smf/index.php?topic=4845.msg42128#msg42128 (2010) and https://mousebits.com/smf/index.php?topic=8247.msg77610#msg77610 (2013). Begins with 1.61 sec. silent gap.",00:34:56.973, 2:57.053,Arthur Fiedler & the Boston Pops Orchestra,1,
The Christmas Waltz,Christmas with Ronnie Aldrich ,,,,Disneyland Hotel,,Christmas,"Disneyland Hotel Holiday v.1, Fantasy Tower Lobby Holiday v.1",,, 2:29.313,Ronnie Aldrich,8,
Rudolph the Red-Nosed Reindeer,A Christmas Festival ,,,,Disneyland Hotel,,Christmas,"Disneyland Hotel Holiday v.1, Fantasy Tower Lobby Holiday v.1",,, 2:08.290,Arthur Fiedler & the Boston Pops Orchestra,3,
Let It Snow,Christmas With The 101 Strings Orchestra ,,,,Disneyland Hotel,,Christmas,"Disneyland Hotel Holiday v.1, Fantasy Tower Lobby Holiday v.1",,, 2:02.772,101 Strings Orchestra,7,
We Wish You A Merry Christmas,A Festival of Carols in Brass ,,,,Disneyland Hotel,,Christmas,"Disneyland Hotel Holiday v.1, Fantasy Tower Lobby Holiday v.1",,, 1:00.650,Philadelphia Brass Ensemble,14,
The Twelve Days of Christmas,A Festival of Carols in Brass ,,,,Disneyland Hotel,,Christmas,"Disneyland Hotel Holiday v.1, Fantasy Tower Lobby Holiday v.1",,, 3:43.466,Philadelphia Brass Ensemble,12,
Deck the Halls with Boughs of Holly,Music of Christmas ,,,,Disneyland Hotel,,Christmas,"Disneyland Hotel Holiday v.1, Fantasy Tower Lobby Holiday v.1",,, 2:49.435,Percy Faith & His Orchestra,2,
The Christmas Song (Chestnuts Roasting On An Open Fire),Merry Christmas from Doc Severinsen and The Tonight Show Orchestra ,,,,Disneyland Hotel,,Christmas,"Disneyland Hotel Holiday v.1, Fantasy Tower Lobby Holiday v.1",,, 3:58.028,Doc Severinsen,11,crossfade/overlap with next track
Jingle Bells,The Ultimate Relaxation Christmas Album II ,,,,Disneyland Hotel,,Christmas,"Disneyland Hotel Holiday v.1, Fantasy Tower Lobby Holiday v.1",,, 1:52.068,Mantovani & His Orchestra & Sammes Chorus And Singers,6,
White Christmas,Classical Christmas ,,,,Disneyland Hotel,,Christmas,"Disneyland Hotel Holiday v.1, Fantasy Tower Lobby Holiday v.1",,, 2:38.717,The Eden Symphony Orchestra,4,
Silver Bells,Joy to the World ,,,,Disneyland Hotel,,Christmas,"Disneyland Hotel Holiday v.1, Fantasy Tower Lobby Holiday v.1",,, 3:14.739,Eugene Ormandy & the Philadelphia Orchestra,9,crossfade/overlap with next track
Frosty the Snowman,Christmas With The 101 Strings Orchestra ,,,,Disneyland Hotel,,Christmas,"Disneyland Hotel Holiday v.1, Fantasy Tower Lobby Holiday v.1",,, 2:35.134,101 Strings Orchestra,5,crossfade/overlap with next track
Carol of the Bells,The Joy of Christmas,,,,Disneyland Hotel,,Christmas,"Disneyland Hotel Holiday v.1, Fantasy Tower Lobby Holiday v.1",,, 0:51.656,"Leonard Bernstein, New York Philharmonic",13,"Edit points http://www.mediafire.com/download/yq1e6wahy862ov2/Disneyland_Hotel_Fantasy_Tower_holiday_loop_-_Carol_of_the_Bells_edits.flac. The album track has been edited to remove the audio between 00:00:28.909 and 00:00:39.399. In the loop track, that edit sounds like it starts with french horns but in the album track, the brass sounds more like trumpets. The loop track stops at 00:01:02.456 of the album track."
Santa Claus is Coming to Town,A Christmas Festival ,,,,Disneyland Hotel,,Christmas,"Disneyland Hotel Holiday v.1, Fantasy Tower Lobby Holiday v.1",,, 2:35.645,Arthur Fiedler & the Boston Pops Orchestra,10,
Hawaiian Memories,Hawaiian Memories,,RCA Camden – CAS-2373,,Disneyland Hotel,"May 25, 2011",,Tangaroa Terrace [REF],,,3:43.057,Living Strings,14,
The Moon of Manakoora,Shangri-La!,,Collectables,,Disneyland Hotel,"May 25, 2011",,Tangaroa Terrace [REF],,,2:59.745,Percy Faith and His Orchestra,4,
The Far Lands,Beachcomber Serenade,,Viking,,Disneyland Hotel,"May 25, 2011",,Tangaroa Terrace [REF],,,3:46.954,The South Sea Serenaders,2,
Hawaiian Rose,"Webley Edwards Presents ""Hawaii Calls"": Soft Hawaiian Guitars",,ST-2917,,Disneyland Hotel,"May 25, 2011",,Tangaroa Terrace [REF],,,2:28.677,Webley Edwards,16,
Beyond the Reef,Shangri-La!,,Collectables,,Disneyland Hotel,"May 25, 2011",,Tangaroa Terrace [REF],,,2:50.714,Percy Faith and His Orchestra,3,
Trade Winds,"Webley Edwards Presents ""Hawaii Calls"": Soft Hawaiian Guitars",,ST-2917,,Disneyland Hotel,"May 25, 2011",,Tangaroa Terrace [REF],,,3:18.880,,6,
Silver Moon,Musical Orchids from Hawaii,,RCA Camden - CAS-977,,Disneyland Hotel,"May 25, 2011",,Tangaroa Terrace [REF],,,2:26.264,Leo Addeo & His Orchestra,12,
Medley: Aloha My Tani / Aloha Oe (Farewell to Thee),Hawaiian Memories,,RCA Camden – CAS-2373,,Disneyland Hotel,"May 25, 2011",,Tangaroa Terrace [REF],,,4:43.129,Living Strings,8,"Album track edited to use 00:00 - 02:54, 02:15 - End"
My Isle of Golden Dreams,Hawaiian Memories,,RCA Camden – CAS-2373,,Disneyland Hotel,"May 25, 2011",,Tangaroa Terrace [REF],,,5:40.814,Living Strings,9,
Song of the Islands,Golden Hawaiian Hits,,Gnp,,Disneyland Hotel,"May 25, 2011",,Tangaroa Terrace [REF],,,3:20.783,Duke Kamoku & His Islanders,11,
Pearly Shells,Hawaiian Memories,,RCA Camden – CAS-2373,,Disneyland Hotel,"May 25, 2011",,Tangaroa Terrace [REF],,,2:50.499,Living Strings,15,
Little Brown Gal,Ukulele Isle,,Universal Japan,,Disneyland Hotel,"May 25, 2011",,Tangaroa Terrace [REF],,,2:25.349,Ohta-San,7,
My Tane,"Webley Edwards Presents ""Hawaii Calls"": Soft Hawaiian Guitars",,ST-2917,,Disneyland Hotel,"May 25, 2011",,Tangaroa Terrace [REF],,,2:39.775,,5,
Ukelele Lady,Golden Hawaiian Hits,,Gnp,,Disneyland Hotel,"May 25, 2011",,Tangaroa Terrace [REF],,,2:37.786,Duke Kamoku & His Islanders,10,
Orchids from Hawaii,Musical Orchids from Hawaii,,RCA Camden - CAS-977,,Disneyland Hotel,"May 25, 2011",,Tangaroa Terrace [REF],,,2:46.322,Leo Addeo & His Orchestra,13,
Kalena Kai,"Webley Edwards Presents ""Hawaii Calls"": Soft Hawaiian Guitars",,ST-2917,,Disneyland Hotel,"May 25, 2011",,Tangaroa Terrace [REF],,,1:31.278,Webley Edwards,18,
Lei of Stars,"Webley Edwards Presents ""Hawaii Calls"": Soft Hawaiian Guitars",,ST-2917,,Disneyland Hotel,"May 25, 2011",,Tangaroa Terrace [REF],,,2:21.999,Webley Edwards,17,
"To You Sweetheart, Aloha",Hawaiian Memories,,RCA Camden – CAS-2373,,Disneyland Hotel,"May 25, 2011",,Tangaroa Terrace [REF],,,4:05.858,Living Strings,19,
It's The Most Wonderful Time Of The Year,The Most Wonderful Time Of The Year,,,,"Downtown Disney District, Esplanade-Main Gates",,Christmas,"DTDD Daytime Holiday, Esplanade Holiday v.2","This loop plays in the Downtown Disney District area from 5AM to 8PM during the holiday season. It also played in the Esplanade for Christmas 2018 (possibly other years, but unverified). See MouseBits, Re: https://mousebits.com/smf/index.php?topic=9944.msg93350#msg93350.",00:38:35.087,00:02:28.442,Andy Williams,1,Loop starts silent gap of 1.623 secs.
Jingle Bells,The Christmas Album,,,,"Downtown Disney District, Esplanade-Main Gates",,Christmas,"DTDD Daytime Holiday, Esplanade Holiday v.2",,,00:01:58.483,Frank Sinatra,2,
Have Yourself a Merry Little Christmas,Ella Wishes You A Swinging Christmas,,,,"Downtown Disney District, Esplanade-Main Gates",,Christmas,"DTDD Daytime Holiday, Esplanade Holiday v.2",,,00:02:53.800,Ella Fitzgerald,11,
Winter Wonderland,Christmas With Peggy Lee,,,,"Downtown Disney District, Esplanade-Main Gates",,Christmas,"DTDD Daytime Holiday, Esplanade Holiday v.2",,,00:01:51.457,Peggy Lee,16,
Rudolph the Red-Nosed Reindeer (feat. Videocraft Chorus) [Finale],Rudolph The Red-Nosed Reindeer,,,,"Downtown Disney District, Esplanade-Main Gates",,Christmas,"DTDD Daytime Holiday, Esplanade Holiday v.2",,,00:01:12.101,Burl Ives,7,
Santa Claus Is Comin' to Town,Christmas With Sinatra And Friends,,,,"Downtown Disney District, Esplanade-Main Gates",,Christmas,"DTDD Daytime Holiday, Esplanade Holiday v.2",,,00:02:32.931,Frank Sinatra,13,
Happy Holiday/The Holiday Season,The Andy Williams Christmas Album,,,,"Downtown Disney District, Esplanade-Main Gates",,Christmas,"DTDD Daytime Holiday, Esplanade Holiday v.2",,,00:02:34.718,Andy Williams,10,
Deck the Halls,Merry Christmas From Nat King Cole,,,,"Downtown Disney District, Esplanade-Main Gates",,Christmas,"DTDD Daytime Holiday, Esplanade Holiday v.2",,,00:01:04.635,Nat King Cole,8,
A Holly Jolly Christmas,Have A Holly Jolly Christmas,,,,"Downtown Disney District, Esplanade-Main Gates",,Christmas,"DTDD Daytime Holiday, Esplanade Holiday v.2",,,00:02:11.209,Burl Ives,14,
Frosty The Snowman,White Christmas [Volume 4],,,,"Downtown Disney District, Esplanade-Main Gates",,Christmas,"DTDD Daytime Holiday, Esplanade Holiday v.2",,,00:02:31.406,Guy Lombardo & His Royal Canadians,12,
Sleigh Ride,Ella Wishes You A Swinging Christmas,,,,"Downtown Disney District, Esplanade-Main Gates",,Christmas,"DTDD Daytime Holiday, Esplanade Holiday v.2",,,00:02:54.459,Ella Fitzgerald,4,
Here Comes Santa Claus (Right Down Santa Claus Lane),Christmas,,,,"Downtown Disney District, Esplanade-Main Gates",,Christmas,"DTDD Daytime Holiday, Esplanade Holiday v.2",,,00:03:00.715,"The Andrews Sisters, Bing Crosby",3,
White Christmas,Clyde McPhatter & The Drifters,,,,"Downtown Disney District, Esplanade-Main Gates",,Christmas,"DTDD Daytime Holiday, Esplanade Holiday v.2",,,00:02:36.988,"The Drifters, Bill Pinckney, Clyde McPhatter",5,
I Wish You A Merry Christmas,Bing Crosby's Christmas Classics,,,,"Downtown Disney District, Esplanade-Main Gates",,Christmas,"DTDD Daytime Holiday, Esplanade Holiday v.2",,,00:01:51.398,Bing Crosby,9,
A Marshmallow World,Making Spirits Bright,,,,"Downtown Disney District, Esplanade-Main Gates",,Christmas,"DTDD Daytime Holiday, Esplanade Holiday v.2",,,00:02:43.228,Dean Martin,15,
It's Beginning to Look a Lot Like Christmas,Christmas Eve With Johnny Mathis,,,,"Downtown Disney District, Esplanade-Main Gates",,Christmas,"DTDD Daytime Holiday, Esplanade Holiday v.2",,,00:02:13.595,Johnny Mathis,17,
Let It Snow! Let It Snow! Let It Snow!,Coccole di Natale,,,,"Downtown Disney District, Esplanade-Main Gates",,Christmas,"DTDD Daytime Holiday, Esplanade Holiday v.2",,,00:01:53.905,Dean Martin,6,
Let It Snow! Let It Snow! Let It Snow!,Holiday Masters: Swingin' Christmas,,,,Downtown Disney District,"November 1, 2017 → January 1, 2019",Christmas,DTDD Nighttime Holiday v.1,"This loop played from 8PM to 2AM at Downtown Disney as part of the holiday season in 2017 and 2019. See MouseBits, Re: https://mousebits.com/smf/index.php?topic=9899.msg93024#msg93024.",00:52:42.096,00:03:08.661,The Glenn Miller Orchestra,1,
March Of The Toys,Retro Christmas Party (partial),,,,Downtown Disney District,"November 1, 2017 → January 1, 2019",Christmas,DTDD Nighttime Holiday v.1,,,00:03:16.596,Holiday Lounge Players,7,
Blue Christmas [Big Band Christmas Version],In The Mood For Christmas,,,,Downtown Disney District,"November 1, 2017 → January 1, 2019",Christmas,DTDD Nighttime Holiday v.1,,,00:04:16.588,"Chris McDonald, The Chris McDonald Orchestra",6,
Sleigh Ride,The Classic Christmas Album,,,,Downtown Disney District,"November 1, 2017 → January 1, 2019",Christmas,DTDD Nighttime Holiday v.1,,,00:02:52.123,Lester Lanin,3,
The Nutcracker Suite,The Best Christmas Album on Earth Vol. 2,,,,Downtown Disney District,"November 1, 2017 → January 1, 2019",Christmas,DTDD Nighttime Holiday v.1,,,00:06:50.553,Les Brown & His Band of Renown,2,
Winter Wonderland,A Very Merry Christmas,,,,Downtown Disney District,"November 1, 2017 → January 1, 2019",Christmas,DTDD Nighttime Holiday v.1,,,00:02:36.597,Ralph Flanagan Orchestra,5,
Jingle Bells,Goblin Market,,,,Downtown Disney District,"November 1, 2017 → January 1, 2019",Christmas,DTDD Nighttime Holiday v.1,,,00:02:40.422,Mora's Modern Rhythmists,4,Verified (correct album listed)
Santa Claus Is Coming to Town,The Classic Christmas Album,,,,Downtown Disney District,"November 1, 2017 → January 1, 2019",Christmas,DTDD Nighttime Holiday v.1,,,00:02:07.313,Lester Lanin,15,
"Rudolph, the Red-Nosed Reindeer",The Classic Christmas Album,,,,Downtown Disney District,"November 1, 2017 → January 1, 2019",Christmas,DTDD Nighttime Holiday v.1,,,00:02:30.973,Lester Lanin,13,
I'll Be Home for Christmas,Big Band Christmas,,,,Downtown Disney District,"November 1, 2017 → January 1, 2019",Christmas,DTDD Nighttime Holiday v.1,,,00:02:53.837,The Les Rogers Orchestra,12,Verified (correct album listed)
White Christmas,Big Band Christmas,,,,Downtown Disney District,"November 1, 2017 → January 1, 2019",Christmas,DTDD Nighttime Holiday v.1,,,00:02:53.546,The Les Rogers Orchestra,11,Verified (correct album listed)
Winter Wonderland,Big Band Christmas,,,,Downtown Disney District,"November 1, 2017 → January 1, 2019",Christmas,DTDD Nighttime Holiday v.1,,,00:02:56.171,The Les Rogers Orchestra,16,Verified (correct album listed)
Little Drummer Boy [Big Band Christmas Version],In The Mood For Christmas,,,,Downtown Disney District,"November 1, 2017 → January 1, 2019",Christmas,DTDD Nighttime Holiday v.1,,,00:03:19.193,"Chris McDonald, The Chris McDonald Orchestra",9,
Savoy Christmas Medley,Vintage Christmas,,,,Downtown Disney District,"November 1, 2017 → January 1, 2019",Christmas,DTDD Nighttime Holiday v.1,,,00:03:23.784,Ray Noble,8,
The Skaters' Waltz (In Swingtime),Christmas [Boardwalk Empire Era],,,,Downtown Disney District,"November 1, 2017 → January 1, 2019",Christmas,DTDD Nighttime Holiday v.1,,,00:02:54.839,Bob Crosby,14,
Frosty the Snowman,A Very Special Christmas,,,,Downtown Disney District,"November 1, 2017 → January 1, 2019",Christmas,DTDD Nighttime Holiday v.1,,,00:03:59.290,The Glenn Miller Orchestra,10,
 Jingle Bells,A Jolly Christmas from Frank Sinatra ,,,,Downtown Disney District,"November 1, 2019",Christmas,DTDD Nighttime Holiday v.2,"This loop was originally used as the Hollywood Land Holiday BGM. It was also used as the Downtown Disney District Nighttime Holiday loop starting in 2019. This loop plays from 8PM to 2AM. See MouseBits, https://mousebits.com/smf/index.php?topic=6912.msg68816#msg68816 (2012).",01:30:31.207, 1:54.765,Frank Sinatra,1,
 White Christmas, 3:02.917,,,,Downtown Disney District,"November 1, 2019",Christmas,DTDD Nighttime Holiday v.2,,,,Bing Crosby,18,
 Cool Yule, ,,,,Downtown Disney District,"November 1, 2019",Christmas,DTDD Nighttime Holiday v.2,,,,Louis Armstrong,28,
Here Comes Santa Claus (Right Down Santa Claus Lane),That Christmas Feeling ,,,,Downtown Disney District,"November 1, 2019",Christmas,DTDD Nighttime Holiday v.2,,, 3:01.092,"The Andrews Sisters, Bing Crosby",26,
 Sleigh Ride,Winter Wonderland Vol. 2 ,,,,Downtown Disney District,"November 1, 2019",Christmas,DTDD Nighttime Holiday v.2,,, 3:03.068,The Andrews Sisters,10,
 Santa Claus Got Stuck in My Chimney,That's Christmas Jazz ,,,,Downtown Disney District,"November 1, 2019",Christmas,DTDD Nighttime Holiday v.2,,, 3:04.494,Ella Fitzgerald,27,
" Jing-A-Ling, Jing-A-Ling",A Merry Christmas with Bing Crosby and the Andrews Sisters ,,,,Downtown Disney District,"November 1, 2019",Christmas,DTDD Nighttime Holiday v.2,,, 2:50.867,The Andrews Sisters,9,
 Santa Claus Is Coming to Town,In The Swinging Christmas Mood ,,,,Downtown Disney District,"November 1, 2019",Christmas,DTDD Nighttime Holiday v.2,,, 3:27.762,Glenn Miller and His Orchestra,16,
 Sleigh Ride (instrumental),Big Band Christmas ,,,,Downtown Disney District,"November 1, 2019",Christmas,DTDD Nighttime Holiday v.2,,, 2:47.301,The Les Rogers Orchestra,22,
 In the Christmas Mood,"In The Christmas Mood, Vol. 1 ",,,,Downtown Disney District,"November 1, 2019",Christmas,DTDD Nighttime Holiday v.2,,, 3:30.763,The Glenn Miller Orchestra,5,
 Jingle Bells,In The Swinging Christmas Mood ,,,,Downtown Disney District,"November 1, 2019",Christmas,DTDD Nighttime Holiday v.2,,, 4:36.675,Glen Miller and His Orchestra,24,
 Good King Wenceslas,"In The Christmas Mood, Vol. 2 ",,,,Downtown Disney District,"November 1, 2019",Christmas,DTDD Nighttime Holiday v.2,,, 2:27.607,The Glenn Miller Orchestra,11,
 Have Yourself a Merry Little Christmas,Ella Wishes You a Swinging Christmas ,,,,Downtown Disney District,"November 1, 2019",Christmas,DTDD Nighttime Holiday v.2,,, 2:54.471,Ella Fitzgerald,3,
 Winter Wonderland,Ella Wishes You a Swinging Christmas ,,,,Downtown Disney District,"November 1, 2019",Christmas,DTDD Nighttime Holiday v.2,,, 2:16.618,Ella Fitzgerald,31,
 Let It Snow! Let It Snow! Let It Snow! (In The Christmas Mood),Home for Christmas ,,,,Downtown Disney District,"November 1, 2019",Christmas,DTDD Nighttime Holiday v.2,,, 3:08.513,Glenn Miller and His Orchestra,8,
 Sleigh Ride (In The Christmas Mood),Home for Christmas ,,,,Downtown Disney District,"November 1, 2019",Christmas,DTDD Nighttime Holiday v.2,,, 3:40.731,Glen Miller and His Orchestra,30,
 Frosty the Snowman,Ella Wishes You a Swinging Christmas ,,,,Downtown Disney District,"November 1, 2019",Christmas,DTDD Nighttime Holiday v.2,,, 2:10.453,Ella Fitzgerald,7,
 Let It Snow! Let It Snow! Let It Snow!,That's Christmas Jazz ,,,,Downtown Disney District,"November 1, 2019",Christmas,DTDD Nighttime Holiday v.2,,, 2:35.903,Les Brown and His Band of Renown,15,
 (Everybody's Waiting For) The Man With the Bag,It's Christmas ,,,,Downtown Disney District,"November 1, 2019",Christmas,DTDD Nighttime Holiday v.2,,,2:39.299,Kay Starr,14,
 Rudolph the Red-Nosed Reindeer,Ella Wishes You a Swinging Christmas ,,,,Downtown Disney District,"November 1, 2019",Christmas,DTDD Nighttime Holiday v.2,,, 2:50.775,Ella Fitzgerald,20,
 Frosty the Snowman,In The Swinging Christmas Mood ,,,,Downtown Disney District,"November 1, 2019",Christmas,DTDD Nighttime Holiday v.2,,, 3:58.994,Glenn Miller and His Orchestra,2,
 Let It Snow! Let It Snow! Let It Snow!,Ella Wishes You a Swinging Christmas ,,,,Downtown Disney District,"November 1, 2019",Christmas,DTDD Nighttime Holiday v.2,,, 2:41.751,Ella Fitzgerald,25,
 Sleigh Ride,Ella Wishes You a Swinging Christmas ,,,,Downtown Disney District,"November 1, 2019",Christmas,DTDD Nighttime Holiday v.2,,,2:55.655,Ella Fitzgerald,13,
 Winter Wonderland (instrumental),Big Band Christmas ,,,,Downtown Disney District,"November 1, 2019",Christmas,DTDD Nighttime Holiday v.2,,, 2:58.005,The Les Rogers Orchestra,19,
 White Christmas (instrumental),Big Band Christmas ,,,,Downtown Disney District,"November 1, 2019",Christmas,DTDD Nighttime Holiday v.2,,, 2:53.706,The Les Rogers Orchestra,4,
 I'll Be Home for Christmas (instrumental),Big Band Christmas ,,,,Downtown Disney District,"November 1, 2019",Christmas,DTDD Nighttime Holiday v.2,,, 2:53.922,The Les Rogers Orchestra,29,
 Frosty the Snowman,"Big Band Christmas (Universal Special Products, 1993) OR Swing Into Christmas (MCA, 1998) ",,,,Downtown Disney District,"November 1, 2019",Christmas,DTDD Nighttime Holiday v.2,,, 2:31.705,Guy Lombardo & His Royal Canadians,21,
 Jingle Bells (instrumental),Big Band Christmas ,,,,Downtown Disney District,"November 1, 2019",Christmas,DTDD Nighttime Holiday v.2,,, 2:36.717,The Les Rogers Orchestra,17,
 Happy Holiday/The Holiday Season,Personal Christmas Collection ,,,,Downtown Disney District,"November 1, 2019",Christmas,DTDD Nighttime Holiday v.2,,, 2:36.857,Andy Williams,23,
 Merry Christmas Polka,A Merry Christmas with Bing Crosby & The Andrews Sisters ,,,,Downtown Disney District,"November 1, 2019",Christmas,DTDD Nighttime Holiday v.2,,, 2:47.384,The Andrews Sisters,12,
 Winter Wonderland,A Merry Christmas with Bing Crosby and the Andrews Sisters ,,,,Downtown Disney District,"November 1, 2019",Christmas,DTDD Nighttime Holiday v.2,,, 2:40.075,The Andrews Sisters,6,
Disney's Main Street Electrical Parade,Disney's Jazz Album: Big Band Now,,,,Downtown Disney District,"May 1, 2017",,DTDD Daytime,"This loop plays in Downtown Disney from 2AM to 8PM and was introduced with the introduction of the new Esplanade loop. See MouseBits, https://mousebits.com/smf/index.php?topic=9586.msg90552#msg90552.",01:35:58,,,1,
Camp Hollywood Special,Bill Elliott Swing Orchestra,,,,Downtown Disney District,"May 1, 2017",,DTDD Daytime,,,,,26,
Let's Go Fly A Kite,The Music of Shanghai Disneyland,,,,Downtown Disney District,"May 1, 2017",,DTDD Daytime,,,,SHDL Mickey Avenue BGM,18,
Down For Double,Count Basie,,,,Downtown Disney District,"May 1, 2017",,DTDD Daytime,,,,,13,
Do You Wanna Build A Snowman?,? (Big band),,,,Downtown Disney District,"May 1, 2017",,DTDD Daytime,,,,,3,
True Love’s Kiss,"? (Big band, Mickey avenue)",,,,Downtown Disney District,"May 1, 2017",,DTDD Daytime,,,,,20,May be https://www.amazon.com/Circle-Sessions-Music-Carthay-Vol/dp/B08FCZBV8B
Whistling Medley,Disney Adventures in Jazz,,,,Downtown Disney District,"May 1, 2017",,DTDD Daytime,,,,,25,
I See The Light,"? (Big band, medium tempo, sounds like Mickey Avenue, piano solo)",,,,Downtown Disney District,"May 1, 2017",,DTDD Daytime,,,,,12,May be https://www.amazon.com/Circle-Sessions-Music-Carthay-Vol/dp/B08FCZBV8B
You've Got A Friend in Me (Instrumental),Toy Story 2 OST,,,,Downtown Disney District,"May 1, 2017",,DTDD Daytime,,,,,2,
King of New York,"? (Big band, piano, xylophone, trumpet, mid tempo)",,,,Downtown Disney District,"May 1, 2017",,DTDD Daytime,,,,,6,May be https://www.amazon.com/Circle-Sessions-Music-Carthay-Vol/dp/B08FCZBV8B
Bare Necessities,"? (Big band, Mickey avenue)",,,,Downtown Disney District,"May 1, 2017",,DTDD Daytime,,,,,22,
Hot Toddy,Mora's Modern Rhythmists,,,,Downtown Disney District,"May 1, 2017",,DTDD Daytime,,,,,7,
Swing Sax (Shout and Feel It),Benny Goodman,,,,Downtown Disney District,"May 1, 2017",,DTDD Daytime,,,,,9,
Be Our Guest,The Music of Shanghai Disneyland,,,,Downtown Disney District,"May 1, 2017",,DTDD Daytime,,,,SHDL Mickey Avenue BGM,24,
Bibbidi-Bobbidi-Boo,SHDL Mickey Avenue BGM,,,,Downtown Disney District,"May 1, 2017",,DTDD Daytime,,,,,27,Confirmed by pixelated https://youtu.be/X_3_J1HRtmY?t=1m26s
Wrappin It Up (The Lindy Slide),BBC Big Band,,,,Downtown Disney District,"May 1, 2017",,DTDD Daytime,,,,,17,
Opus #1,Buddy Bregman Big Band,,,,Downtown Disney District,"May 1, 2017",,DTDD Daytime,,,,,19,
If I Didn't Have You,"? (Big band, medium tempo, sounds like Mickey Avenue)",,,,Downtown Disney District,"May 1, 2017",,DTDD Daytime,,,,,14,May be https://www.amazon.com/dp/B00AIGN8AU/ref=dm_rwp_pur_lnd_albm_pm
Heigh Ho,SHDL Mickey Avenue BGM,,,,Downtown Disney District,"May 1, 2017",,DTDD Daytime,,,,,8,Confirmed by pixelated https://youtu.be/V4I0mNyEKiY?t=2m40s
Monsters Inc,Monsters Inc OST,,,,Downtown Disney District,"May 1, 2017",,DTDD Daytime,,,,,11,
Who's Afraid of the Big Bad Wolf?,"? (Big band, piano/woodwinds/trumpet, medium tempo)",,,,Downtown Disney District,"May 1, 2017",,DTDD Daytime,,,,,10,May be https://www.amazon.com/Circle-Sessions-Music-Carthay-Vol/dp/B08FCZBV8B
One Song,Dave Digs Disney,,,,Downtown Disney District,"May 1, 2017",,DTDD Daytime,,,,,21,
Sing Sing Sing,Benny Goodman,,,,Downtown Disney District,"May 1, 2017",,DTDD Daytime,,,,,23,
Zip-A-Dee-Doo-Dah,Disney Adventures in Jazz,,,,Downtown Disney District,"May 1, 2017",,DTDD Daytime,,,,,15,
Give A Little Whistle,Dave Digs Disney,,,,Downtown Disney District,"May 1, 2017",,DTDD Daytime,,,,,16,
One O’Clock Jump,Buddy Bregman Big Band,,,,Downtown Disney District,"May 1, 2017",,DTDD Daytime,,,,,28,
Life Goes to a Party,Benny Goodman,,,,Downtown Disney District,"May 1, 2017",,DTDD Daytime,,,,,4,
Friend Like Me,"(Big band, sounds like Mickey Avenue)",,,,Downtown Disney District,"May 1, 2017",,DTDD Daytime,,,,,5,
Cool Thieves,SB3 ,,,,Downtown Disney District,"May 1, 2018",,DTDD Nighttime v.2,"This loop plays in Downtown Disney from 8PM to 2AM; has reverted to the v.1 loop on occasion. See MouseBits, https://mousebits.com/smf/index.php?topic=9811.msg92333#msg92333.",02:02:34.355, 00:03:13.383,Gramatik,1,Begins with 1.2 sec. silent gap
Give It One,One for Maynard ,,,,Downtown Disney District,"May 1, 2018",,DTDD Nighttime v.2,,, 00:03:21.418,The Loudhorns,27,
Skillet,Funkafized Plus ,,,,Downtown Disney District,"May 1, 2018",,DTDD Nighttime v.2,,, 00:05:45.044,Boston Horns,4,
Muy Tranquilo,SB3 ,,,,Downtown Disney District,"May 1, 2018",,DTDD Nighttime v.2,,, 00:03:49.106,Gramatik,3,No gap between this and next track
Un Grao de Areia,Zoo Zizaro ,,,,Downtown Disney District,"May 1, 2018",,DTDD Nighttime v.2,,, 00:04:40.188,Club des Belugas,10,
Cumbianauts Incoming,Globaltronica: World Electronic Sounds Vol. 3 ,,,,Downtown Disney District,"May 1, 2018",,DTDD Nighttime v.2,,, 00:02:57.667,Cumbia Cosmonauts,25,00:00:00.556 overlap with next track
Lettsanity,Fly ,,,,Downtown Disney District,"May 1, 2018",,DTDD Nighttime v.2,,, 00:04:56.404,Lettuce,15,
El Macho Muchacho,Act Your Age ,,,,Downtown Disney District,"May 1, 2018",,DTDD Nighttime v.2,,, 00:06:06.755,Gordon Goodwin's Big Phat Band,26,
Samba del Gringo,Swingin' For The Fences ,,,,Downtown Disney District,"May 1, 2018",,DTDD Nighttime v.2,,, 00:06:45.527,Gordon Goodwin's Big Phat Band,16,No gap between this and next track
Birdland,One for Maynard ,,,,Downtown Disney District,"May 1, 2018",,DTDD Nighttime v.2,,, 00:03:52.631,The Loudhorns,24,
The Nuyorican Express,Moon People ,,,,Downtown Disney District,"May 1, 2018",,DTDD Nighttime v.2,,, 00:04:27.503,"Nickodemus, Candela Allstars",8,
Pa' Bailar,Mar Dulce ,,,,Downtown Disney District,"May 1, 2018",,DTDD Nighttime v.2,,, 00:03:49.390,"Bajofondo, Ryota Komatsu",20,No gap between this and next track
Klezmer Cumbia Carpet Ride,Jazzy Afro Latin Funk ,,,,Downtown Disney District,"May 1, 2018",,DTDD Nighttime v.2,,, 00:04:05.887,Hip Spanic Allstars,9,
Señor Siete,Jazzy Afro Latin Funk ,,,,Downtown Disney District,"May 1, 2018",,DTDD Nighttime v.2,,, 00:04:08.227,Hip Spanic Allstars,5,00:00:04.379 overlap with next track
The Lobbyist,Crush ,,,,Downtown Disney District,"May 1, 2018",,DTDD Nighttime v.2,,, 00:04:28.597,Lettuce,23,00:00:00.448 overlap with next track
Madison Square,Fly ,,,,Downtown Disney District,"May 1, 2018",,DTDD Nighttime v.2,,, 00:04:12.773,Lettuce,17,00:00:00.510 overlap with next track
"The Traveller, Pt",Later ,,,,Downtown Disney District,"May 1, 2018",,DTDD Nighttime v.2,,, 00:08:13.023,The Haggis Horns,2,00:00:02.414 overlap with next track
Zebra Talk (feat,Moyo Wangu ,,,,Downtown Disney District,"May 1, 2018",,DTDD Nighttime v.2,,, 00:03:48.625,The Renegades of Jazz,11,No gap between this and next track
The Force,Crush ,,,,Downtown Disney District,"May 1, 2018",,DTDD Nighttime v.2,,, 00:03:38.500,Lettuce,14,00:00:00.542 overlap with next track
Hurricane Season,Backatown ,,,,Downtown Disney District,"May 1, 2018",,DTDD Nighttime v.2,,, 00:03:13.501,"Troy ""Trombone Shorty"" Andrews",13,
I Wish,One for Maynard ,,,,Downtown Disney District,"May 1, 2018",,DTDD Nighttime v.2,,, 00:04:55.177,The Loudhorns,18,
Latin Note,Tourist ,,,,Downtown Disney District,"May 1, 2018",,DTDD Nighttime v.2,,, 00:05:29.002,St. Germain,19,00:00:01.613 overlap with next track
Habana Twist,Zoo Zizaro ,,,,Downtown Disney District,"May 1, 2018",,DTDD Nighttime v.2,,, 00:03:49.059,Club des Belugas,12,
Mueva los Huesos (Shake Your Bones),Swingin' For The Fences ,,,,Downtown Disney District,"May 1, 2018",,DTDD Nighttime v.2,,, 00:04:48.097,Gordon Goodwin's Big Phat Band,22,
Pipe Bag,,,,,Downtown Disney District,"May 1, 2018",,DTDD Nighttime v.2,,, 00:03:56.591,The Haggis Horns,6,00:00:01.021 overlap with next track
The Bump,The Craig Charles Funk And Soul Club ,,,,Downtown Disney District,"May 1, 2018",,DTDD Nighttime v.2,,, 00:03:48.081,The Haggis Horns,7,
Horn of Puente,XXL ,,,,Downtown Disney District,"May 1, 2018",,DTDD Nighttime v.2,,, 00:06:14.186,"Gordon Goodwin's Big Phat Band, Wayne Bergeron",21,
A Whole New World,,,,,Downtown Disney District,"October 22, 2018",,"DTDD Nighttime v.1 [INC], World of Disney","This is the same loop as the Disney Springs Marketplace. See Magic Music, https://community.magicmusic.net/threads/disney-springs-area-music.5095/post-35731 (2015). There are crossfades or overlaps between tracks, and the loop doesn't contain a single silent gap longer than a fraction of a second. This is a totally original loop of Disney songs arranged in a jazz-techno-fusion style. The loop was composed by https://michaeltavera.com/project/disney-springs-resort-2/. An “augmented” version of this loop with additional needle drop songs such as “Right Now” by Mocean Worker was also used for the 8PM to 2AM nighttime loop in Downtown Disney. See MouseBits, https://mousebits.com/smf/index.php?topic=9586.msg90567#msg90567.",01:44:00.8,,Michael Tavera,1,
You Can Fly!,,,,,Downtown Disney District,"October 22, 2018",,"DTDD Nighttime v.1 [INC], World of Disney",,,,Michael Tavera,2,
The Incredibles Theme,,,,,Downtown Disney District,"October 22, 2018",,"DTDD Nighttime v.1 [INC], World of Disney",,,,Michael Tavera,15,
True Love's Kiss,,,,,Downtown Disney District,"October 22, 2018",,"DTDD Nighttime v.1 [INC], World of Disney",,,,Michael Tavera,4,
Part of Your World,,,,,Downtown Disney District,"October 22, 2018",,"DTDD Nighttime v.1 [INC], World of Disney",,,,Michael Tavera,23,
If I Didn't Have You (Monsters Inc. Theme),,,,,Downtown Disney District,"October 22, 2018",,"DTDD Nighttime v.1 [INC], World of Disney",,,,Michael Tavera,9,
For The First Time in Forever / Let It Go Medley,,,,,Downtown Disney District,"October 22, 2018",,"DTDD Nighttime v.1 [INC], World of Disney",,,,Michael Tavera,8,
When Can I See You Again?,,,,,Downtown Disney District,"October 22, 2018",,"DTDD Nighttime v.1 [INC], World of Disney",,,,Michael Tavera,22,
When Will My Life Begin?,,,,,Downtown Disney District,"October 22, 2018",,"DTDD Nighttime v.1 [INC], World of Disney",,,,Michael Tavera,19,
King of New York,,,,,Downtown Disney District,"October 22, 2018",,"DTDD Nighttime v.1 [INC], World of Disney",,,,Michael Tavera,12,
I Wanna Be Like You,,,,,Downtown Disney District,"October 22, 2018",,"DTDD Nighttime v.1 [INC], World of Disney",,,,Michael Tavera,20,
You've Got A Friend In Me,,,,,Downtown Disney District,"October 22, 2018",,"DTDD Nighttime v.1 [INC], World of Disney",,,,Michael Tavera,21,
Colors of the Wind,,,,,Downtown Disney District,"October 22, 2018",,"DTDD Nighttime v.1 [INC], World of Disney",,,,Michael Tavera,16,
Friend Like Me,,,,,Downtown Disney District,"October 22, 2018",,"DTDD Nighttime v.1 [INC], World of Disney",,,,Michael Tavera,18,
Go The Distance,,,,,Downtown Disney District,"October 22, 2018",,"DTDD Nighttime v.1 [INC], World of Disney",,,,Michael Tavera,17,
Almost There,,,,,Downtown Disney District,"October 22, 2018",,"DTDD Nighttime v.1 [INC], World of Disney",,,,Michael Tavera,3,
Hakuna Matata,,,,,Downtown Disney District,"October 22, 2018",,"DTDD Nighttime v.1 [INC], World of Disney",,,,Michael Tavera,7,
"Theme from ""Colette Shows Him Le Ropes""/""Special Order""/""End Creditouilles""",,,,,Downtown Disney District,"October 22, 2018",,"DTDD Nighttime v.1 [INC], World of Disney",,,,Michael Tavera,6,
Reflection,,,,,Downtown Disney District,"October 22, 2018",,"DTDD Nighttime v.1 [INC], World of Disney",,,,Michael Tavera,13,
Ev'rybody Wants To Be A Cat,,,,,Downtown Disney District,"October 22, 2018",,"DTDD Nighttime v.1 [INC], World of Disney",,,,Michael Tavera,11,
Be Our Guest,,,,,Downtown Disney District,"October 22, 2018",,"DTDD Nighttime v.1 [INC], World of Disney",,,,Michael Tavera,5,
Winnie the Pooh,,,,,Downtown Disney District,"October 22, 2018",,"DTDD Nighttime v.1 [INC], World of Disney",,,,Michael Tavera,24,
I See The Light,,,,,Downtown Disney District,"October 22, 2018",,"DTDD Nighttime v.1 [INC], World of Disney",,,,Michael Tavera,10,
Can You Feel the Love Tonight,,,,,Downtown Disney District,"October 22, 2018",,"DTDD Nighttime v.1 [INC], World of Disney",,,,Michael Tavera,14,
Disney Medley #1,The Disneyland Band,,Buena Vista Records,,Esplanade-Main Gates,"January 1, 1971 → January 1, 1992",,Main Gates v.1 [REF],,,,The Disneyland Band,24,Repeat of track 6. This is the first track in the source recording of the loop in the Disneyland Collection torrent.
Disney Medley #2,The Disneyland Band,,Buena Vista Records,,Esplanade-Main Gates,"January 1, 1971 → January 1, 1992",,Main Gates v.1 [REF],,,,The Disneyland Band,25,
A Wonderful Day Like Today,The Disneyland Band,,Buena Vista Records,,Esplanade-Main Gates,"January 1, 1971 → January 1, 1992",,Main Gates v.1 [REF],,,,The Disneyland Band,27,
A Marching Band (We're the Mouseketeers),Walt Disney World Band,,Buena Vista Records,,Esplanade-Main Gates,"January 1, 1971 → January 1, 1992",,Main Gates v.1 [REF],,,,Walt Disney World Band,26,
A Dream is a Wish Your Heart Makes,March Along with Mary Poppins,,Disneyland Records,,Esplanade-Main Gates,"January 1, 1971 → January 1, 1992",,Main Gates v.1 [REF],,,,"UCLA Band, Kelly James",28,
Trotter's Mile,Fantasmagorical Themes from Chitty Chitty Bang Bang,,United Artists Records,,Esplanade-Main Gates,"January 1, 1971 → January 1, 1992",,Main Gates v.1 [REF],,,,Irwin Kostel,31,
Hip Hip Pooh-ray!,Walt Disney World Band,,Buena Vista Records,,Esplanade-Main Gates,"January 1, 1971 → January 1, 1992",,Main Gates v.1 [REF],,,,Walt Disney World Band,32,"This is an edited portion of the album track, ""Songs from Winnie the Pooh"""
When You Wish Upon a Star,Academy Award Hit Songs,,Eclipse (2),,Esplanade-Main Gates,"January 1, 1971 → January 1, 1992",,Main Gates v.1 [REF],,,,Frank Chacksfield And His Orchestra,29,Same as track 9
Zip-a-Dee-Doo-Dah,Academy Award Hit Songs,,Eclipse (2),,Esplanade-Main Gates,"January 1, 1971 → January 1, 1992",,Main Gates v.1 [REF],,,,Frank Chacksfield And His Orchestra,34,
Little Wooden Head,Pinocchio Motion Picture Soundtrack,,Disneyland Records,,Esplanade-Main Gates,"January 1, 1971 → January 1, 1992",,Main Gates v.1 [REF],,,,,33,Only plays the instrumental ‘music box’ portion from the score.
Mickey Mouse Club March,Hi-Fi Music For Children: From 2 to 92,,Liberty,,Esplanade-Main Gates,"January 1, 1971 → January 1, 1992",,Main Gates v.1 [REF],"This loop played at the Main Gates of Disneyland from the early 70s through 1992. Based on samples from a reference recording provided by C33 (MouseBits; Re: Main Gates Loop, Pre 92). See https://mousebits.com/smf/index.php?topic=6892.msg98894#msg98894
On dates - They may not have even had the main gate loop ready in Oct '71, but, Wagner likely had the WDW band album recorded and sampled for the loop by fall '71 but didn't release the album until the start of '72. Also See Magic Music: https://community.magicmusic.net/threads/disneyland-music-loops.17/ (2002) and the Passport to Dreams blog: http://passport2dreams.blogspot.com/2019/01/musically-setting-stage.html (2019).",01:00:28,,Russ Garcia & His Orchestra,1,
Keystone Cops,Capitol Hi Q Series Release L-93 'Cartoon',,Capitol Records,,Esplanade-Main Gates,"January 1, 1971 → January 1, 1992",,Main Gates v.1 [REF],,,,Phillip Green,35,"(usually denoted as L-93/L-94, which are A and B sides)"
Parade of the Wooden Soldiers,Hi-Fi Music For Children: From 2 to 92,,Liberty,,Esplanade-Main Gates,"January 1, 1971 → January 1, 1992",,Main Gates v.1 [REF],,,,Russ Garcia & His Orchestra,3,
Disney Medley #1,The Disneyland Band,,Buena Vista Records,,Esplanade-Main Gates,"January 1, 1971 → January 1, 1992",,Main Gates v.1 [REF],,,,The Disneyland Band,6,
Supercalifragilisticexpialidocious,March Along with Mary Poppins,,Buena Vista Records,,Esplanade-Main Gates,"January 1, 1971 → January 1, 1992",,Main Gates v.1 [REF],,,,"UCLA Band, Kelly James",4,
Chim Chim Cher-ee,Academy Award Hit Songs,,Eclipse (2),,Esplanade-Main Gates,"January 1, 1971 → January 1, 1992",,Main Gates v.1 [REF],,,,Frank Chacksfield And His Orchestra,12,
it's a small world,The Disneyland Band,,Buena Vista Records,,Esplanade-Main Gates,"January 1, 1971 → January 1, 1992",,Main Gates v.1 [REF],,,,The Disneyland Band,8,
When You Wish Upon a Star,Academy Award Hit Songs,,Eclipse (2),,Esplanade-Main Gates,"January 1, 1971 → January 1, 1992",,Main Gates v.1 [REF],,,,Frank Chacksfield And His Orchestra,9,
it's a small world (Choral Version),It's A Small World: 18 Favorite Folk Songs,,Disneyland Records,,Esplanade-Main Gates,"January 1, 1971 → January 1, 1992",,Main Gates v.1 [REF],,,,Disneyland Boys Choir,10,Also found as track 1 on It's A Small World (Especially At Christmas) by the Disneyland Boys Choir (1965)
Zip-a-Dee-Doo-Dah,Academy Award Hit Songs,,Eclipse (2),,Esplanade-Main Gates,"January 1, 1971 → January 1, 1992",,Main Gates v.1 [REF],,,,Frank Chacksfield And His Orchestra,11,
Whistle While You Work / Heigh Ho,Hi-Fi Music For Children: From 2 to 92,,Liberty,,Esplanade-Main Gates,"January 1, 1971 → January 1, 1992",,Main Gates v.1 [REF],,,,Russ Garcia & His Orchestra,2,
Winnie the Pooh/The Wonderful Thing About Tiggers,Walt Disney World Band,,Buena Vista Records,,Esplanade-Main Gates,"January 1, 1971 → January 1, 1992",,Main Gates v.1 [REF],,,,Walt Disney World Band,5,"Edited from album track, “Songs from Winnie the Pooh.” The track in-between them on the LP is edited out."
March of the Cards,The Disneyland Band,,Buena Vista Records,,Esplanade-Main Gates,"January 1, 1971 → January 1, 1992",,Main Gates v.1 [REF],,,,The Disneyland Band,7,
Mickey Mouse Club March,Hi-Fi Music For Children: From 2 to 92,,Liberty,,Esplanade-Main Gates,"January 1, 1971 → January 1, 1992",,Main Gates v.1 [REF],,,,Russ Garcia & His Orchestra,15,Repeat of track 1
Me Ol'Bam-Boo,Fantasmagorical Themes from Chitty Chitty Bang Bang,,United Artists Records,,Esplanade-Main Gates,"January 1, 1971 → January 1, 1992",,Main Gates v.1 [REF],,,,Irwin Kostel,14,
Supercalifragilisticexpialidocious,Walt Disney World Band,,Buena Vista Records,,Esplanade-Main Gates,"January 1, 1971 → January 1, 1992",,Main Gates v.1 [REF],,,,Walt Disney World Band,13,"Edited from album track, “Mary Poppins Medley.”"
The Work Song,March Along with Mary Poppins,,Disneyland Records,,Esplanade-Main Gates,"January 1, 1971 → January 1, 1992",,Main Gates v.1 [REF],,,,"UCLA Band, Kelly James",19,
Winnie the Pooh,Walt Disney World Band,,Buena Vista Records,,Esplanade-Main Gates,"January 1, 1971 → January 1, 1992",,Main Gates v.1 [REF],,,,Walt Disney World Band,21,"Edited from album track, “Songs from Winnie the Pooh”; Does not include “The Wonderful Thing About Tiggers.” This is a repeat of the earlier track."
Who's Afraid of the Big Bad Wolf?,Walt Disney World Band,,Buena Vista Records,,Esplanade-Main Gates,"January 1, 1971 → January 1, 1992",,Main Gates v.1 [REF],,,,Walt Disney World Band,20,"This track number was missing from C33’s samples, but this is the track in the full Disneyland Collection Torrent recording and posted in many DL track listings."
Pop! Goes the Weasel,Hi-Fi Music For Children: From 2 to 92,,Liberty,,Esplanade-Main Gates,"January 1, 1971 → January 1, 1992",,Main Gates v.1 [REF],,,,Russ Garcia & His Orchestra,16,This track is edited to extend the last iteration of the theme. Edited start - 0:38.975; 0:17.132 - end (using the third-party source).
Step in Time,March Along with Mary Poppins,,Disneyland Records,,Esplanade-Main Gates,"January 1, 1971 → January 1, 1992",,Main Gates v.1 [REF],,,,"UCLA Band, Kelly James",17,
Supercalifragilisticexpialidocious,March Along with Mary Poppins,,Disneyland Records,,Esplanade-Main Gates,"January 1, 1971 → January 1, 1992",,Main Gates v.1 [REF],,,,"UCLA Band, Kelly James",18,Repeat of track 4
Colonel Hathi's March,The Disneyland Band,,Buena Vista Records,,Esplanade-Main Gates,"January 1, 1971 → January 1, 1992",,Main Gates v.1 [REF],,,,The Disneyland Band,22,
The Bare Necessities,The Disneyland Band,,Buena Vista Records,,Esplanade-Main Gates,"January 1, 1971 → January 1, 1992",,Main Gates v.1 [REF],,,,The Disneyland Band,23,
The Roses of Success,Fantasmagorical Themes from Chitty Chitty Bang Bang,,United Artists Records,,Esplanade-Main Gates,"January 1, 1971 → January 1, 1992",,Main Gates v.1 [REF],,,,Irwin Kostel,30,
When You Wish Upon a Star,,,,,Esplanade-Main Gates,"January 1, 1992 → January 1, 2001",,Main Gates v.2,"This was the same loop that played at DLRP when the park opened in 1992. Tracklist first posted on Disney Music Loops. See Disney Music Loops, https://disneymusicloops.tripod.com/dlr/dlr-misc-92to01ent.html and Magic Music: https://community.magicmusic.net/threads/parking-lot-walkway-dlrp.5293/#post-36139.",01:00:12,,,1,
Mickey Mouse Club March,,,,,Esplanade-Main Gates,"January 1, 1992 → January 1, 2001",,Main Gates v.2,,,,,2,
All in the Golden Afternoon,,,,,Esplanade-Main Gates,"January 1, 1992 → January 1, 2001",,Main Gates v.2,,,,,27,
Yo Ho (A Pirate's Life for Me),,,,,Esplanade-Main Gates,"January 1, 1992 → January 1, 2001",,Main Gates v.2,,,,,9,
Colonel Hathi’s March,,,,,Esplanade-Main Gates,"January 1, 1992 → January 1, 2001",,Main Gates v.2,,,,,23,
Merrily on Our Way to Nowhere,,,,,Esplanade-Main Gates,"January 1, 1992 → January 1, 2001",,Main Gates v.2,,,,,14,
You Can Fly! You Can Fly! You Can Fly!,,,,,Esplanade-Main Gates,"January 1, 1992 → January 1, 2001",,Main Gates v.2,,,,,8,
Come Again (Come on In),,,,,Esplanade-Main Gates,"January 1, 1992 → January 1, 2001",,Main Gates v.2,,,,,6,
Zorro Theme,,,,,Esplanade-Main Gates,"January 1, 1992 → January 1, 2001",,Main Gates v.2,,,,,22,
Maroon Cartoon,,,,,Esplanade-Main Gates,"January 1, 1992 → January 1, 2001",,Main Gates v.2,,,,,10,
Whale of a Tale,,,,,Esplanade-Main Gates,"January 1, 1992 → January 1, 2001",,Main Gates v.2,,,,,12,
Bang! Goes Old Betsy,,,,,Esplanade-Main Gates,"January 1, 1992 → January 1, 2001",,Main Gates v.2,,,,,15,
How Do You Do,,,,,Esplanade-Main Gates,"January 1, 1992 → January 1, 2001",,Main Gates v.2,,,,,30,
Hi-Diddle-Dee-Dee,,,,,Esplanade-Main Gates,"January 1, 1992 → January 1, 2001",,Main Gates v.2,,,,,4,
"20,000 Leagues Under the Sea",,,,,Esplanade-Main Gates,"January 1, 1992 → January 1, 2001",,Main Gates v.2,,,,,16,
Under the Sea,,,,,Esplanade-Main Gates,"January 1, 1992 → January 1, 2001",,Main Gates v.2,,,,,5,
March of the Cards,,,,,Esplanade-Main Gates,"January 1, 1992 → January 1, 2001",,Main Gates v.2,,,,,18,
Be Our Guest,,,,,Esplanade-Main Gates,"January 1, 1992 → January 1, 2001",,Main Gates v.2,,,,,29,
Pecos Bill,,,,,Esplanade-Main Gates,"January 1, 1992 → January 1, 2001",,Main Gates v.2,,,,,26,
When You Wish Upon a Star,,,,,Esplanade-Main Gates,"January 1, 1992 → January 1, 2001",,Main Gates v.2,,,,,19,
Swisskapolka,,,,,Esplanade-Main Gates,"January 1, 1992 → January 1, 2001",,Main Gates v.2,,,,,13,
Minnie's Yoo Hoo,,,,,Esplanade-Main Gates,"January 1, 1992 → January 1, 2001",,Main Gates v.2,,,,,20,
Zip-A-Dee-Doo-Dah,,,,,Esplanade-Main Gates,"January 1, 1992 → January 1, 2001",,Main Gates v.2,,,,,21,
Dig-a-Dig-Dig,,,,,Esplanade-Main Gates,"January 1, 1992 → January 1, 2001",,Main Gates v.2,,,,,7,
Davy Crockett,,,,,Esplanade-Main Gates,"January 1, 1992 → January 1, 2001",,Main Gates v.2,,,,,17,
Bella Notte,,,,,Esplanade-Main Gates,"January 1, 1992 → January 1, 2001",,Main Gates v.2,,,,,24,
"The Tiki, Tiki, Tiki Room",,,,,Esplanade-Main Gates,"January 1, 1992 → January 1, 2001",,Main Gates v.2,,,,,3,
Phantom Manor,,,,,Esplanade-Main Gates,"January 1, 1992 → January 1, 2001",,Main Gates v.2,,,,,25,
it's a small world,,,,,Esplanade-Main Gates,"January 1, 1992 → January 1, 2001",,Main Gates v.2,,,,,28,
"Smile, Darn Ya, Smile!",,,,,Esplanade-Main Gates,"January 1, 1992 → January 1, 2001",,Main Gates v.2,,,,,11,
Soarin' Over California Load Music,Unreleased (in circulation),,,,Esplanade-Main Gates,"January 1, 2001 → April 1, 2004",,Esplanade v.1,,,,,18,
Archival Bonus Track: Binary Sunset (Alternate),Star Wars: Episode IV - A New Hope (Original Motion Picture Soundtrack),,,,Esplanade-Main Gates,"January 1, 2001 → April 1, 2004",,Esplanade v.1,,,,"John Williams, London Symphony Orchestra",22,Edited. This is the name of the track on the most recent digital releases.
Minnie's Yoo Hoo,"The Music Of Disneyland, Walt Disney World And Epcot Center [1988]",,,,Esplanade-Main Gates,"January 1, 2001 → April 1, 2004",,Esplanade v.1,,,,Main Street Saxophone Quartet,24,
Yo Ho (A Pirate's Life For Me),15th Anniversary Music 4: Grand Finale [1998],,,,Esplanade-Main Gates,"January 1, 2001 → April 1, 2004",,Esplanade v.1,,,,,9,Available as part of the track “Imagineering the Dream”
March of the Cards,Unreleased,,,,Esplanade-Main Gates,"January 1, 2001 → April 1, 2004",,Esplanade v.1,,,,,14,
Muppets Theme (Muppet*Vision 3D BGM),Unreleased,,,,Esplanade-Main Gates,"January 1, 2001 → April 1, 2004",,Esplanade v.1,,,,,23,
Fantasmic! Exit Music,Disney’s 75 Years of Music and Memories [1998],3,,,Esplanade-Main Gates,"January 1, 2001 → April 1, 2004",,Esplanade v.1,,,,Bruce Healey,17,
Mickey Mouse Club March,Tokyo Disney Resort 40th Anniversary Box 'Music-Go-Round’ [2023],,,,Esplanade-Main Gates,"January 1, 2001 → April 1, 2004",,Esplanade v.1,,,,,15,Available as part of the track “Tokyo Disneyland Main Entrance Area Music”
"Splash Mountain, ‘How Do You Do’",Disneyland Forever,,,,Esplanade-Main Gates,"January 1, 2001 → April 1, 2004",,Esplanade v.1,,,,,26,
Under the Sea,Unreleased,,,,Esplanade-Main Gates,"January 1, 2001 → April 1, 2004",,Esplanade v.1,,,,,4,
Just One Dream (Golden Dreams Exit Music),Unreleased,,,,Esplanade-Main Gates,"January 1, 2001 → April 1, 2004",,Esplanade v.1,,,,,27,
"The Tiki, Tiki, Tiki Room",15th Anniversary Music 4: Grand Finale [1998],,,,Esplanade-Main Gates,"January 1, 2001 → April 1, 2004",,Esplanade v.1,,,,,7,Available as part of the track “Imagineering the Dream”
I Left My Heart in San Francisco,Boogie Blues And Ballads [1997] OR Swing Back to the 40's II [1997],,,,Esplanade-Main Gates,"January 1, 2001 → April 1, 2004",,Esplanade v.1,,,,Ray Anthony and His Big Band,10,
"Honey, I Shrunk the Audience Load Music",Unreleased,,,,Esplanade-Main Gates,"January 1, 2001 → April 1, 2004",,Esplanade v.1,,,,,25,
Washington Ending + Raiders March,Raiders Of The Lost Ark (Original Motion Picture Soundtrack),,,,Esplanade-Main Gates,"January 1, 2001 → April 1, 2004",,Esplanade v.1,,,,"John Williams, London Symphony Orchestra",5,Edited. This is the name of the track on the most recent digital releases.
Be Our Guest,Walt Disney World Forever (partial),,,,Esplanade-Main Gates,"January 1, 2001 → April 1, 2004",,Esplanade v.1,,,,,19,"Partially released on Walt Disney World Forever, with an early fadeout"
it's a small world (Disneyland Paris Variation II),Walt Disney and the 1964 World's Fair [2009],,,,Esplanade-Main Gates,"January 1, 2001 → April 1, 2004",,Esplanade v.1,,,,"John Debney, Richard M. Sherman, Robert B. Sherman",13,
Zip-a-Dee-Doo-Dah,Unreleased,,,,Esplanade-Main Gates,"January 1, 2001 → April 1, 2004",,Esplanade v.1,,,,,16,
California Girls (King Triton’s Carousel of the Sea BGM),Unreleased,,,,Esplanade-Main Gates,"January 1, 2001 → April 1, 2004",,Esplanade v.1,,,,,6,See https://mousebits.com/smf/index.php?topic=3986.msg29245#msg29245
Heigh-Ho,Unreleased,,,,Esplanade-Main Gates,"January 1, 2001 → April 1, 2004",,Esplanade v.1,,,,,11,
When You Wish Upon a Star,15th Anniversary Music 4: Grand Finale [1998],,,,Esplanade-Main Gates,"January 1, 2001 → April 1, 2004",,Esplanade v.1,"This loop played in the Esplanade from 2001 to 2004. Several of these tracks were first used in the 1992 Main Gates loop at Disneyland and the Magic Kingdom entrance. Additional information is available on Magic Music, see https://community.magicmusic.net/threads/disneyland-esplanade-playlist-questions.56/#post-381 (2002). ",01:01:32,,,1,Available as part of the track “Imagineering the Dream”
You've Got a Friend in Me,Magical Musicals [1999],,,,Esplanade-Main Gates,"January 1, 2001 → April 1, 2004",,Esplanade v.1,,,,"Erich Kunzel, Cincinnati Pops Orchestra",2,
"Smile, Darn Ya, Smile! (Mickey’s Toontown BGM)",Unreleased,,,,Esplanade-Main Gates,"January 1, 2001 → April 1, 2004",,Esplanade v.1,,,,,12,
Hi-Diddle-Dee-Dee,Tokyo Disney Resort 40th Anniversary Box 'Music-Go-Round’ [2023],,,,Esplanade-Main Gates,"January 1, 2001 → April 1, 2004",,Esplanade v.1,,,,,3,Available as part of the track “Tokyo Disneyland Main Entrance Area Music”
You Can Fly! You Can Fly! You Can Fly!,Unreleased,,,,Esplanade-Main Gates,"January 1, 2001 → April 1, 2004",,Esplanade v.1,,,,,21,
Hooray for Hollywood,Salute to Hollywood [1989],,,,Esplanade-Main Gates,"January 1, 2001 → April 1, 2004",,Esplanade v.1,,,,"John Williams, The Boston Pops Orchestra",8,
The Ballad of Davy Crockett,Unreleased,,,,Esplanade-Main Gates,"January 1, 2001 → April 1, 2004",,Esplanade v.1,,,,,20,
All in the Golden Afternoon,15th Anniversary Music 4: Grand Finale [1998],,,,Esplanade-Main Gates,"January 1, 2001 → April 1, 2004",,Esplanade v.1,,,,,28,Available as part of the track “Imagineering the Dream”
Heffalumps and Woozles,,,,,Esplanade-Main Gates,"April 1, 2004 → July 1, 2017",,Esplanade v.2,,,,,3,"possibly Winnie the Pooh queue loop (?)

Preceded by a 30 Second snippet of ""Winnie the Pooh"", which can be found in the ""Many Adventures of Winnie the Pooh"" track from ""A Musical History of Disneyland”"
Mickey Mouse Club,,,,,Esplanade-Main Gates,"April 1, 2004 → July 1, 2017",,Esplanade v.2,,,1:51,,18,Same as Magic Kingdom entrance loop.
All in the Golden Afternoon,Disneyland Forever OR Tokyo Disneyland - 15th Anniversary Music 4: Grand Finale,,,,Esplanade-Main Gates,"April 1, 2004 → July 1, 2017",,Esplanade v.2,"This loop played in the Esplanade from 2004 until 2017. Tracklist compiled by C33. See MouseBits, https://mousebits.com/smf/index.php?topic=5591.msg42959#msg42959 (2010).",01:07:11.453,2:57,,1,"Featured as part of one long track entitled ""The Disney Gallery Commemorative Edition 'Imagineering the Dream'""; Also featured on DLF system as music from the Disney Gallery"
"Just One Dream (Golden Dreams Exit
  Music)",,,,,Esplanade-Main Gates,"April 1, 2004 → July 1, 2017",,Esplanade v.2,,,2:58,,30,"While this song is the melody from Just One Dream, it is not the version which was featured on several resort Official Albums. This is an instrumental version that played after the film was over while guests were exiting the theater. A copy of the full show audio has circulated, though it features ""Califia"" (aka Whoopie Goldberg) talking over parts of it. She does, however, only talk in one channel (left/right) at a time, so it's possible to edit her out."
Hooray for Hollywood,Salute to Hollywood,,,,Esplanade-Main Gates,"April 1, 2004 → July 1, 2017",,Esplanade v.2,,,3:25,The Boston Pops Orchestra,11,
Indiana Jones Theme,Raiders of the Lost Ark OST,,,,Esplanade-Main Gates,"April 1, 2004 → July 1, 2017",,Esplanade v.2,,,2:11,John Williams,8,
Yo Ho (A Pirate's Life For Me),15th Anniversary Music 4: Grand Finale,,,,Esplanade-Main Gates,"April 1, 2004 → July 1, 2017",,Esplanade v.2,,,2:05,Tokyo Disneyland,12,"Featured as part of one long track entitled ""The Disney Gallery Commemorative Edition 'Imagineering the Dream'"""
The Time of Your Life,,,,,Esplanade-Main Gates,"April 1, 2004 → July 1, 2017",,Esplanade v.2,,,,,2,
Dig-a-Dig-Dig/Heigh-Ho,,,,,Esplanade-Main Gates,"April 1, 2004 → July 1, 2017",,Esplanade v.2,,,2:07,,14,Same as Magic Kingdom entrance loop.
Hi-Diddle-Dee-Dee,,,,,Esplanade-Main Gates,"April 1, 2004 → July 1, 2017",,Esplanade v.2,,,1:22,,6,Same as Magic Kingdom entrance loop.
Under the Sea,,,,,Esplanade-Main Gates,"April 1, 2004 → July 1, 2017",,Esplanade v.2,,,2:41,,7,Same as Magic Kingdom entrance loop.
"Smile, Darn Ya, Smile!",Toontown BGM,,,,Esplanade-Main Gates,"April 1, 2004 → July 1, 2017",,Esplanade v.2,,,1:53,,15,
"You Can Fly! You Can Fly! You Can
  Fly!",,,,,Esplanade-Main Gates,"April 1, 2004 → July 1, 2017",,Esplanade v.2,,,2:51,,24,Same as Magic Kingdom entrance loop.
Davy Crockett,,,,,Esplanade-Main Gates,"April 1, 2004 → July 1, 2017",,Esplanade v.2,,,1:42,,23,Same as Magic Kingdom entrance loop.
"The Tiki, Tiki, Tiki Room",15th Anniversary Music 4: Grand Finale,,,,Esplanade-Main Gates,"April 1, 2004 → July 1, 2017",,Esplanade v.2,,,1:40,Tokyo Disneyland,10,"Featured as part of one long track entitled ""The Disney Gallery Commemorative Edition 'Imagineering the Dream'"""
Be Our Guest,Walt Disney World Forever,,,,Esplanade-Main Gates,"April 1, 2004 → July 1, 2017",,Esplanade v.2,,,2:58,,22,"Plays at Cinderella's Golden Carousel in Fantasyland at the Magic Kingdom, and was released on the Walt Disney World Forever system."
California Girls,,,,,Esplanade-Main Gates,"April 1, 2004 → July 1, 2017",,Esplanade v.2,,,3:05,,9,This track comes from the https://mousebits.com/smf/index.php?topic=3986.msg29245#msg29245.
Muppets Theme,"MuppetVision 3D Area Music [unreleased] ",,,,Esplanade-Main Gates,"April 1, 2004 → July 1, 2017",,Esplanade v.2,,,2:08,,26,This is an instrumental version of the Muppet Show theme that plays as part of the queue loop inside and outside of the MuppetVision 3D attraction in California Adventure. Copies of the tracks from this loop have circulated (most likely induction recordings).
Star Wars Medley,,,,,Esplanade-Main Gates,"April 1, 2004 → July 1, 2017",,Esplanade v.2,,,1:41,,25,"NOT the TDL load/unload, but also not the title track from A New Hope. Source is uncertain. Potentially the commercially available main Star Wars theme"
it's a small world,15th Anniversary Music 4: Grand Finale,,,,Esplanade-Main Gates,"April 1, 2004 → July 1, 2017",,Esplanade v.2,,,1:29,Tokyo Disneyland,16,"Featured as part of one long track entitled ""The Disney Gallery Commemorative Edition 'Imagineering the Dream'""; From Disneyland Paris and can be found on several DLRP Official Albums, as well as on the Walt Disney and the 1964 World's Fair box set (as ""Disneyland Paris Variation II"")."
When You Wish Upon a Star,15th Anniversary Music 4: Grand Finale,,,,Esplanade-Main Gates,"April 1, 2004 → July 1, 2017",,Esplanade v.2,,,1:43,Tokyo Disneyland,4,"Featured as part of one long track entitled ""The Disney Gallery Commemorative Edition 'Imagineering the Dream'"""
March of the Cards,,,,,Esplanade-Main Gates,"April 1, 2004 → July 1, 2017",,Esplanade v.2,,,3:05,,17,Not the version on the DLF system.
Soarin' Over California Load Music,,,,,Esplanade-Main Gates,"April 1, 2004 → July 1, 2017",,Esplanade v.2,,,1:27,,21,"This track is in circulation on MouseBits, etc. (as well as the exit/unloading music, which is the same but longer) and has a length of 2:14. In the loop it is edited to start at 0:42."
How Do You Do?,Disneyland Forever,,,,Esplanade-Main Gates,"April 1, 2004 → July 1, 2017",,Esplanade v.2,,,1:35,,29,"May be on the Tokyo Disneyland ""Imagineering the Dream"" loop; unverified"
I Left My Heart in San Francisco,Boogie Blues And Ballads OR Swing Back to the 40's II,,Aero Space Records (1997),12,Esplanade-Main Gates,"April 1, 2004 → July 1, 2017",,Esplanade v.2,,,3:48,Ray Anthony and His Big Band,13,
"Honey, I Shrunk the Audience Load Music",,,,,Esplanade-Main Gates,"April 1, 2004 → July 1, 2017",,Esplanade v.2,,,0:34,,28,"This is not the same as the 1:27 show spill/main theme that has been included on recent official albums, nor does it appear in the various sets of score music from the attraction that have circulated. A copy of the track has circulated but only in very low quality; it is probably an ALD recording or even induction from this loop."
Fantasmic! Exit Music,Fantasmic! OST,,,,Esplanade-Main Gates,"April 1, 2004 → July 1, 2017",,Esplanade v.2,,,3:02,Bruce Healey,20,"Included as it's own track on the previous Walt Disney World Fantasmic! official soundtrack. In the old Disneyland version, as well as the new version which features the show from both coasts, it is part of one single track that features the entire show and can be edited out as such. This track also appears on several ""Classic Disney"" music compilations as ""Fantasmic! Theme""."
You've Got a Friend in Me,Magical Musicals,,,,Esplanade-Main Gates,"April 1, 2004 → July 1, 2017",,Esplanade v.2,,,3:26,Cincinnati Pops Orchestra,5,
Minnie's Yoo Hoo,Disneyland Forever/Several Official Albums,,,,Esplanade-Main Gates,"April 1, 2004 → July 1, 2017",,Esplanade v.2,,,0:41,,27,"This version of Minnie's Yoo Hoo! is part of the Toontown Area Music and was released on both the Disneyland and Walt Disney World Forever systems. It was also included on disc one of the A Musical History of Disneyland set as ""Minnie's Yoo Hoo! (Saxophone Quartet). It has been featured on many official albums dating right the way back to The Official Album of Disneyland/Walt Disney World in 1980 and even before that was part of a longer medley on A Musical Souvenir of Walt Disney World's Magic Kingdom."
Zip-a-Dee-Doo-Dah,,,,,Esplanade-Main Gates,"April 1, 2004 → July 1, 2017",,Esplanade v.2,,,2:30,,19,WDW Splash Mountain Area Music [unreleased]
When You Wish Upon A Star,15th Anniversary Music 4: Grand Finale,,,,Esplanade-Main Gates,"April 1, 2017",,Esplanade v.3,"This loop plays in the esplanade currently as the ‘regular’ loop. It was introduced in May 2017. It was re-introduced in January 2026 after the 70th loop in 2025. Compiled by C33 and others. Several songs including ""Zip a dee doo dah"", ""Welcome to Tomorrowland"", and ""Steamboat Willie” were removed in 2020-2021, but none were added. See MouseBits, https://mousebits.com/smf/index.php?topic=9555.msg90302#msg90302 (2017).",01:19:28.956,1:43,Tokyo Disneyland,1,"Same as the previous version of the loop. While this track can be found on a number of albums, as before I’m listing it as from the Tokyo Disneyland 15th Anniversary Music 5: Grand Finale CD as this CD contains a number of tracks from this loop."
March of the Cards,Disneyland Forever ,,,,Esplanade-Main Gates,"April 1, 2017",,Esplanade v.3,,,2:04,Alice in Wonderland Queue BGM,16,"This is a different arrangement of March of the Cards than appeared in the previous version of the loop. This version, from the Alice in Wonderland Queue BGM, appeared on Disneyland Forever with a running time of 2:21. The loop version starts 3 seconds into the album version, and is edited starting 2:03 into the album version to splice in a new ending (running about 3 seconds) which doesn’t seem to appear in any of the Alice in Wonderland Queue BGM tracks I’ve been able to find (the Disneyland Forever version ends with a long fade out)."
You've Got A Friend In Me,Magical Musicals ,,,,Esplanade-Main Gates,"April 1, 2017",,Esplanade v.3,,,3:20,Cincinnati Pops Orchestra,2,Same as the previous version of the loop.
Surrey with the Fringe on Top,Main Street USA BGM 2012 ,,,,Esplanade-Main Gates,"April 1, 2017",,Esplanade v.3,,,1:48,,36,"From the Main Street USA Area BGM, arranged and recorded by Dean Mora, which began playing at Disneyland in 2012."
All In The Golden Afternoon,Tokyo Disneyland 15 Anniversary Music 4: Grand Finale ,,,,Esplanade-Main Gates,"April 1, 2017",,Esplanade v.3,,,2:56,,32,Same as the previous version of the loop.
Mickey Mouse Club March / Ballad Of Davy Crockett,"Oh Mickey, Where Art Thou OR Disney Adventures in Bluegrass",,,,Esplanade-Main Gates,"April 1, 2017",,Esplanade v.3,,,1:14,,23,"Appears in full in the Frontierland 2012 BGM loop; a bluegrass medley of Mickey Mouse March and The Ballad of Davy Crockett, here the track is edited (starting 1:30 into the album track) to only include the Davy Crocket portion."
Soarin' Over California,Disneyland Resort Official Album 2013 ,,,,Esplanade-Main Gates,"April 1, 2017",,Esplanade v.3,,,4:33,,26,"The previous version of the loop featured the Soarin’ Over California Load/Unload music; this version replaces it with the actual score from the ride. A slightly curious choice since that version of the film hasn’t played at Disneyland since June 2016, having been replaced with the new Soarin’ Around The World film and a new score by Bruce Broughton. The loop version begins 6 seconds into the album version with a fade in."
Mickey Mouse Club March, ,,,,Esplanade-Main Gates,"April 1, 2017",,Esplanade v.3,,,1:58,,20,"This is the same track as the previous version of the loop, but a longer edit. The previous loop’s track started 6 seconds into this track, and ended with a crossfade into Zip-A-Dee-Doo-Dah; this version simply fades out."
Pirates of the Caribbean Medley, ,,,,Esplanade-Main Gates,"April 1, 2017",,Esplanade v.3,,,2:01,,11,"A really interesting arrangement that flips back and forth between Yo Ho, A Pirates Life For Me from the Pirates of the Caribbean attraction and the He’s A Pirate theme from the Pirates of the Caribbean movies, with guitar, percussion, flute, accordion, and strings. My guess would be that this was an arrangement done for Shanghai Disneyland, but I haven’t been able to confirm that. This track is also part of the Caribbean Plaza area BGM used at WDW's Magic Kingdom since the ride was updated to include Jack Sparrow; that loop runs 56:25 and the track in question plays between ""You Look Good Jack"" from Dead Man's Chest and ""Up is Down"" from At World's End.
Crossfade into next track"
Frozen Medley (Curtain Call),Frozen: Live at the Hyperion ,,,,Esplanade-Main Gates,"April 1, 2017",,Esplanade v.3,,,2:22,,21,"This is the instrumental of the Curtain Call/finale from Frozen: Live at the Hyperion. Disney has yet to release a soundtrack for the show, however even if they do the show features a group chorus during the “Love is an Open Door” segment of the track; an instrumental from the rehearsal CD should be an exact match, but it has yet to circulate."
The Time of Your Life,A Bug's Land BGM ,,,,Esplanade-Main Gates,"April 1, 2017",,Esplanade v.3,,,3:19,,33,"This track is from the A Bug’s Land Area BGM, which features new arrangements of tracks from the A Bug’s Life score and runs 23:43."
Winnie the Pooh Theme,Winnie the Pooh Queue BGM ,,,,Esplanade-Main Gates,"April 1, 2017",,Esplanade v.3,,,1:20,,34,"Part of this track, from The Many Adventures of Winnie the Pooh Queue BGM, is included in the medley track featured on several official albums, but that only includes the first 31 seconds of the full track."
It's a Small World,Walt Disney and the 1964 World's Fair ,,,,Esplanade-Main Gates,"April 1, 2017",,Esplanade v.3,,,0:49,,19,This instrumental of the theme song from It’s A Small World can be found on the Walt Disney and the 1964 World’s Fair box set at the very beginning of track “The Ultimate MegaMix”.
The Tiki Tiki Tiki Room,Tokyo Disneyland 15th Anniversary Music 4: Grand Finale ,,,,Esplanade-Main Gates,"April 1, 2017",,Esplanade v.3,,,1:39,,10,Same as the previous version of the loop.
Heigh Ho, ,,,,Esplanade-Main Gates,"April 1, 2017",,Esplanade v.3,,,2:06,,15,"Same as previous version of the loop, however in the prior loop this track ran about a second and a half longer with a crossfade directly into Smile Darn Ya Smile. Here the track quickly fades out during the tremolo."
The Scare Floor,Monsters Inc: Mike and Sulley to the Rescue Queue BGM ,,,,Esplanade-Main Gates,"April 1, 2017",,Esplanade v.3,,,2:48,,29,"This track comes from the Monsters Inc: Mike and Sulley to the Rescue Queue BGM (the same loop also plays at Monsters Inc Laugh Floor at Walt Disney World). That loop, which runs 30:11 includes both tracks from the Monsters Inc OST and new arrangements, this track is one of the new arrangements, appearing in that loop in between edits “School” and “Randall Appears,” both from the OST. The Queue BGM track runs 5:11; the Esplanade loop version is edited to exclude 1:06-3:29 of the original track."
Hip Hip Pooh-Ray!,Winnie the Pooh Queue BGM ,,,,Esplanade-Main Gates,"April 1, 2017",,Esplanade v.3,,,0:48,,35,"Tempting though it might be to consider this one track along with Track 32, since they are both from the same loop (The Many Adventures of Winnie the Pooh Queue BGM) they are two separate tracks and are separated by 9 and a half minutes in the Queue loop, which runs a total of 21:15."
Strange Things,Buzz Lightyear Astro Blasters ,,,,Esplanade-Main Gates,"April 1, 2017",,Esplanade v.3,,,1:05,,30,"This loop from the Buzz Lightyear Astro Blasters score plays in the Planet Zurg scene. Though the loop is included as part of the medley featured on Disneyland official albums since 2005, that medley includes lots of sound effects playing over it as well as crossfades in and out; you would need the source loops in order to reconstruct this track."
Baroque Hoedown,Main Street Electrical Parade 2010 ,,,,Esplanade-Main Gates,"April 1, 2017",,Esplanade v.3,,,1:20,,18,"This is one full loop of the lead float loop from the current version of the Main Street Electrical Parade, which has been in use since 2010. This version of the music was originally arranged for Tokyo Disneyland Electrical Parade Dreamlights by Greg Smith. The arrangement here differs very slightly however from the version featured in Dreamlights (most mixes include character voices and SFX, so you’d specifically want the Tokyo Disneyland Electrical Parade Dreamlights: Show Mix Edition CD, which includes a “Music Piece Edition” without character voices or SFX), and the TDL mix also includes crossfades in and out of the loop. There is a rehearsal CD for the 2010 DCA version of the parade in circulation, but that includes the Tinker Bell pixie dust SFX at several points during the float loop, which isn’t present in the Esplanade loop. You could use an induction of the parade underliner to recreate this track, or you could probably get very very close by editing together the TDL and rehearsal CD tracks."
Hooray For Hollywood,Salute to Hollywood ,,,,Esplanade-Main Gates,"April 1, 2017",,Esplanade v.3,,,3:23,The Boston Pops Orchestra,12,Same as the previous version of the loop.
Zip-A-Dee-Doo-Dah,Tokyo Disneyland 15th Anniversary Music 4: Grand Finale ,,,,Esplanade-Main Gates,"April 1, 2017",,Esplanade v.3,,,2:31,,22,"This version of Zip-A-Dee-Doo-Dah from Disneyland’s Splash Mountain Area BGM (sometimes also called the Critter Country BGM) was included on Disneyland Forever and also appears on Tokyo Disneyland 15th Anniversary Music 4: Grand Finale. The album version has a runtime of 3:57; the loop version is edited to exclude 1:03-2:30 of the album track. The edit is easy to recreate although poorly done- as edited, the track literally skips a beat, cutting the last beat of the measure before the edit point."
Welcome to Tomorrowland,Disneyland Resort Official Album 2006: Remember the Moments,,,,Esplanade-Main Gates,"April 1, 2017",,Esplanade v.3,,,3:33,,14,"This track was one of a collection of tracks created by Dan Foliart for the Tomorrowland BGMs that have been used at various Disney parks since, with each park getting a unique selection of tracks. This track is featured in the Tokyo Disneyland Tomorrowland BGM but is NOT included in the Disneyland or Magic Kingdom versions of the loop; nevertheless it was included on the 2006 Official Albums for both Disneyland (“Remember the Moments”) and Walt DIsney World (“Where Magic Lives”); it’s inclusion in the Esplanade loop marks the first time its played at Disneyland. The album version is 4:10, the loop version cuts approximately 8 seconds from the start of the track before starting with a slow fade in, then fades out at the end, ending 30 seconds before the end of the album track."
Fantasmic! Exit Music,Fantasmic! ,,,,Esplanade-Main Gates,"April 1, 2017",,Esplanade v.3,,,2:53,,25,"Same as the previous version of the loop. The loop version cuts about 2.5 seconds off the opening fade in in order to fade in faster. As I’ve noted before, while all releases of Fantastic! include the exit music, only the original Walt Disney World CD release features it as it’s own separate track, with a running time of 3:02; some non-theme park compilations have also included it, such as A Musical Tour: Treasure of the Walt Disney Archivist the Reagan Library (available on iTunes), which has a running time of 2:58."
Hi Diddle Dee Dee, ,,,,Esplanade-Main Gates,"April 1, 2017",,Esplanade v.3,,,1:12,,8,"Same as the previous version of the loop, but shorter, with an abrupt fade out at 1:12. In the prior version of the loop this track ran 1:20 and crossfaded directly into Under the Sea."
Be Our Guest,King Arthur Carousel BGM 2005 ,,,,Esplanade-Main Gates,"April 1, 2017",,Esplanade v.3,,,2:05,,24,"This version of Be Our Guest is an arrangement from the current Fantasyland Band Organ/King Arthur Carousel loop, which was arranged by Michael Tavera and replaced the original Fantasyland Band Organ loop circa 2005. No copies or recordings of the full loop are in circulation. Notably this is a different track than appeared in the previous version of the loop, which was from Cinderella’s Golden Carousel (now called Prince Charming Regal Carrousel [sic]) at Walt Disney World."
First Day,Finding Nemo Submarine Voyage Queue BGM ,,,,Esplanade-Main Gates,"April 1, 2017",,Esplanade v.3,,,4:26,,9,"This track is an arrangement of “First Day” (see: Finding Nemo OST) from the Finding Nemo Submarine Voyage Queue BGM (aka The Seas with Nemo and Friends Area BGM). In the recording of the Seas with Nemo and Friends area BGM posted here on MouseBits, the track used in the Esplanade loop begins at 33:00. The full Nemo loop features crossfades at both the beginning and end of the track."
McQueen and Sally,Cars OST ,,,,Esplanade-Main Gates,"April 1, 2017",,Esplanade v.3,,,1:48,Randy Newman,3,"The album version of this track runs 1:59, the loop version ends with a quick fadeout starting at approximately 1:47 into the album track."
Touch the Sky,Fantasy Faire BGM   Disneyland Resort Official Album 2013 ,,,,Esplanade-Main Gates,"April 1, 2017",,Esplanade v.3,,,2:28,,17,"This track, from the Area BGM for Disneyland’s Fantasy Faire area, was arranged by Michael Tavera, and appears on the 2013 Disneyland Official Album."
Main Title / Rebel Blockade Runner,Star Wars OST ,,,,Esplanade-Main Gates,"April 1, 2017",,Esplanade v.3,,,1:22,,28,"This is the title music from the original Star Wars (aka A New Hope) soundtrack, edited from an album length of 5:25 (using the most recent soundtrack release on iTunes) to fade out at 1:22, with a crossfade into the next track."
Casey Junior,Disney's Orchestra Collection Vol. 3 ,,,,Esplanade-Main Gates,"April 1, 2017",,Esplanade v.3,,,2:42,Never Land Orchestra,7,"The album track, which runs 2:57, features a long fade out; the loop version fades out much faster to bring the running time down to 2:42."
Steamboat Willie,Disneyland Resort Official Album   2013 ,,,,Esplanade-Main Gates,"April 1, 2017",,Esplanade v.3,,,0:52,,31,"This track is from the Mickey’s Toontown BGM loop; it was included in Disneyland Forever and has appeared on a number of official albums including the most recent one, with a running time of 2:08. The loop version starts 1:17 into the album track. Annoyingly there is one small difference between the loop version and the album version- the loop version features a two part ratchet sound effects; the album version only includes the second part of this sound effect. It’s an odd difference, and all the album versions of the track I’ve checked have been identical."
Fortuosity,Main Street USA BGM 2012 ,,,,Esplanade-Main Gates,"April 1, 2017",,Esplanade v.3,,,1:41,,13,"From the Main Street USA Area BGM, arranged and recorded by Dean Mora, which began playing at Disneyland in 2012."
You Can Fly! You Can Fly! You Can Fly!,Peter Pan's Flight Queue BGM ,,,,Esplanade-Main Gates,"April 1, 2017",,Esplanade v.3,,,1:24,,5,"While YCF! appeared in previous versions of the Esplanade loop, this track comes directly from the attraction’s Queue BGM instead of being a cover. The loop version begins with 4 seconds of string tremolo that isn’t present in the Queue BGM; you can hear this same tremolo at 4:51 and 5:40 and 6:45 in the “Fantasyland Darkride Suite” included on Disneyland Resort official albums since 2005."
Touring the Kingdom/Part of Your World,The Little Mermaid: Ariel's Undersea Adventure Queue BGM ,,,,Esplanade-Main Gates,"April 1, 2017",,Esplanade v.3,,,2:32,,4,"This is from the Queue BGM of The Little Mermaid: Ariel’s Undersea Adventure. The loop track actually starts at the very end of the loop (20:19.6 into the loop), just before the loop point. If you try to line up the Little Mermaid track from the 2013 Official Album, you’ll notice the start of that track (which is the start of the Queue loop) lines up with approximately 4.5 seconds into the loop track. The queue loop itself (which runs 20:24) does exist as source, but is not in general circulation. The loop track ends with a quick crossfade into You Can Fly! to hide a fast transition into Under the Sea, which is the next track in the Mermaid Queue BGM."
Indiana Jones Theme,,,,,Esplanade-Main Gates,"April 1, 2017",,Esplanade v.3,,,2:09,,6,Same as the previous version of the loop.
California Blues,Devil's Serenade ,,,,Esplanade-Main Gates,"April 1, 2017",,Esplanade v.3,,,3:08,Mora's Modern Rhythmists,27,This track is from the Buena Vista Street BGM.
Andy's Birthday,Toy Story OST,,,,"Disney's Paradise Pier Hotel, Esplanade-Main Gates","April 13, 2018 → September 3, 2018",Pixar Fest,"Esplanade Pixar Fest v.1, Paradise Pier Hotel (interior) v.2","This loop first played in the Esplanade during Pixar Fest in 2018 with a loop length of 00:53:50. Also plays at DCA's Paradise Gardens and its section of the parade route (with a playback time of 01:04:27.374, likely due to a different playback system). See MouseBits, https://mousebits.com/smf/index.php?topic=9747.msg91902#msg91902 (2018). This loop also appeared inside the Paradise Pier Hotel in the Summer of 2022, upon the announcement that the hotel would soon become the Pixar Place Hotel. Tracklist compiled by pixelated based on his 2022 reference recording (loop length 00:53:27.359).",00:53:27.359,00:00:14.553,Randy Newman,1,Edited 00:00-00:13
End Creditouilles,Ratatouille OST,,,,"Disney's Paradise Pier Hotel, Esplanade-Main Gates","April 13, 2018 → September 3, 2018",Pixar Fest,"Esplanade Pixar Fest v.1, Paradise Pier Hotel (interior) v.2",,,00:02:24.075,Michael Giacchino,2,Edited 00:00-02:23
Up with End Credits,Up OST,,,,"Disney's Paradise Pier Hotel, Esplanade-Main Gates","April 13, 2018 → September 3, 2018",Pixar Fest,"Esplanade Pixar Fest v.1, Paradise Pier Hotel (interior) v.2",,,00:01:29.066,Michael Giacchino,27,Edited 01:41-03:11
Colette Shows Him Le Ropes,Ratatouille,,,,"Disney's Paradise Pier Hotel, Esplanade-Main Gates","April 13, 2018 → September 3, 2018",Pixar Fest,"Esplanade Pixar Fest v.1, Paradise Pier Hotel (interior) v.2",,,00:02:38.946,Michael Giacchino,33,
Up with Titles,Up OST,,,,"Disney's Paradise Pier Hotel, Esplanade-Main Gates","April 13, 2018 → September 3, 2018",Pixar Fest,"Esplanade Pixar Fest v.1, Paradise Pier Hotel (interior) v.2",,,00:00:51.731,Michael Giacchino,9,
The Turtle Lope,Finding Nemo OST,,,,"Disney's Paradise Pier Hotel, Esplanade-Main Gates","April 13, 2018 → September 3, 2018",Pixar Fest,"Esplanade Pixar Fest v.1, Paradise Pier Hotel (interior) v.2",,,00:00:45.094,Thomas Newman,25,Edited 01:11-02:04
Merida's Home,Brave OST ,,,,"Disney's Paradise Pier Hotel, Esplanade-Main Gates","April 13, 2018 → September 3, 2018",Pixar Fest,"Esplanade Pixar Fest v.1, Paradise Pier Hotel (interior) v.2",,,00:01:25.332,Patrick Doyle,20,
Woody's a Star,Toy Story 2 OST,,,,"Disney's Paradise Pier Hotel, Esplanade-Main Gates","April 13, 2018 → September 3, 2018",Pixar Fest,"Esplanade Pixar Fest v.1, Paradise Pier Hotel (interior) v.2",,,00:00:41.862,Randy Newman,6,Edited 00:43-01:27
Andy's Birthday,Toy Story OST,,,,"Disney's Paradise Pier Hotel, Esplanade-Main Gates","April 13, 2018 → September 3, 2018",Pixar Fest,"Esplanade Pixar Fest v.1, Paradise Pier Hotel (interior) v.2",,,00:00:13.490,Randy Newman,21,Edited 00:00-00:13
The Flik Machine,A Bug's Life OST,,,,"Disney's Paradise Pier Hotel, Esplanade-Main Gates","April 13, 2018 → September 3, 2018",Pixar Fest,"Esplanade Pixar Fest v.1, Paradise Pier Hotel (interior) v.2",,,00:02:48.116,Randy Newman,22,
72 Degrees and Sunny,WALL-E OST,,,,"Disney's Paradise Pier Hotel, Esplanade-Main Gates","April 13, 2018 → September 3, 2018",Pixar Fest,"Esplanade Pixar Fest v.1, Paradise Pier Hotel (interior) v.2",,,00:00:52.991,Thomas Newman,18,Edited 00:00-00:42
The Glory Days,The Incredibles OST,,,,"Disney's Paradise Pier Hotel, Esplanade-Main Gates","April 13, 2018 → September 3, 2018",Pixar Fest,"Esplanade Pixar Fest v.1, Paradise Pier Hotel (interior) v.2",,,00:01:30.928,Michael Giacchino,34,Edited 00:00-01:31
"Monsters, Inc.","Monsters, Inc. OST",,,,"Disney's Paradise Pier Hotel, Esplanade-Main Gates","April 13, 2018 → September 3, 2018",Pixar Fest,"Esplanade Pixar Fest v.1, Paradise Pier Hotel (interior) v.2",,,00:02:02.601,Randy Newman,7,
WALL-E,WALL-E OST,,,,"Disney's Paradise Pier Hotel, Esplanade-Main Gates","April 13, 2018 → September 3, 2018",Pixar Fest,"Esplanade Pixar Fest v.1, Paradise Pier Hotel (interior) v.2",,,00:01:21.519,Thomas Newman,26,
Jessie and the Round Up Gang,Toy Story 2 OST,,,,"Disney's Paradise Pier Hotel, Esplanade-Main Gates","April 13, 2018 → September 3, 2018",Pixar Fest,"Esplanade Pixar Fest v.1, Paradise Pier Hotel (interior) v.2",,,00:00:45.933,Randy Newman,13,Edited 00:00-00:47
First Day of School,Inside Out OST,,,,"Disney's Paradise Pier Hotel, Esplanade-Main Gates","April 13, 2018 → September 3, 2018",Pixar Fest,"Esplanade Pixar Fest v.1, Paradise Pier Hotel (interior) v.2",,,00:00:54.319,Michael Giacchino,4,Edited 00:00-00:53
The Joy of Credits,Inside Out OST,,,,"Disney's Paradise Pier Hotel, Esplanade-Main Gates","April 13, 2018 → September 3, 2018",Pixar Fest,"Esplanade Pixar Fest v.1, Paradise Pier Hotel (interior) v.2",,,00:02:41.813,Michael Giacchino,30,Edited 00:00-02:23
Field Trip,Finding Nemo OST,,,,"Disney's Paradise Pier Hotel, Esplanade-Main Gates","April 13, 2018 → September 3, 2018",Pixar Fest,"Esplanade Pixar Fest v.1, Paradise Pier Hotel (interior) v.2",,,00:00:42.075,Thomas Newman,3,
The Cleaner,Toy Story 2 OST,,,,"Disney's Paradise Pier Hotel, Esplanade-Main Gates","April 13, 2018 → September 3, 2018",Pixar Fest,"Esplanade Pixar Fest v.1, Paradise Pier Hotel (interior) v.2",,,00:01:45.091,Randy Newman,31,
McQueen and Sally,Cars OST,,,,"Disney's Paradise Pier Hotel, Esplanade-Main Gates","April 13, 2018 → September 3, 2018",Pixar Fest,"Esplanade Pixar Fest v.1, Paradise Pier Hotel (interior) v.2",,,00:01:22.606,Randy Newman,36,
Migration Song,Finding Dory OST,,,,"Disney's Paradise Pier Hotel, Esplanade-Main Gates","April 13, 2018 → September 3, 2018",Pixar Fest,"Esplanade Pixar Fest v.1, Paradise Pier Hotel (interior) v.2",,,00:00:32.727,Thomas Newman,10,
The Scare Floor,"Monsters, Inc. OST",,,,"Disney's Paradise Pier Hotel, Esplanade-Main Gates","April 13, 2018 → September 3, 2018",Pixar Fest,"Esplanade Pixar Fest v.1, Paradise Pier Hotel (interior) v.2",,,00:02:37.759,Randy Newman,32,
Fiesta Espectacular,Coco OST,,,,"Disney's Paradise Pier Hotel, Esplanade-Main Gates","April 13, 2018 → September 3, 2018",Pixar Fest,"Esplanade Pixar Fest v.1, Paradise Pier Hotel (interior) v.2",,,00:00:50.620,Michael Giacchino,29,
It's Finn McMissile!,Cars 2 OST,,,,"Disney's Paradise Pier Hotel, Esplanade-Main Gates","April 13, 2018 → September 3, 2018",Pixar Fest,"Esplanade Pixar Fest v.1, Paradise Pier Hotel (interior) v.2",,,00:01:22.411,Michael Giacchino,35,Edited 03:17-04:42
Opening Race,Cars OST,,,,"Disney's Paradise Pier Hotel, Esplanade-Main Gates","April 13, 2018 → September 3, 2018",Pixar Fest,"Esplanade Pixar Fest v.1, Paradise Pier Hotel (interior) v.2",,,00:00:19.132,Randy Newman,5,Edited 00:00-00:27
Fiesta con de la Cruz,Coco OST,,,,"Disney's Paradise Pier Hotel, Esplanade-Main Gates","April 13, 2018 → September 3, 2018",Pixar Fest,"Esplanade Pixar Fest v.1, Paradise Pier Hotel (interior) v.2",,,00:02:31.387,Michael Giacchino,14,
Gnarly Chop,Finding Dory OST,,,,"Disney's Paradise Pier Hotel, Esplanade-Main Gates","April 13, 2018 → September 3, 2018",Pixar Fest,"Esplanade Pixar Fest v.1, Paradise Pier Hotel (interior) v.2",,,00:01:31.451,Thomas Newman,24,
Fish Who Wander,Finding Dory OST,,,,"Disney's Paradise Pier Hotel, Esplanade-Main Gates","April 13, 2018 → September 3, 2018",Pixar Fest,"Esplanade Pixar Fest v.1, Paradise Pier Hotel (interior) v.2",,,00:01:17.451,Thomas Newman,15,
The Incredits,The Incredibles OST,,,,"Disney's Paradise Pier Hotel, Esplanade-Main Gates","April 13, 2018 → September 3, 2018",Pixar Fest,"Esplanade Pixar Fest v.1, Paradise Pier Hotel (interior) v.2",,,00:04:36.695,Michael Giacchino,19,Edited 00:00-04:46
The Axiom,WALL-E OST,,,,"Disney's Paradise Pier Hotel, Esplanade-Main Gates","April 13, 2018 → September 3, 2018",Pixar Fest,"Esplanade Pixar Fest v.1, Paradise Pier Hotel (interior) v.2",,,00:01:18.384,Thomas Newman,17,Edited 00:00-01:15
A Bug's Life Suite,A Bug's Life OST,,,,"Disney's Paradise Pier Hotel, Esplanade-Main Gates","April 13, 2018 → September 3, 2018",Pixar Fest,"Esplanade Pixar Fest v.1, Paradise Pier Hotel (interior) v.2",,,00:01:23.983,Randy Newman,8,Edited 00:00-01:22
You've Got a Friend in Me [instrumental],Toy Story 2 OST,,,,"Disney's Paradise Pier Hotel, Esplanade-Main Gates","April 13, 2018 → September 3, 2018",Pixar Fest,"Esplanade Pixar Fest v.1, Paradise Pier Hotel (interior) v.2",,,00:02:53.823,Tom Scott,16,
Plaza de la Cruz,Coco OST,,,,"Disney's Paradise Pier Hotel, Esplanade-Main Gates","April 13, 2018 → September 3, 2018",Pixar Fest,"Esplanade Pixar Fest v.1, Paradise Pier Hotel (interior) v.2",,,00:00:19.133,Michael Giacchino,28,
Define Dancing,WALL-E OST,,,,"Disney's Paradise Pier Hotel, Esplanade-Main Gates","April 13, 2018 → September 3, 2018",Pixar Fest,"Esplanade Pixar Fest v.1, Paradise Pier Hotel (interior) v.2",,,00:02:18.057,Thomas Newman,11,
Run With the Herd,The Good Dinosaur OST ,,,,"Disney's Paradise Pier Hotel, Esplanade-Main Gates","April 13, 2018 → September 3, 2018",Pixar Fest,"Esplanade Pixar Fest v.1, Paradise Pier Hotel (interior) v.2",,,00:01:37.097,Mychael Danna,23,Edited 01:41-03:19
Ride Like the Wind,Toy Story 2 OST,,,,"Disney's Paradise Pier Hotel, Esplanade-Main Gates","April 13, 2018 → September 3, 2018",Pixar Fest,"Esplanade Pixar Fest v.1, Paradise Pier Hotel (interior) v.2",,,00:00:24.071,Randy Newman,12,Edited 00:56-01:20
Fanfare and Clock Parade (from it's a small world Holiday),A Musical History of Disneyland,,,,Esplanade-Main Gates,"November 1, 2005",Christmas,"Esplanade Holiday v.1 [REF], Esplanade Holiday v.3 [REF]","This loop plays in the esplanade during the holiday season. First heard in 2005 (https://community.magicmusic.net/threads/dl-christmas-esplenade-loop.2674/#post-17246), and heard nearly every season since. This loop did not play in 2012 (that year, the non-holiday loop played) or 2018 (see loop v.2). This loop played in the Downtown Disney District in the 2025 holiday season. Tracks in the loop sometimes play over the ending of the previous track, and thus the exact times of the tracks as heard in the loop may be slightly different. See Magic Music: https://community.magicmusic.net/threads/disneyland-esplanade-christmas-loop-2008.5245/ and MouseBits: 
https://mousebits.com/smf/index.php?topic=3783.msg25536#msg25536, and https://mousebits.com/smf/index.php?topic=3860.msg35358#msg35358. Edit samples are here: https://mousebits.com/smf/index.php?topic=6912.msg58199#msg58199. Tracklist compiled by C33 and CThaddeus, from reference recording by CThaddeus. The loop is still in use as of 2024.",00:31:58,1:28,,1,Edited to include 00:00 - 01:28
Holly Jolly Christmas,Winter Wonderland,,,,Esplanade-Main Gates,"November 1, 2005",Christmas,"Esplanade Holiday v.1 [REF], Esplanade Holiday v.3 [REF]",,,2:34,The Side Street Strutters,3,Possibly added in 2007
It's a Small World Holiday Medley,It's a Small World Holiday Official Soundtrack or A Musical History of Disneyland,,,,Esplanade-Main Gates,"November 1, 2005",Christmas,"Esplanade Holiday v.1 [REF], Esplanade Holiday v.3 [REF]",,,3:21,,2,"Edited (Based on AMHoD): 01:28 - 03:16, 13:32 - End. Not the same as the 1:55 medley track that has circulated. It is longer and features more of the It's a Small World Theme. A reconstruction of the medley can be made from the official ridethrough."
Santa Claus is Coming to Town,A Bayou Brass Christmas,,,,Esplanade-Main Gates,"November 1, 2005",Christmas,"Esplanade Holiday v.1 [REF], Esplanade Holiday v.3 [REF]",,,2:49,The Bayou Brass Band,4,
Haunted Mansion Holiday - Graveyard,the Haunted Mansion Holiday Official Soundtrack,,,,Esplanade-Main Gates,"November 1, 2005",Christmas,"Esplanade Holiday v.1 [REF], Esplanade Holiday v.3 [REF]",,,3:00,,5,Edited to include 11:22 - 14:23
Over the Graveyard,"Haunted Mansion Holiday (Soundtrack, 2002)",,,,Esplanade-Main Gates,"November 1, 2005",Christmas,"Esplanade Holiday v.1 [REF], Esplanade Holiday v.3 [REF]",,,1:27,,6,
A Christmas Fantasy Parade - Opening Unit,,,,,Esplanade-Main Gates,"November 1, 2005",Christmas,"Esplanade Holiday v.1 [REF], Esplanade Holiday v.3 [REF]",,,2:36,,8,
Two Step Medley,Cowboy Christmas,,,,Esplanade-Main Gates,"November 1, 2005",Christmas,"Esplanade Holiday v.1 [REF], Esplanade Holiday v.3 [REF]",,,1:54,Michael Martin Murphey,7,
Little Saint Nick,The Beach Boys' Christmas Album,,,,Esplanade-Main Gates,"November 1, 2005",Christmas,"Esplanade Holiday v.1 [REF], Esplanade Holiday v.3 [REF]",,,1:53,The Beach Boys,11,Fades into next track
Silver Bells,Christmas Time Is Here,,,,Esplanade-Main Gates,"November 1, 2005",Christmas,"Esplanade Holiday v.1 [REF], Esplanade Holiday v.3 [REF]",,,1:42,Gramercy Brass,10,
Sleigh Ride,Christmas in the 90's,,,,Esplanade-Main Gates,"November 1, 2005",Christmas,"Esplanade Holiday v.1 [REF], Esplanade Holiday v.3 [REF]",,,2:52,Arthur Fielder and the Boston Pops Orchestra,9,"Versions of the song can be found on several CDs and compilations, you want the one that runs 2:55."
Winter Wonderland,Ho! Ho! Hoey! II,,,,Esplanade-Main Gates,"November 1, 2005",Christmas,"Esplanade Holiday v.1 [REF], Esplanade Holiday v.3 [REF]",,,2:54,Gary Hoey,12,
Walt Disney's Parade of Dreams (Finale Unit),,,,,Esplanade-Main Gates,"November 1, 2005",Christmas,"Esplanade Holiday v.1 [REF], Esplanade Holiday v.3 [REF]",,,2:25,,14,
The Bells of Christmas,The Santa Clause OST,,,,Esplanade-Main Gates,"November 1, 2005",Christmas,"Esplanade Holiday v.1 [REF], Esplanade Holiday v.3 [REF]",,,1:08,,13,Edited to include 1:04-end. Likely added in 2007
The Boogie Man,"The Haunted Mansion: Haunted Hits ",,,,Esplanade-Main Gates,,Halloween,Esplanade Halloween,"This loop has played in the Esplanade during Halloween at least since 2021 (verified as of 2024). It appears to be reused from the Mickey’s Halloween Party park BGM used prior to the Halloween party rebranding to the Oogie Boogie Bash. Tracklist compiled by monorail91 with edits noted by SSrustworthy. See MouseBits, https://mousebits.com/smf/index.php?topic=8223.msg76518#msg76518 (2013) and https://mousebits.com/smf/index.php?topic=10816.msg98980#msg98980 (2022). ",00:55:47.741,00:02:48.332,The Jackson 5,1,"note, crossfade out at 2:47.153"
El Parian 3439/3,Destinos por Descubrir ANW 3439,,,,Downtown Disney District,"June 16, 2022 → September 1, 2022",,DTDD Colombian Silletas [REF],,,00:02:49.578,"Juan Andres Matos, Lorena Perez-Batista",12,playback rate: 0.999976
Mirabel's Cumbia,Encanto OST,,,,Downtown Disney District,"June 16, 2022 → September 1, 2022",,DTDD Colombian Silletas [REF],,,00:02:40.262,Germaine Franco,21,playback rate: 0.999993
La Chica Colombiana 2 1514/23,Latin - Colombia ANW 1514,,,,Downtown Disney District,"June 16, 2022 → September 1, 2022",,DTDD Colombian Silletas [REF],,,00:02:42.992,"Tim Devine, Leonardo Ceballos Infante",4,playback rate: 1.000017
Salsa Sabrosa 1514/5,Latin - Colombia ANW 1514,,,,Downtown Disney District,"June 16, 2022 → September 1, 2022",,DTDD Colombian Silletas [REF],"This loop played in the general Downtown Disney vicinity in the summer of 2022 to complement the Colombian silettas on display in the area. Verfied playlist compiled by pixelated, 08/2022. See Disney Parks Music Compendium, https://disney-parks-music-compendium.blogspot.com/2022/12/colombian-silletas-bgm.html and MouseBits, https://forums.mousebits.com/threads/downtown-disney-district-colombian-silletas.11168/ (2025).",00:57:56.707,00:02:43.831,"Tim Devine, Leonardo Ceballos Infante",1,Preceded by 0.422 sec. silent gap. playback rate: 1.000015
El Camino De Mirabel,Encanto OST,,,,Downtown Disney District,"June 16, 2022 → September 1, 2022",,DTDD Colombian Silletas [REF],,,00:02:03.108,Germaine Franco,20,playback rate: 0.999987
Galerón Llanero,Paraiso Llanero - 20 Clásicas Instrumentales,,,,Downtown Disney District,"June 16, 2022 → September 1, 2022",,DTDD Colombian Silletas [REF],,,00:02:09.869,Abdul Farfán,17,Loop track seems to fade to silence by 2:08.301 of the track. playback rate: 1.000017. Edited?
Mi Negra 2 3400/9,Tropical Colombia ANW 3400,,,,Downtown Disney District,"June 16, 2022 → September 1, 2022",,DTDD Colombian Silletas [REF],,,00:04:30.267,"Pedro Elias Ojeda Acosta, Campbell E Browning, Pablo Love",9,Fade out starts at 4:28.999 of the track; track completely silent or removed 0:01.330 later. edited. playback rate: 1.000003
Fiesta de Cumbias 2 1514/6,Latin - Colombia ANW 1514,,,,Downtown Disney District,"June 16, 2022 → September 1, 2022",,DTDD Colombian Silletas [REF],,,00:03:20.943,"Tim Devine, Leonardo Ceballos Infante",23,playback rate: 1.000013
We Don't Talk About Bruno (instrumental),Encanto OST,,,,Downtown Disney District,"June 16, 2022 → September 1, 2022",,DTDD Colombian Silletas [REF],,,00:03:27.165,Lin-Manuel Miranda,18,playback rate: 1.000019
Happy Cumbia 3270/8,Latin Grooves ANW 3270,,,,Downtown Disney District,"June 16, 2022 → September 1, 2022",,DTDD Colombian Silletas [REF],,,00:02:25.194,"Juan Carlos Rodriguez, Orlando Felice Rodriguez Di Pietro",8,Edited; Last 0:06.393 of file is faded out or removed. playback rate: 1.000016
Unknown,,,,,Downtown Disney District,"June 16, 2022 → September 1, 2022",,DTDD Colombian Silletas [REF],,,00:00:58.972,,14,
Cumbia Mexico 2203/6,Fiesta Caliente ANW 2203,,,,Downtown Disney District,"June 16, 2022 → September 1, 2022",,DTDD Colombian Silletas [REF],,,00:02:30.187,Juan Carlos Rodriguez; Iker Gastaminza,5,playback rate: 1.000017
"Colombia, Mi Encanto (Instrumental)",Encanto OST,,,,Downtown Disney District,"June 16, 2022 → September 1, 2022",,DTDD Colombian Silletas [REF],,,00:02:48.120,Lin-Manuel Miranda,22,playback rate: 1.000016
Vallenato Colombia 2 2203/20,Fiesta Caliente ANW 2203,,,,Downtown Disney District,"June 16, 2022 → September 1, 2022",,DTDD Colombian Silletas [REF],,,00:03:01.172,"Juan Carlos Rodriguez, Iker Gastaminza",6,playback rate: 0.999960
Spanish Cumbia 3270/6,Latin Grooves ANW 3270,,,,Downtown Disney District,"June 16, 2022 → September 1, 2022",,DTDD Colombian Silletas [REF],,,00:02:29.810,"Juan Carlos Rodriguez, Orlando Felice Rodriguez Di Pietro",13,playback rate: 1.000018
La Caderona 2 1514/14,Latin - Colombia ANW 1514,,,,Downtown Disney District,"June 16, 2022 → September 1, 2022",,DTDD Colombian Silletas [REF],,,00:03:18.782,"Tim Devine, Leonardo Ceballos Infante",3,playback rate: 1.000023
Tolú,Don Luis Eduardo Bermúdez Acosta,,,,Downtown Disney District,"June 16, 2022 → September 1, 2022",,DTDD Colombian Silletas [REF],,,00:02:42.263,Lucho Bermúdez Y Su Orquesta,15,playback rate: 1.000048
El Baile Madrigal,Encanto OST,,,,Downtown Disney District,"June 16, 2022 → September 1, 2022",,DTDD Colombian Silletas [REF],,,00:02:37.324,Germaine Franco,19,
Alma Llanera (Instrumental),Paraiso Llanero - 20 Clásicas Instrumentales,,,,Downtown Disney District,"June 16, 2022 → September 1, 2022",,DTDD Colombian Silletas [REF],,,00:03:32.852,Abdul Farfán,16,playback rate: 0.999998
Sad Cumbia 3270/1,Latin Grooves ANW 3270,,,,Downtown Disney District,"June 16, 2022 → September 1, 2022",,DTDD Colombian Silletas [REF],,,00:02:18.432,"Juan Carlos Rodriguez, Orlando Felice Rodriguez Di Pietro",7,playback rate: 1.000018
La Noche Morena 1514/4,Latin - Colombia ANW 1514,,,,Downtown Disney District,"June 16, 2022 → September 1, 2022",,DTDD Colombian Silletas [REF],,,00:02:45.586,"Tim Devine, Leonardo Ceballos Infante",2,playback rate: 1.000012
Christmas Time Is Here Again,I Wanna Be Santa Claus,,,,Downtown Disney District,,Christmas,DTDD Nighttime Holiday v.3 [PRE],"This loop played in the Downtown Disney District area from 2020 to present. Preliminary tracklist compiled by pixelated based on his 2020 reference recording. It was updated with a few additional tracks for the 2025 holiday season. See MouseBits, Re: https://mousebits.com/smf/index.php?topic=10875.msg99148#msg99148.",01:29:12.796,,Ringo Starr,1,
Winter Wonderland,Ho! Ho! Hoey II,,,,Downtown Disney District,,Christmas,DTDD Nighttime Holiday v.3 [PRE],,,,Gary Hoey,2,
I'm Gonna E-Mail Santa,Another Rosie Christmas,,,,Downtown Disney District,,Christmas,DTDD Nighttime Holiday v.3 [PRE],,,,Billy Gilman,3,
Spread a Little Love On Christmas Day,8 Days of Christmas,,,,Downtown Disney District,,Christmas,DTDD Nighttime Holiday v.3 [PRE],,,,Destiny's Child,4,
Rudolph The Red-Nosed Reindeer,I Wanna Be Santa Claus,,,,Downtown Disney District,,Christmas,DTDD Nighttime Holiday v.3 [PRE],,,,Ringo Starr,5,
Soulful Christmas,A Soulful Christmas,,,,Downtown Disney District,,Christmas,DTDD Nighttime Holiday v.3 [PRE],,,,James Brown,6,
Frosty The Snowman,The Best of Ho! Ho! Hoey,,,,Downtown Disney District,,Christmas,DTDD Nighttime Holiday v.3 [PRE],,,,Gary Hoey,7,
Deck The Halls,Brand New Day,,,,Downtown Disney District,,Christmas,DTDD Nighttime Holiday v.3 [PRE],,,,SHeDAISY,8,
Christmas (Baby Please Come Home),A Very Special Christmas,,,,Downtown Disney District,,Christmas,DTDD Nighttime Holiday v.3 [PRE],,,,U2,9,
Jingle Bells,Merry Axemas [A Guitar Christmas],,,,Downtown Disney District,,Christmas,DTDD Nighttime Holiday v.3 [PRE],,,,The Brian Setzer Orchestra,10,
Sleigh Ride,Sleigh Ride [Remixes],,,,Downtown Disney District,,Christmas,DTDD Nighttime Holiday v.3 [PRE],,,,TLC,11,
It's A Good Thing Santa Ain't Single,A December to Remember,,,,Downtown Disney District,,Christmas,DTDD Nighttime Holiday v.3 [PRE],,,,Aaron Tippin,12,
The First Noel,Ho! Ho! Hoey 3,,,,Downtown Disney District,,Christmas,DTDD Nighttime Holiday v.3 [PRE],,,,Gary Hoey,13,
Santa Claus Is Coming To Town,My Hometown,,,,Downtown Disney District,,Christmas,DTDD Nighttime Holiday v.3 [PRE],,,,Bruce Springsteen,14,
Xtina's Xmas (Interlude),My Kind of Christmas,,,,Downtown Disney District,,Christmas,DTDD Nighttime Holiday v.3 [PRE],,,,Christina Aguilera,15,
Have Yourself A Merry Little Christmas,Ho! Ho! Hoey 3,,,,Downtown Disney District,,Christmas,DTDD Nighttime Holiday v.3 [PRE],,,,Gary Hoey,16,
Winter Wonderland,I Wanna Be Santa Claus,,,,Downtown Disney District,,Christmas,DTDD Nighttime Holiday v.3 [PRE],,,,Ringo Starr,17,
Run Rudolph Run,From Small Things: The Best of Dave Edmunds,,,,Downtown Disney District,,Christmas,DTDD Nighttime Holiday v.3 [PRE],,,,Dave Edmunds,18,
Santa's Got A Brand New Bag,Brand New Year,,,,Downtown Disney District,,Christmas,DTDD Nighttime Holiday v.3 [PRE],,,,SHeDAISY,19,
What Christmas Means To Me,A Very Special Christmas 2,,,,Downtown Disney District,,Christmas,DTDD Nighttime Holiday v.3 [PRE],,,,Paul Young,20,
Let It Snow! Let It Snow! Let It Snow!,Ho! Ho! Hoey 3,,,,Downtown Disney District,,Christmas,DTDD Nighttime Holiday v.3 [PRE],,,,Gary Hoey,21,
Mama's Gettin' Ready For Christmas,A December to Remember,,,,Downtown Disney District,,Christmas,DTDD Nighttime Holiday v.3 [PRE],,,,Aaron Tippin,22,
A Present Just For Me,A Vibraphonic Christmas,,,,Downtown Disney District,,Christmas,DTDD Nighttime Holiday v.3 [PRE],,,,Vibraphonic,23,
Rock And Roll Christmas,The EMI Years,,,,Downtown Disney District,,Christmas,DTDD Nighttime Holiday v.3 [PRE],,,,George Thorogood & The Destroyers,24,
The Christmas Song (Holiday Remix),My Kind of Christmas,,,,Downtown Disney District,,Christmas,DTDD Nighttime Holiday v.3 [PRE],,,,Christina Aguilera,25,
I Saw Mommy Kissing Santa Claus,Ho! Ho! Hoey: The Complete Collection,,,,Downtown Disney District,,Christmas,DTDD Nighttime Holiday v.3 [PRE],,,,Gary Hoey,26,
Merry Christmas Baby,A Christmas Celebration of Hope,,,,Downtown Disney District,,Christmas,DTDD Nighttime Holiday v.3 [PRE],,,,B.B. King,27,
"Ay, Ay, Ay It's Christmas",Another Rosie Christmas,,,,Downtown Disney District,,Christmas,DTDD Nighttime Holiday v.3 [PRE],,,,"Ricky Martin, Rosie O'Donnell",28,
Christmas All Over Again,A Very Special Christmas 2,,,,Downtown Disney District,,Christmas,DTDD Nighttime Holiday v.3 [PRE],,,,Tom Petty and the Heartbreakers,29,
A Night on Bald Mountain (Irwin Kostal Re-Record 1982),The Legacy Collection: Fantasia,,,,Esplanade-Main Gates,,Halloween,Esplanade Halloween,,,00:00:47.260,Irwin Kostal,2,"note, crossfade in at 0:00.430, fade out at 0:48.077"
"Grim, Grinning Ghosts",The Haunted Mansion (Original Motion Picture Soundtrack),,,,Esplanade-Main Gates,,Halloween,Esplanade Halloween,,,00:01:05.499,Singing Busts (The Dapper Dans),3,
Things That Go Bump in the Night,The Haunted Mansion: Haunted Hits,,,,Esplanade-Main Gates,,Halloween,Esplanade Halloween,,,00:03:38.274,JACK,4,"note, crossfade out at 3:38.430"
Pink Elephants,Disney Villains: Simply Sinister Songs,,,,Esplanade-Main Gates,,Halloween,Esplanade Halloween,,,00:02:24.112,Disney Studio Chorus,5,"note, I used a different version from the one on this album, but had a crossfade in at 0:00.900, fade out at 2:23.287"
Shake Your Bones,Halloween Songs & Sounds,,,,Esplanade-Main Gates,,Halloween,Esplanade Halloween,,,00:02:36.267,Marco Marinangeli,6,"note, crossfade out at 2:32.109"
"Doctor Finklestein / In The Forest ",The Nightmare Before Christmas Special Edition (2006),,,,Esplanade-Main Gates,,Halloween,Esplanade Halloween,,,00:01:56.093,Danny Elfman,7,"note, crossfade in at 0:26.604, crossfade out at 2:27.292"
End Title,The Nightmare Before Christmas Special Edition (2006),,,,Esplanade-Main Gates,,Halloween,Esplanade Halloween,,,00:04:56.106,Danny Elfman,8,"note, crossfade in at 0:04.671, fade out at 5:00.891"
String Tremolo,Hocus Pocus (Original Score),,,,Esplanade-Main Gates,,Halloween,Esplanade Halloween,,,00:00:16.577,John Debney,9,"note, crossfade out at 0:16.760"
Main Title,Hocus Pocus (Original Score),,,,Esplanade-Main Gates,,Halloween,Esplanade Halloween,,,00:00:44.490,John Debney,10,"note, crossfade in at 0:18.603, crossfade out at 1:03.134"
Death To The Witches - John Debney - Hocus Pocus (Original Score),Hocus Pocus (Original Score),,,,Esplanade-Main Gates,,Halloween,Esplanade Halloween,,,00:00:31.274,John Debney,11,"note, crossfade in at 0:00.915, fade out at 0:30.979"
Rotten To The Core (From “Descendants: Wicked World”),Descendants (Original TV Movie Soundtrack),,,,Esplanade-Main Gates,,Halloween,Esplanade Halloween,,,00:02:51.654,Sofia Carson,12,note: crossfade out at 2:52.232
Descendants Score Suite,Descendants (Original TV Movie Soundtrack),,,,Esplanade-Main Gates,,Halloween,Esplanade Halloween,,,00:01:22.265,David Lawrence,13,"note, crossfade in at 5:04.609, crossfade out at 6:24.644"
This is Halloween,The Nightmare Before Christmas Special Edition (2006),,,,Esplanade-Main Gates,,Halloween,Esplanade Halloween,,,00:03:08.267,Panic! At The Disco,14,"note, crossfade in at 0:11.993, fade out at 3:18.624"
Heffalumps and Woozles,Halloween Songs & Sounds,,,,Esplanade-Main Gates,,Halloween,Esplanade Halloween,,,00:01:56.895,Disney Studio Chorus,15,"note, fade out at 1:55.599"
Monster Mash,"The Haunted Mansion: Haunted Hits ",,,,Esplanade-Main Gates,,Halloween,Esplanade Halloween,,,00:03:34.204,Brian O’Neal and the BusBoys,16,"note, fade out at 3:32.585"
"Grim, Grinning Ghosts","The Haunted Mansion: Haunted Hits ",,,,Esplanade-Main Gates,,Halloween,Esplanade Halloween,,,00:01:38.336,Barenaked Ladies,17,"note, crossfade out at 1:38.440"
End Title (Alternate),The Haunted Mansion (Original Motion Picture Soundtrack),,,,Esplanade-Main Gates,,Halloween,Esplanade Halloween,,,00:02:49.251,Mark Mancina,18,"note, crossfade in at 0:06.134, crossfade out at 2:55.815"
"Right Place, Wrong Time",The Haunted Mansion: Haunted Hits,,,,Esplanade-Main Gates,,Halloween,Esplanade Halloween,,,00:03:23.381,Brian O’Neal and the BusBoys,19,"note, crossfade out at 3:19.746"
The Skeleton Dance,Disney's 75 Years Of Music & Memories,,,,Esplanade-Main Gates,,Halloween,Esplanade Halloween,,,00:01:05.973,Frank Churchill,20,"note, fade out at 1:06.146"
Superstition,The Haunted Mansion: Haunted Hits,,,,Esplanade-Main Gates,,Halloween,Esplanade Halloween,,,00:03:02.554,"Raven ",21,"note, small crossfade in at 0:00.000, fade out at 3:02.576"
Mickey’s Boo to You Parade,Unreleased,,,,Esplanade-Main Gates,,Halloween,Esplanade Halloween,,,00:03:08.290,,22,
The Sorcerer’s Apprentice,Fantasia 2000,,,,Esplanade-Main Gates,,Halloween,Esplanade Halloween,,,00:02:02.262,"Paul Dukas, Philharmonia Orchestra",23,"note, fade in at 6:35.833, fade out at 8:38.021"
It’s Halloween-lo-ween,"It’s Halloween-lo-ween ",,,,Esplanade-Main Gates,,Halloween,Esplanade Halloween,,,00:04:00.108,,24,"note, fade out at 4:00.335, with vocals; DLP release from 2005"
Let It Snow,Warmer in the Winter,,,,Downtown Disney District,,Christmas,World of Disney Holiday,"This is a preliminary track list compiled by pixelated for the Disneyland Resort Backlot Premiere Shop holiday loop. The Backlot Premiere Shop opened on Stage 17 in Hollywood Land in October 2020. This loop was then utilized as the World of Disney holiday loop (possibly with alterations) for the 2022 holiday season, and is still playing in the 2025 holiday season.",01:03:57.630,00:02:49.329,Lindsey Stirling,1,<preceded by silent gap 3.572 secs.>
Christmas Eve,Christmas Eve,,,,Downtown Disney District,,Christmas,World of Disney Holiday,,,00:02:51.974,Kelly Clarkson,2,
Bring on the Holidays,Bring on the Holidays,,,,Downtown Disney District,,Christmas,World of Disney Holiday,,,00:03:20.124,TobyMac,3,Unclear start in recording; loop track length may be incorrect
You Make It Feel Like Christmas,You Make It Feel Like Christmas,,,,Downtown Disney District,,Christmas,World of Disney Holiday,,,00:02:32.328,Gwen Stefani feat. Blake Shelton,4,
White Christmas,Christmas Eve in Bethlehem,,,,Downtown Disney District,,Christmas,World of Disney Holiday,,,00:03:04.641,Hannah Kerr,5,
Christmas This Year,Christmas in Diverse City,,,,Downtown Disney District,,Christmas,World of Disney Holiday,,,00:03:22.088,TobyMac feat. Leigh Nash,6,Edited
Jingle Bell Rock (Glee Cast Version),"Glee: The Music, The Christmas Album Volume 3",,,,Downtown Disney District,,Christmas,World of Disney Holiday,,,00:02:29.953,Glee Cast,7,
Jingle Bells,A Very Ping Pong Christmas: Funky Treats from Santa's Bag,,,,Downtown Disney District,,Christmas,World of Disney Holiday,,,00:03:05.090,Shawn Lee's Ping Pong Orchestra,8,
The First Noel,Christmas in Diverse City,,,,Downtown Disney District,,Christmas,World of Disney Holiday,,,00:03:28.718,TobyMac feat. Owl City,9,
Last Christmas,Christmas Kisses,,,,Downtown Disney District,,Christmas,World of Disney Holiday,,,00:03:13.617,Ariana Grande,10,
Deck the Halls,A Very Funky Christmas,,,,Downtown Disney District,,Christmas,World of Disney Holiday,,,00:03:30.449,Redtenbacher's Funkestra,11,
All I Want for Christmas,Warmer in the Winter,,,,Downtown Disney District,,Christmas,World of Disney Holiday,,,00:03:07.593,Lindsey Stirling,12,
Christmas Without You,A Very ROC Christmas,,,,Downtown Disney District,,Christmas,World of Disney Holiday,,,00:02:29.895,DNCE,13,
Light of Christmas,Light of Christmas [unclear start],,,,Downtown Disney District,,Christmas,World of Disney Holiday,,,00:03:36.107,Owl City feat. TobyMac,14,
Wonderful Christmastime,"Christmas Rules, Vol. 2",,,,Downtown Disney District,,Christmas,World of Disney Holiday,,,00:01:23.822,"Paul McCartney, Jimmy Fallon & The Roots",15,
"Merry Christmas, Happy Holidays",A Pentatonix Christmas,,,,Downtown Disney District,,Christmas,World of Disney Holiday,,,00:03:51.167,Pentatonix,16,
Jingle Bells,You Make It Feel Like Christmas,,,,Downtown Disney District,,Christmas,World of Disney Holiday,,,00:02:53.431,Gwen Stefani,17,
Deck the Halls,A Pentatonix Christmas Deluxe,,,,Downtown Disney District,,Christmas,World of Disney Holiday,,,00:02:39.978,Pentatonix,18,
This Christmas Eve,This Christmas Eve,,,,Downtown Disney District,,Christmas,World of Disney Holiday,,,00:03:28.218,Ryan Stevenson,19,Edited
This Christmas (Father of the Fatherless),Christmas in Diverse City,,,,Downtown Disney District,,Christmas,World of Disney Holiday,,,00:02:59.311,TobyMac feat. Nirva Ready,20,
Santa's Coming for Us,Everyday Is Christmas,,,,Downtown Disney District,,Christmas,World of Disney Holiday,,,00:03:17.730,Sia,21,
Energy Adventure Medley,Walt Disney World: Official Album 2 Disc Set,,,,Esplanade-Main Gates,"January 25, 2023",Disney100 Celebration,Esplanade Disney100 Celebration,"The Disney100 esplanade music debuted at the Disneyland Resort on January 25, 2023 for the Disney100 celebration. The loop is an amalgamation of entertainment and attraction tracks from the Disneyland and Walt Disney World Resorts. Preliminary racklist compiled by MagicalSoundtracks and StarWarsGalaxysEdge. Please see MagicalSoundtracks’ YT channel for an https://youtu.be/V5vXu--wt-c of the music. Also thanks to pixelated for posting his induction recording on MouseCord. See MouseBits, https://mousebits.com/smf/index.php?topic=10884.msg99556#msg99556 (2023).",01:16:36.081,,,1,
Yo Ho (A Pirate's Life for Me),The Legacy Collection: Disneyland,,,,Esplanade-Main Gates,"January 25, 2023",Disney100 Celebration,Esplanade Disney100 Celebration,,,,,2,
"Magic Happens (From ""The Disneyland Parade, Magic Happens"")","Magic Happens (From ""The Disneyland Parade, Magic Happens"")",,,,Esplanade-Main Gates,"January 25, 2023",Disney100 Celebration,Esplanade Disney100 Celebration,,,,,3,
"""We Go On""",Epcot: Tapestry Of Dreams,,,,Esplanade-Main Gates,"January 25, 2023",Disney100 Celebration,Esplanade Disney100 Celebration,,,,,4,
"The Magic Is Calling (From ""Walt Disney World 50"")","The Magic Is Calling (From ""Walt Disney World 50""",,,,Esplanade-Main Gates,"January 25, 2023",Disney100 Celebration,Esplanade Disney100 Celebration,,,,,5,
The Main Street Electrical Parade,The Legacy Collection: Disneyland,,,,Esplanade-Main Gates,"January 25, 2023",Disney100 Celebration,Esplanade Disney100 Celebration,,,,,6,
Let's Dance at Disneyland,The Legacy Collection: Disneyland,,,,Esplanade-Main Gates,"January 25, 2023",Disney100 Celebration,Esplanade Disney100 Celebration,,,,,7,
One Little Spark,Disney Classics,,,,Esplanade-Main Gates,"January 25, 2023",Disney100 Celebration,Esplanade Disney100 Celebration,,,,,8,
"Honey, I Shrunk the Audience Theme",The Legacy Collection: Disneyland,,,,Esplanade-Main Gates,"January 25, 2023",Disney100 Celebration,Esplanade Disney100 Celebration,,,,,9,
"The Tiki, Tiki, Tiki Room",The Legacy Collection: Disneyland,,,,Esplanade-Main Gates,"January 25, 2023",Disney100 Celebration,Esplanade Disney100 Celebration,,,,,10,
Soarin',The Legacy Collection: Disneyland,,,,Esplanade-Main Gates,"January 25, 2023",Disney100 Celebration,Esplanade Disney100 Celebration,,,,,11,
It's Tough To Be a Bug,The Legacy Collection: Disneyland,,,,Esplanade-Main Gates,"January 25, 2023",Disney100 Celebration,Esplanade Disney100 Celebration,,,,,12,
"You Are the Magic (From ""Disney Enchantment"")","You Are the Magic (From ""Disney Enchantment"")",,,,Esplanade-Main Gates,"January 25, 2023",Disney100 Celebration,Esplanade Disney100 Celebration,,,,,13,
Nation on Wheels,The Legacy Collection: Disneyland,,,,Esplanade-Main Gates,"January 25, 2023",Disney100 Celebration,Esplanade Disney100 Celebration,,,,,14,
The Bear Band Serenade,The Legacy Collection: Disneyland,,,,Esplanade-Main Gates,"January 25, 2023",Disney100 Celebration,Esplanade Disney100 Celebration,,,,,15,
California Screamin',The Legacy Collection: Disneyland,,,,Esplanade-Main Gates,"January 25, 2023",Disney100 Celebration,Esplanade Disney100 Celebration,,,,,16,
Swisskapolka,The Legacy Collection: Disneyland,,,,Esplanade-Main Gates,"January 25, 2023",Disney100 Celebration,Esplanade Disney100 Celebration,,,,,17,
Mickey Mouse March,Disney's Greatest: Volume 2,,,,Esplanade-Main Gates,"January 25, 2023",Disney100 Celebration,Esplanade Disney100 Celebration,,,,,18,
Space Mountain,The Legacy Collection: Disneyland,,,,Esplanade-Main Gates,"January 25, 2023",Disney100 Celebration,Esplanade Disney100 Celebration,,,,,19,
Awakening,Harmonious: Globally Inspired Music from the EPCOT Nighttime Spectacular,,,,Esplanade-Main Gates,"January 25, 2023",Disney100 Celebration,Esplanade Disney100 Celebration,,,,,20,
Spaceship Earth,Walt Disney World: Official Album 2 Disc Set,,,,Esplanade-Main Gates,"January 25, 2023",Disney100 Celebration,Esplanade Disney100 Celebration,,,,,21,
"Nothing Can Stop Us Now (From ""Mickey & Minnie's Runaway Railway"")","Nothing Can Stop Us Now (From ""Mickey & Minnie's Runaway Railway"")",,,,Esplanade-Main Gates,"January 25, 2023",Disney100 Celebration,Esplanade Disney100 Celebration,,,,,22,
Happily Ever After (Full Version),Happily Ever After (Full Version),,,,Esplanade-Main Gates,"January 25, 2023",Disney100 Celebration,Esplanade Disney100 Celebration,,,,,23,
Fantasmic! Exit Music (Disneyland Park),A Musical Tour: Treasures of the Walt Disney Archives at The Reagan Library,,,,Esplanade-Main Gates,"January 25, 2023",Disney100 Celebration,Esplanade Disney100 Celebration,,,,,24,
Grim Grinning Ghosts,The Legacy Collection: Disneyland,,,,Esplanade-Main Gates,"January 25, 2023",Disney100 Celebration,Esplanade Disney100 Celebration,,,,,25,
Test Track,Walt Disney World: Official Album 2 Disc Set,,,,Esplanade-Main Gates,"January 25, 2023",Disney100 Celebration,Esplanade Disney100 Celebration,,,,,26,
There's a Great Big Beautiful Tomorrow,The Legacy Collection: Disneyland,,,,Esplanade-Main Gates,"January 25, 2023",Disney100 Celebration,Esplanade Disney100 Celebration,,,,,27,
"Some Day My Prince Will Come (Lullaby From ""Snow White and the Seven Dwarfs"")","Lullaby Music Box Disney Covers, Vol. 2",,,,Esplanade-Main Gates,"May 13, 2025",Disneyland Resort 70th Celebration,Esplanade Disneyland Resort 70th Anniversary late night music box [REF],"This loop began playing at the Esplanade all day starting May 13, 2025, and as of May 23, 2025 was moved to only play from 11 PM to 1 AM. Tracklist compiled by elecTRONrabbit/boxofdust (https://discord.com/channels/661066093602930723/662818563500933157/1372658034085597186, 2025). Reference recording by Park Sensory is available on https://youtu.be/TjE9Pz_5hE8?feature=shared (May 2025). See MouseBits, https://forums.mousebits.com/threads/esplanade-disneyland-resort-70th-anniversary-late-night-music-box.11138/https://forums.mousebits.com/threads/esplanade-disneyland-resort-70th-anniversary-late-night-music-box.11138/ (2025). There are no edits in any of the tracks.",00:32:44.999,00:02:20.923,Goodnight Bear,1,
"Star Wars Theme (From ""Star Wars"")","MBM Performs Disney Classics, Vol. 2",,,,Esplanade-Main Gates,"May 13, 2025",Disneyland Resort 70th Celebration,Esplanade Disneyland Resort 70th Anniversary late night music box [REF],,,00:03:00.166,Music Box Mania,2,
"When You Wish Upon a Star (From ""Pinocchio"")","MBM Performs Disney Classics, Vol. 1",,,,Esplanade-Main Gates,"May 13, 2025",Disneyland Resort 70th Celebration,Esplanade Disneyland Resort 70th Anniversary late night music box [REF],,,00:03:15.642,Music Box Mania,3,
"A Whole New World (Lullaby From ""Aladdin"")","Lullaby Music Box Disney Covers, Vol. 1",,,,Esplanade-Main Gates,"May 13, 2025",Disneyland Resort 70th Celebration,Esplanade Disneyland Resort 70th Anniversary late night music box [REF],,,00:03:23.732,Goodnight Bear,4,
"You’ve Got a Friend in Me (From ""Toy Story"")","MBM Performs Disney Classics, Vol. 1",,,,Esplanade-Main Gates,"May 13, 2025",Disneyland Resort 70th Celebration,Esplanade Disneyland Resort 70th Anniversary late night music box [REF],,,00:03:34.693,Music Box Mania,5,
"A Dream Is a Wish Your Heart Makes (Lullaby From ""Cinderella"")","Lullaby Music Box Disney Covers, Vol. 1",,,,Esplanade-Main Gates,"May 13, 2025",Disneyland Resort 70th Celebration,Esplanade Disneyland Resort 70th Anniversary late night music box [REF],,,00:02:38.445,Goodnight Bear,6,
"The Second Star to the Right (Lullaby From ""Peter Pan"")","Lullaby Music Box Disney Covers, Vol. 2",,,,Esplanade-Main Gates,"May 13, 2025",Disneyland Resort 70th Celebration,Esplanade Disneyland Resort 70th Anniversary late night music box [REF],,,00:01:07.335,Goodnight Bear,7,
"Jolly Holiday (Lullaby From ""Mary Poppins"")","Lullaby Music Box Disney Covers, Vol. 2",,,,Esplanade-Main Gates,"May 13, 2025",Disneyland Resort 70th Celebration,Esplanade Disneyland Resort 70th Anniversary late night music box [REF],,,00:02:53.949,Goodnight Bear,8,
"It's a Small World (Lullaby From ""Disneyland"")","Lullaby Music Box Disney Covers, Vol. 1",,,,Esplanade-Main Gates,"May 13, 2025",Disneyland Resort 70th Celebration,Esplanade Disneyland Resort 70th Anniversary late night music box [REF],,,00:01:57.934,Goodnight Bear,9,
"Once Upon a Dream (Lullaby From ""Sleeping Beauty"")","Lullaby Music Box Disney Covers, Vol. 2",,,,Esplanade-Main Gates,"May 13, 2025",Disneyland Resort 70th Celebration,Esplanade Disneyland Resort 70th Anniversary late night music box [REF],,,00:02:59.273,Goodnight Bear,10,
"Winnie the Pooh (Lullaby From ""Winnie the Pooh"")","Lullaby Music Box Disney Covers, Vol. 2",,,,Esplanade-Main Gates,"May 13, 2025",Disneyland Resort 70th Celebration,Esplanade Disneyland Resort 70th Anniversary late night music box [REF],,,00:02:06.120,Goodnight Bear,11,
"Under the Sea (From ""Little Mermaid"")","MBM Performs Disney Classics, Vol. 1",,,,Esplanade-Main Gates,"May 13, 2025",Disneyland Resort 70th Celebration,Esplanade Disneyland Resort 70th Anniversary late night music box [REF],,,00:03:26.780,Music Box Mania,12,
Celebrate Happy,Music from Disneyland Resort 70th Celebration,,,,Esplanade-Main Gates,"May 23, 2025",Disneyland Resort 70th Celebration,Esplanade Disneyland Resort 70th Anniversary [REF],"This loop was introduced to the Esplanade on 5/23/25, replacing the daytime esplanade loop, a week-old Music Box loop, until 11 PM when it switched over to the Music Box loop until 1 AM. Tracklist compiled by VJ and SSrustworthy based on a reference recording by pixelated. See MouseBits, https://forums.mousebits.com/threads/esplanade-bgm-disneyland-resort-70th-anniversary.11137/ (2025).",02:08:45.214,00:01:53.510,Jonas Brothers,1,
Don’t Fight the Rhythm! - From “Disneyland Resort’s Pixar Pals Playtime Party”,Don’t Fight the Rhythm! (From “Disneyland Resort’s Pixar Pals Playtime Party”),,,,Esplanade-Main Gates,"May 23, 2025",Disneyland Resort 70th Celebration,Esplanade Disneyland Resort 70th Anniversary [REF],,,00:03:07.612,"Brandon Rogers, Rhett Fisher, Devin Hoffman",10,
When You Wish Upon a Star (From “Pinocchio”),Disney Classics,,,,Esplanade-Main Gates,"May 23, 2025",Disneyland Resort 70th Celebration,Esplanade Disneyland Resort 70th Anniversary [REF],,,00:02:03.647,"Cliff Edwards, Disney Studio Chorus",30,
Welcome to Radiator Springs,The Music of Cars Land,,,,Esplanade-Main Gates,"May 23, 2025",Disneyland Resort 70th Celebration,Esplanade Disneyland Resort 70th Anniversary [REF],,,00:02:43.336,Joe Louis Walker,4,
All Aboard the Mine Train,A Musical History of Disneyland,,,,Esplanade-Main Gates,"May 23, 2025",Disneyland Resort 70th Celebration,Esplanade Disneyland Resort 70th Anniversary [REF],,,00:01:44.155,,5,
Part of Your World,The Little Mermaid Special Edition,,,,Esplanade-Main Gates,"May 23, 2025",Disneyland Resort 70th Celebration,Esplanade Disneyland Resort 70th Anniversary [REF],,,00:03:00.116,"Disney, J.A.C. Redford, Jodi Benson",6,Edited to start at “Look at this stuff…”
Matterhorn Yodelers - From Matterhorn Bobsleds,The Legacy Collection: Disneyland,,,,Esplanade-Main Gates,"May 23, 2025",Disneyland Resort 70th Celebration,Esplanade Disneyland Resort 70th Anniversary [REF],,,00:01:43.294,Matterhorn Yodelers,7,Edited to remove SFX at start and end
Rainbow Connection,Music from Disneyland Resort 70th Celebration,,,,Esplanade-Main Gates,"May 23, 2025",Disneyland Resort 70th Celebration,Esplanade Disneyland Resort 70th Anniversary [REF],,,00:02:18.600,Boyz II Men,8,
Finale & End Credits,Indiana Jones and the Last Crusade (Original Motion Picture Soundtrack),,,,Esplanade-Main Gates,"May 23, 2025",Disneyland Resort 70th Celebration,Esplanade Disneyland Resort 70th Anniversary [REF],,,00:01:32.444,John Williams,9,Edited
Hi-Diddle-Dee-Dee (An Actor’s Life for Me),Pinocchio,,,,Esplanade-Main Gates,"May 23, 2025",Disneyland Resort 70th Celebration,Esplanade Disneyland Resort 70th Anniversary [REF],,,00:01:37.226,Walter Catlett,11,
"If I Didn't Have You (From ""Monsters, Inc."")",Disney Classics,,,,Esplanade-Main Gates,"May 23, 2025",Disneyland Resort 70th Celebration,Esplanade Disneyland Resort 70th Anniversary [REF],,,00:03:36.998,"Billy Crystal, John Goodman",12,
The Bear Band Serenade - From “Country Bear Jamboree Show”,The Legacy Collection: Disneyland,,,,Esplanade-Main Gates,"May 23, 2025",Disneyland Resort 70th Celebration,Esplanade Disneyland Resort 70th Anniversary [REF],,,00:01:44.648,Peter Renoudet,13,
The Avengers (Score),The Avengers (Original Motion Picture Soundtrack),,,,Esplanade-Main Gates,"May 23, 2025",Disneyland Resort 70th Celebration,Esplanade Disneyland Resort 70th Anniversary [REF],,,00:01:58.898,Alan Silvestri,16,
Nation on Wheels - From Peoplemover,The Legacy Collection: Disneyland,,,,Esplanade-Main Gates,"May 23, 2025",Disneyland Resort 70th Celebration,Esplanade Disneyland Resort 70th Anniversary [REF],,,,George Bruns,15,Has some sort of movement SFX at beginning
Live the Magic (From “Disneyland Forever”),Disneyland Resort in California 70th Celebration Music Album,,,,Esplanade-Main Gates,"May 23, 2025",Disneyland Resort 70th Celebration,Esplanade Disneyland Resort 70th Anniversary [REF],,,00:03:27.803,"Sheena Loza, Keith Longo",14,Japan-exclusive release
"Magic Happens - From “The Disneyland Parade, Magic Happens”","Magic Happens (From “The Disneyland Parade, Magic Happens”)",,,,Esplanade-Main Gates,"May 23, 2025",Disneyland Resort 70th Celebration,Esplanade Disneyland Resort 70th Anniversary [REF],,,00:02:35.772,Todrick Hall,25,
Heigh-Ho,Snow White and the Seven Dwarves (Original Motion Picture Soundtrack),,,,Esplanade-Main Gates,"May 23, 2025",Disneyland Resort 70th Celebration,Esplanade Disneyland Resort 70th Anniversary [REF],,,00:02:43.390,The Dwarf Chorus,24,
Makes Me Wanna Move,Music from Disneyland Resort 70th Celebration,,,,Esplanade-Main Gates,"May 23, 2025",Disneyland Resort 70th Celebration,Esplanade Disneyland Resort 70th Anniversary [REF],,,00:02:27.718,"FITZ, Fitz and The Tantrums",23,
"Fortuosity (Main Street, U.S.A. 2012 BGM)",Unreleased,,,,Esplanade-Main Gates,"May 23, 2025",Disneyland Resort 70th Celebration,Esplanade Disneyland Resort 70th Anniversary [REF],,,00:01:41.183,Dean Mora and his Orchestra,22,
Star Tours - From Star Tours,The Legacy Collection: Disneyland,,,,Esplanade-Main Gates,"May 23, 2025",Disneyland Resort 70th Celebration,Esplanade Disneyland Resort 70th Anniversary [REF],,,00:01:41.183,John Williams,21,
Miracles From Molecules - From Adventures Thru Inner Space,The Legacy Collection: Disneyland,,,,Esplanade-Main Gates,"May 23, 2025",Disneyland Resort 70th Celebration,Esplanade Disneyland Resort 70th Anniversary [REF],,,00:01:35.805,Disney Studio Chorus,20,
Field Trip,Finding Nemo (Original Motion Picture Soundtrack),,,,Esplanade-Main Gates,"May 23, 2025",Disneyland Resort 70th Celebration,Esplanade Disneyland Resort 70th Anniversary [REF],,,00:00:54.571,Thomas Newman,18,
I2I,Music from Disneyland Resort 70th Celebration,,,,Esplanade-Main Gates,"May 23, 2025",Disneyland Resort 70th Celebration,Esplanade Disneyland Resort 70th Anniversary [REF],,,00:01:15.763,"Anthony Gargiula, Grayson Villanueva, Scott Hoying, Topher Ngo",31,
Better Together - From “Better Together: A Pixar Pals Celebration!”,Better Together (From “Better Together: A Pixar Pals Celebration!”),,,,Esplanade-Main Gates,"May 23, 2025",Disneyland Resort 70th Celebration,Esplanade Disneyland Resort 70th Anniversary [REF],,,00:02:30.432,"Matt from Middle School, Norelle",2,
Yo Ho (A Pirate's Life for Me),Disney's Ultimate Swashbuckler 10-Song CD Collection,,,,Esplanade-Main Gates,"May 23, 2025",Disneyland Resort 70th Celebration,Esplanade Disneyland Resort 70th Anniversary [REF],,,00:01:15.219,"J. Pat O'Malley, Paul Frees, The Mellomen, Thurl Ravenscroft, Xavier Atencio",3,Edited
The Main Street Electrical Parade - From The Main Street Electrical Parade,The Legacy Collection: Disneyland,,,,Esplanade-Main Gates,"May 23, 2025",Disneyland Resort 70th Celebration,Esplanade Disneyland Resort 70th Anniversary [REF],,,00:02:12.623,Don Dorsey,29,Edited
There's a Great Big Beautiful Tomorrow - From The Carousel of Progress,The Legacy Collection: Disneyland,,,,Esplanade-Main Gates,"May 23, 2025",Disneyland Resort 70th Celebration,Esplanade Disneyland Resort 70th Anniversary [REF],,,00:02:11.890,Rex Allen,28,"Edited to instrumental prelude, and final chorus (with dog barks)"
Nothing Can Stop Us Now - From “Mickey & Minnie’s Runaway Railway”,Nothing Can Stop Us Now (From “Mickey & Minnie’s Runaway Railway”),,,,Esplanade-Main Gates,"May 23, 2025",Disneyland Resort 70th Celebration,Esplanade Disneyland Resort 70th Anniversary [REF],,,00:01:03.546,Mickey & Minnie,27,
The Mad Tea Party / The Unbirthday Song / Twinkle Twinkle / Clean Cup Move Down / Mad Watch,Alice in Wonderland (Original Motion Picture Soundtrack),,,,Esplanade-Main Gates,"May 23, 2025",Disneyland Resort 70th Celebration,Esplanade Disneyland Resort 70th Anniversary [REF],,,00:00:56.488,"Ed Wynn, James Macdonald, Jerry Colonna, Kathryn Beaumont",26,Edited
Mickey Mouse Club March,Unreleased,,,,Esplanade-Main Gates,"May 23, 2025",Disneyland Resort 70th Celebration,Esplanade Disneyland Resort 70th Anniversary [REF],,,00:01:58.777,,32,"This is the version introduced with the Main Gates v.2 loop in 1992, and used in several iterations of the Esplanade loop since."
Space Mountain - From “Space Mountain”,The Legacy Collection: Disneyland,,,,Esplanade-Main Gates,"May 23, 2025",Disneyland Resort 70th Celebration,Esplanade Disneyland Resort 70th Anniversary [REF],,,00:01:35.213,Dick Dale,33,Edited to begin at ignition
We Belong Together (From “Toy Story 3”),Disney Classics,,,,Esplanade-Main Gates,"May 23, 2025",Disneyland Resort 70th Celebration,Esplanade Disneyland Resort 70th Anniversary [REF],,,00:03:53.958,Randy Newman,34,
"It's a Small World Clock Parade - From ""it's a small world""",The Legacy Collection: Disneyland,,,,Esplanade-Main Gates,"May 23, 2025",Disneyland Resort 70th Celebration,Esplanade Disneyland Resort 70th Anniversary [REF],,,00:00:35.616,"Richard M. Sherman, Robert B. Sherman",35,Edited to omit some of the beginning of the clock ticking
"Special Spice - Music from ""Tiana's Bayou Adventure""","Special Spice (Music from ""Tiana's Bayou Adventure"")",,,,Esplanade-Main Gates,"May 23, 2025",Disneyland Resort 70th Celebration,Esplanade Disneyland Resort 70th Anniversary [REF],,,00:02:400000,Anika Noni Rose,37,
Fantasmic! (Exit Music),Disney's 75 Years Of Music & Memories,,,,Esplanade-Main Gates,"May 23, 2025",Disneyland Resort 70th Celebration,Esplanade Disneyland Resort 70th Anniversary [REF],,,00:02:56.594,"Barnette Ricci, Bruce Healey",40,
Incredicoaster (instrumental),Unreleased,,,,Esplanade-Main Gates,"May 23, 2025",Disneyland Resort 70th Celebration,Esplanade Disneyland Resort 70th Anniversary [REF],,,00:02:47.898,Michael Giacchino,39,
"You Can Fly! You Can Fly! You Can Fly! (From ""Peter Pan"")",Disney Classics,,,,Esplanade-Main Gates,"May 23, 2025",Disneyland Resort 70th Celebration,Esplanade Disneyland Resort 70th Anniversary [REF],,,00:02:27.637,"Bobby Driscoll, Kathryn Beaumont, Paul Collins, The Jud Conlon Chorus, Tommy Luske",38,Edited
Surface Pressure,Music from Disneyland Resort 70th Celebration,,,,Esplanade-Main Gates,"May 23, 2025",Disneyland Resort 70th Celebration,Esplanade Disneyland Resort 70th Anniversary [REF],,,00:02:03.501,Flor de Toloache,45,
"I See the Light (From ""Tangled"")",Disney Classics,,,,Esplanade-Main Gates,"May 23, 2025",Disneyland Resort 70th Celebration,Esplanade Disneyland Resort 70th Anniversary [REF],,,00:03:40.544,"Mandy Moore, Zachary Levi",44,
"Grim, Grinning Ghosts",Mickey’s Monster Bash,,,,Esplanade-Main Gates,"May 23, 2025",Disneyland Resort 70th Celebration,Esplanade Disneyland Resort 70th Anniversary [REF],,,00:03:51.214,"Betty Taylor, Bill Lee, Paul Frees, The Melomen, Thurl Ravenscroft",43,Unique to this version is an echo effect added to final cackle
Star Wars: Galaxy's Edge Symphonic Suite - Music Inspired by the Disney Themed Land,Star Wars: Galaxy's Edge Symphonic Suite (Music Inspired by the Disney Themed Land),,,,Esplanade-Main Gates,"May 23, 2025",Disneyland Resort 70th Celebration,Esplanade Disneyland Resort 70th Anniversary [REF],,,00:04:46.198,"John Williams, London Symphony Orchestra, William Ross",51,
Strange Things,Toy Story OST,,,,Esplanade-Main Gates,"May 23, 2025",Disneyland Resort 70th Celebration,Esplanade Disneyland Resort 70th Anniversary [REF],,,00:03:14.688,Randy Newman,42,
"Loading The Train / Casey Junior / Stork on a Cloud / Straight from Heaven / Mother and Baby / Arrival at Night - From ""Dumbo""",Dumbo,,,,Esplanade-Main Gates,"May 23, 2025",Disneyland Resort 70th Celebration,Esplanade Disneyland Resort 70th Anniversary [REF],,,00:01:10.375,"Frank Churchill, Oliver Wallace",41,Edited to include Casey Junior section
"You've Got A Friend In Me (From ""Toy Story"")",Disney Classics,,,,Esplanade-Main Gates,"May 23, 2025",Disneyland Resort 70th Celebration,Esplanade Disneyland Resort 70th Anniversary [REF],,,00:02:01.663,Randy Newman,52,
"Winnie The Pooh (From ""Winnie The Pooh And The Honey Tree"")",Disney Classics,,,,Esplanade-Main Gates,"May 23, 2025",Disneyland Resort 70th Celebration,Esplanade Disneyland Resort 70th Anniversary [REF],,,00:02:26.358,Disney Studio Chorus,50,
Party at the Clubhouse,Music from Disney Jr. Mickey Mouse Clubhouse Live,,,,Esplanade-Main Gates,"May 23, 2025",Disneyland Resort 70th Celebration,Esplanade Disneyland Resort 70th Anniversary [REF],,,00:02:30.130,Matt from Middle School,49,
"Once Upon A Dream (From ""Sleeping Beauty"")",Disney Classics,,,,Esplanade-Main Gates,"May 23, 2025",Disneyland Resort 70th Celebration,Esplanade Disneyland Resort 70th Anniversary [REF],,,00:02:43.377,"Bill Shirley, Chorus - Sleeping Beauty, Mary Costa",48,
It’s Wondrous,Wondrous Journeys,,,,Esplanade-Main Gates,"May 23, 2025",Disneyland Resort 70th Celebration,Esplanade Disneyland Resort 70th Anniversary [REF],,,00:03:37.912,"Devan Garcia, Rudi",47,
"All In The Golden Afternoon (From ""Alice In Wonderland"")",Disney Classics,,,,Esplanade-Main Gates,"May 23, 2025",Disneyland Resort 70th Celebration,Esplanade Disneyland Resort 70th Anniversary [REF],,,00:02:26.089,"Disney Studio Chorus, Kathryn Beaumont",46,Edited to start at  “Ba bum…”
Welcome to Tomorrowland,Disneyland: Remember the Moments [2006],,,,Esplanade-Main Gates,"May 23, 2025",Disneyland Resort 70th Celebration,Esplanade Disneyland Resort 70th Anniversary [REF],,,00:04:10.499," Dan Foliart",53,Edited directly from the actual Tokyo loop; includes some “transition” SFX at the end which bleed into next track
Great Rainbow,Music from Disneyland Resort 70th Celebration,,,,Esplanade-Main Gates,"May 23, 2025",Disneyland Resort 70th Celebration,Esplanade Disneyland Resort 70th Anniversary [REF],,,00:03:39.143,Scott Hoying,54,
"Soarin' - From ""Soarin' Over California""",The Legacy Collection: Disneyland,,,,Esplanade-Main Gates,"May 23, 2025",Disneyland Resort 70th Celebration,Esplanade Disneyland Resort 70th Anniversary [REF],,,00:04:39.919,Jerry Goldsmith,55,
"The Tiki, Tiki, Tiki Room - From ""The Enchanted Tiki Room""",The Legacy Collection: Disneyland,,,,Esplanade-Main Gates,"May 23, 2025",Disneyland Resort 70th Celebration,Esplanade Disneyland Resort 70th Anniversary [REF],,,00:02:37.403,"Richard M. Sherman, Robert B. Sherman",17,
First Day,Finding Nemo (Original Motion Picture Soundtrack),,,,Esplanade-Main Gates,"May 23, 2025",Disneyland Resort 70th Celebration,Esplanade Disneyland Resort 70th Anniversary [REF],,,00:01:07.420,Thomas Newman,19,
It’s a Small World - From “it’s a small world”,The Legacy Collection: Disneyland,,,,Esplanade-Main Gates,"May 23, 2025",Disneyland Resort 70th Celebration,Esplanade Disneyland Resort 70th Anniversary [REF],,,00:00:48.819,"Richard M. Sherman, Robert B. Sherman",36,Edited to include verses from finale room
Heigh Ho,"Disney's Orchestra Collection, Vol. 1",,,,Downtown Disney District,"January 22, 2025",,Disney Wonderful World of Sweets [REF],"This loop plays inside the Disney Wonderful World of Sweets shop, which opened in DTDD on January 22, 2025. Tracklist compiled by VJ based on a reference recording by pixelated. This appears to be closely related to the Minnie and Friends Breakfast in the Park and Goofy’s Kitchen character breakfast loops. See MouseBits, https://forums.mousebits.com/threads/disney-wonderful-world-of-sweets.11139/ (2025).",42:44.257,,Neverland Orchestra,1,
Be Our Guest,"Disney's Orchestra Collection, Vol. 1",,,,Downtown Disney District,"January 22, 2025",,Disney Wonderful World of Sweets [REF],,,,Neverland Orchestra,2,
Who’s Afraid of the Big Bad Wolf?,"Disney's Orchestra Collection, Vol. 1Disney's Orchestra Collection, Vol. 1",,,,Downtown Disney District,"January 22, 2025",,Disney Wonderful World of Sweets [REF],,,,Neverland Orchestra,3,
A Spoonful of Sugar,"Disney's Orchestra Collection, Vol. 1",,,,Downtown Disney District,"January 22, 2025",,Disney Wonderful World of Sweets [REF],,,,Neverland Orchestra,4,
Songs from Winnie the Pooh,Walt Disney World Band,,,,Downtown Disney District,"January 22, 2025",,Disney Wonderful World of Sweets [REF],,,,Walt Disney World Band,5,Edited to include only “Hip Hip Pooh-Ray!”
March of the Cards,Unreleased,,,,Downtown Disney District,"January 22, 2025",,Disney Wonderful World of Sweets [REF],,,,,6,Extended version of the track that appears on Disneyland Forever. It is the same version that was in the 1992 Main Gates loop and several esplanade loops.
Songs from Winnie the Pooh,Walt Disney World Band,,,,Downtown Disney District,"January 22, 2025",,Disney Wonderful World of Sweets [REF],,,,Walt Disney World Band,7,Edited to only include “The Wonderful Thing About Tiggers”
Minnie’s Yoo-Hoo!,Unreleased,,,,Downtown Disney District,"January 22, 2025",,Disney Wonderful World of Sweets [REF],,,,,8,"From a set of Japanese “Disney March” style tracks associated with WDW’s Magical Express, Goofy’s Kitchen, and Minnie and Friends Breakfast in the Park."
Whistle While You Work,Unreleased,,,,Downtown Disney District,"January 22, 2025",,Disney Wonderful World of Sweets [REF],,,,,9,"From a set of Japanese “Disney March” style tracks associated with WDW’s Magical Express, Goofy’s Kitchen, and Minnie and Friends Breakfast in the Park."
Bibbidi Bobbidi Boo,Unreleased,,,,Downtown Disney District,"January 22, 2025",,Disney Wonderful World of Sweets [REF],,,,,10,"From a set of Japanese “Disney March” style tracks associated with WDW’s Magical Express, Goofy’s Kitchen, and Minnie and Friends Breakfast in the Park."
Alice in Wonderland,Unreleased,,,,Downtown Disney District,"January 22, 2025",,Disney Wonderful World of Sweets [REF],,,,,11,"From a set of Japanese “Disney March” style tracks associated with WDW’s Magical Express, Goofy’s Kitchen, and Minnie and Friends Breakfast in the Park."
Mickey Mouse March,Unreleased,,,,Downtown Disney District,"January 22, 2025",,Disney Wonderful World of Sweets [REF],,,,,12,"From a set of Japanese “Disney March” style tracks associated with WDW’s Magical Express, Goofy’s Kitchen, and Minnie and Friends Breakfast in the Park."
It’s A Small World,Unreleased,,,,Downtown Disney District,"January 22, 2025",,Disney Wonderful World of Sweets [REF],,,,,13,"From a set of Japanese “Disney March” style tracks associated with WDW’s Magical Express, Goofy’s Kitchen, and Minnie and Friends Breakfast in the Park."
When You Wish Upon A Star,Unreleased,,,,Downtown Disney District,"January 22, 2025",,Disney Wonderful World of Sweets [REF],,,,,14,"From a set of Japanese “Disney March” style tracks associated with WDW’s Magical Express, Goofy’s Kitchen, and Minnie and Friends Breakfast in the Park."
Casey Junior,"Disney's Orchestra Collection, Vol. 2",,,,Downtown Disney District,"January 22, 2025",,Disney Wonderful World of Sweets [REF],,,,Neverland Orchestra,15,
Saludos Amigos,"Disney's Orchestra Collection, Vol. 3",,,,Downtown Disney District,"January 22, 2025",,Disney Wonderful World of Sweets [REF],,,,Neverland Orchestra,18,
Under the Sea,"Disney's Orchestra Collection, Vol. 3",,,,Downtown Disney District,"January 22, 2025",,Disney Wonderful World of Sweets [REF],,,,Neverland Orchestra,16,
Following the Leader,"Disney's Orchestra Collection, Vol. 3",,,,Downtown Disney District,"January 22, 2025",,Disney Wonderful World of Sweets [REF],,,,Neverland Orchestra,17,
Supercalifragilisticexpialidocious,"Disney's Orchestra Collection, Vol. 3",,,,Downtown Disney District,"January 22, 2025",,Disney Wonderful World of Sweets [REF],,,,Neverland Orchestra,19,
Why Not,Intricately Simple 2700,,,,Esplanade-Main Gates,,,Oogie Boogie Bash [REF],"The loop starts playing when the Oogie Boogie Bash event starts at 6 PM in DCA and plays in both the Esplanade and the Downtown Disney District. It uses tracks from Audio Network and The Nightmare Before Christmas soundtrack. Preliminary tracklist compiled by pixelated based on a 2024 reference recording. See Mousebits, https://forums.mousebits.com/threads/oogie-boogie-bash.11144/ (2025).",00:40:57.941,,Paul Mottram,1,
Night Ride,"Magic, Mystery & Suspense 2169",,,,Esplanade-Main Gates,,,Oogie Boogie Bash [REF],,,,Paul Mottram,2,
Jack and Sally Montage,The Nightmare Before Christmas OST,,,,Esplanade-Main Gates,,,Oogie Boogie Bash [REF],,,,Danny Elfman,3,
Pandora's Box,Magical Orchestra 2729,,,,Esplanade-Main Gates,,,Oogie Boogie Bash [REF],,,,Sam Wedgwood,4,
Devil in the Detail,Magic & Mystery 1700,,,,Esplanade-Main Gates,,,Oogie Boogie Bash [REF],,,,Paul Mottram,5,
Nabbed,The Nightmare Before Christmas OST,,,,Esplanade-Main Gates,,,Oogie Boogie Bash [REF],,,,Danny Elfman,6,
Why Not Now,Minimal Strings 2 2732,,,,Esplanade-Main Gates,,,Oogie Boogie Bash [REF],,,,Paul Mottram,7,
Skeletune,John Altman 2252,,,,Esplanade-Main Gates,,,Oogie Boogie Bash [REF],,,,John Altman,8,
End Title,The Nightmare Before Christmas OST,,,,Esplanade-Main Gates,,,Oogie Boogie Bash [REF],,,,Danny Elfman,9,
Scary Bones,Cartoon Gothic 2217,,,,Esplanade-Main Gates,,,Oogie Boogie Bash [REF],,,,James Brett,10,
Spook Capers,Cartoon Gothic 2217,,,,Esplanade-Main Gates,,,Oogie Boogie Bash [REF],,,,James Brett,11,
Night Forest,Symphonic Textures 2838,,,,Esplanade-Main Gates,,,Oogie Boogie Bash [REF],,,,Terry Devine-King,12,
This Dark World,"Razzle, Rapture & Romance 2402",,,,Esplanade-Main Gates,,,Oogie Boogie Bash [REF],,,,Tim Garland,13,
Toys in the Attic,Light Lifestyle & Dramedy 2959,,,,Esplanade-Main Gates,,,Oogie Boogie Bash [REF],,,,Sam Wedgwood,14,
Broken Doll,Scoring Sessions Mystery 2984,,,,Esplanade-Main Gates,,,Oogie Boogie Bash [REF],,,,"Chris Egan, Trystan Francis",15,
"Overture ",The Nightmare Before Christmas OST,,,,Esplanade-Main Gates,,,Oogie Boogie Bash [REF],,,,Danny Elfman,16,
Doctor Finkelstein/In the Forest,The Nightmare Before Christmas OST,,,,Esplanade-Main Gates,,,Oogie Boogie Bash [REF],,,,Danny Elfman,17,
Sleigh Ride,Pops Christmas Party,,,,Disneyland Hotel,,Christmas,Disneyland Hotel Holiday v.2,"This loop plays in the Disneyland Hotel during the holiday season. Tracklist was updated to include the “it’s a small world holiday” track at some point before the 2022 holiday season. Compiled by pixelated based on his reference recording. See MouseBits, https://forums.mousebits.com/threads/disneyland-resort-christmas-loops-3-0.8247/post-100441 (2025).",00:39:43.72,00:02:56.951,Arthur Fielder,1,Preceded by 00:00:02.759 of silence
Deck the Halls With Boughs of Holly,Music of Christmas,,,,Disneyland Hotel,,Christmas,Disneyland Hotel Holiday v.2,,,00:02:49.476,Percy Faith,2,
Rudolph the Red-Nosed Reindeer,Pops Christmas Party,,,,Disneyland Hotel,,Christmas,Disneyland Hotel Holiday v.2,,,00:02:08.672,Arthur Fielder,3,
White Christmas,A Philharmonic Christmas OR Classical Christmas,,,,Disneyland Hotel,,Christmas,Disneyland Hotel Holiday v.2,,,00:02:39.595,The Eden Symphony Orchestra,4,
Frosty the Snowman (Orchestra Version),Merry Christmas,,,,Disneyland Hotel,,Christmas,Disneyland Hotel Holiday v.2,,,00:02:37.650,101 Strings,5,
Jingle Bells,A Song for Christmas,,,,Disneyland Hotel,,Christmas,Disneyland Hotel Holiday v.2,,,00:01:48.255,Mantovani,6,
"Let It Snow, Let It Snow, Let It Snow (Orchestra Version)",25 Christmas Favorites,,,,Disneyland Hotel,,Christmas,Disneyland Hotel Holiday v.2,,,00:02:02.895,101 Strings,7,
The Christmas Waltz,White Christmas,,,,Disneyland Hotel,,Christmas,Disneyland Hotel Holiday v.2,,,00:02:29.259,London Festival Orchestra and Ronnie Aldrich,8,
Silver Bells,Joy to the World,,,,Disneyland Hotel,,Christmas,Disneyland Hotel Holiday v.2,,,00:03:16.367,Eugene Ormandy & The Philadelphia Orchestra,9,
Santa Is Comin' to Town,Pops Christmas Party,,,,Disneyland Hotel,,Christmas,Disneyland Hotel Holiday v.2,,,00:02:34.728,Arthur Fiedler,10,
The Christmas Song (Chestnuts Roasting on An Open Fire),Merry Christmas from Doc Severinsen and The Tonight Show Orchestra,,,,Disneyland Hotel,,Christmas,Disneyland Hotel Holiday v.2,,,00:03:56.958,Doc Severinsen,11,
The Twelve Days of Christmas,A Festival of Carols in Brass,,,,Disneyland Hotel,,Christmas,Disneyland Hotel Holiday v.2,,,00:03:43.767,The Philadelphia Brass Ensemble,12,
Carol of the Bells,The Joy of Christmas,,,,Disneyland Hotel,,Christmas,Disneyland Hotel Holiday v.2,,,00:00:51.510,Leonard Bernstein & New York Philharmonic,13,
We Wish You a Merry Christmas,A Festival of Carols in Brass,,,,Disneyland Hotel,,Christmas,Disneyland Hotel Holiday v.2,,,00:00:57.355,The Philadelphia Brass Ensemble,14,
it's a small world holiday,,,,,Disneyland Hotel,,Christmas,Disneyland Hotel Holiday v.2,,,00:04:47.530,,15,"Should be able to be edited from the IASW holiday official release. This edit is split into three sections: 
1. Welcome room
2. France
3. Transition room/finale"
Evil Like Me,Descendants OST,,,,Downtown Disney District,,Halloween,World of Disney Halloween,"This loop played in the World of Disney store as of Halloween 2021. Tracklist compiled by pixelated based on his reference recording. See MouseBits, https://forums.mousebits.com/threads/world-of-disney-halloween.11164/.",00:59:49.4,00:03:42.933,"Kristin Chenoweth, Dove Cameron",1,
Dare to Enter,Spooky Songs for Halloween Parties & Haunted Houses,,,,Downtown Disney District,,Halloween,World of Disney Halloween,,,00:03:02.564,"Halloween Music, Halloween Sound Effects & Halloween All-Stars",2,
Oogie Boogie's Song,The Nightmare Before Christmas OST,,,,Downtown Disney District,,Halloween,World of Disney Halloween,,,00:03:14.626,"Ken Page, Ed Ivory",3,
Grim Grinning Ghosts,Disney's Music from the Park OR The Haunted Mansion: Haunted Hits,,,,Downtown Disney District,,Halloween,World of Disney Halloween,,,00:01:38.937,Barenaked Ladies,4,
Heffalumps and Woozles,Halloween Songs & Sounds,,,,Downtown Disney District,,Halloween,World of Disney Halloween,,,00:01:51.846,Disney Chorus,5,
Violin's Virus,Cinematic ANW 1838,,,,Downtown Disney District,,Halloween,World of Disney Halloween,,,00:01:51.422,"Gerrit Wunder, Dorothee Badent",6,Version unknown
What's This?,The Nightmare Before Christmas OST,,,,Downtown Disney District,,Halloween,World of Disney Halloween,,,00:02:58.627,Danny Elfman,7,
"Rotten to the Core (From ""Descendants: Wicked World"")",Descendants OST,,,,Downtown Disney District,,Halloween,World of Disney Halloween,,,00:02:58.252,Sofia Carson,8,
This Is Halloween,The Nightmare Before Christmas OST (Special Edition/2006 reissue),,,,Downtown Disney District,,Halloween,World of Disney Halloween,,,00:02:56.592,Panic! at the Disco,9,
Bloody Mary,Period Drama ANW 1556,,,,Downtown Disney District,,Halloween,World of Disney Halloween,,,00:01:50.730,Debbie Wiseman,10,Version unknown
Christmas Eve Montage,The Nightmare Before Christmas OST,,,,Downtown Disney District,,Halloween,World of Disney Halloween,,,00:04:43.974,Danny Elfman,11,
The Purple People Eater,The Purple People Eater,,,,Downtown Disney District,,Halloween,World of Disney Halloween,,,00:02:09.943,Sheb Wooley,12,
End Title,The Nightmare Before Christmas OST,,,,Downtown Disney District,,Halloween,World of Disney Halloween,,,00:03:46.827,Danny Elfman,13,
Witch Doctor,Witch Doctor,,,,Downtown Disney District,,Halloween,World of Disney Halloween,,,00:02:21.902,The Allegrettes,14,
Descendants Score Suite,Descendants OST,,,,Downtown Disney District,,Halloween,World of Disney Halloween,,,00:06:47.308,David Lawrence,15,
(It's a) Monsters' Holiday,Buck 'Em! Vol. 2: The Music of Buck Owens (1967-1975),,,,Downtown Disney District,,Halloween,World of Disney Halloween,,,00:02:34.293,Buck Owens,16,
Overture,The Nightmare Before Christmas OST,,,,Downtown Disney District,,Halloween,World of Disney Halloween,,,00:01:35.374,Danny Elfman,17,
This Is Halloween,The Nightmare Before Christmas OST,,,,Downtown Disney District,,Halloween,World of Disney Halloween,,,00:03:04.231,The Citizens of Halloween Town,18,
Tombstone No. 9,Tombstone No. 9 ,,,,Downtown Disney District,,Halloween,World of Disney Halloween,,,00:02:52.200,Murray Schaff & The Aristocrats,19,
The Magic Castle,"Magic, Ghosts, Mystery ANW 1071",,,,Downtown Disney District,,Halloween,World of Disney Halloween,,,,Terry Devine-King,20,Version unknown
Dazzle,"Quirky, Espionage & Mystery ANW 1662",,,,Downtown Disney District,,Halloween,World of Disney Halloween,,,,Phillip Guyler,21,Version unknown
"Toccata and Fugue in D Minor, BWV 565: Toccata",Bach: Greatest Organ Favorites (OR Couleur/Toccata?),,,,Disneyland Hotel,,Halloween,Disneyland Hotel Fantasy Tower Halloween,"This loop plays around the Disneyland Hotel during the Halloween season, and is particularly audible in the Porte-Cochere. Tracklist compiled by pixelated based on his 2021 reference recording. pixelated also noted: “SoundHound says that Bach: Greatest Organ Favorites is the source album for the famous Toccata tracks & the Passacaglia tracks, while another album, Couleur/Toccata is the source album for the Prelude and Fugue tracks.  But that other album also has the other two compositions as well.  Both versions of those two compositions need to be compared against each other to see if they are identical between the two albums.” See MouseBits, https://forums.mousebits.com/threads/disneyland-hotel-fantasy-tower-halloween.11165/ (2025).",~00:42:02.370,00:02:28.632,E. Power Biggs,1,Preceded by ~3.4 sec of silence
"Keyboard Sonata in F Minor, K.466/L.118/P.501",Harpsichord [Eternal],,,,Disneyland Hotel,,Halloween,Disneyland Hotel Fantasy Tower Halloween,,,00:01:31.015,Laurence Cummings,5,
"Passacaglia and Fugue in C Minor, BWV 582: Fugue",Bach: Greatest Organ Favorites (OR Couleur/Toccata?),,,,Disneyland Hotel,,Halloween,Disneyland Hotel Fantasy Tower Halloween,,,00:05:19.400,E. Power Biggs,4,
"Passacaglia and Fugue in C Minor, BWV 582: Passacaglia",Bach: Greatest Organ Favorites (OR Couleur/Toccata?),,,,Disneyland Hotel,,Halloween,Disneyland Hotel Fantasy Tower Halloween,,,00:08:06.685,E. Power Biggs,3,
"Toccata and Fugue in D Minor, BWV 565: Fugue",Bach: Greatest Organ Favorites (OR Couleur/Toccata?),,,,Disneyland Hotel,,Halloween,Disneyland Hotel Fantasy Tower Halloween,,,00:05:53.918,E. Power Biggs,2,
"Prelude and Fugue in A Minor, BWV 543: Prelude",Couleur/Toccata,,,,Disneyland Hotel,,Halloween,Disneyland Hotel Fantasy Tower Halloween,,,00:03:24.692,E. Power Biggs,6,
"Prelude and Fugue in A Minor,
  BWV 543: Fugue",Couleur/Toccata,,,,Disneyland Hotel,,Halloween,Disneyland Hotel Fantasy Tower Halloween,,,00:06:52.007,E. Power Biggs,7,
"Pièces de clavecin, Book 1: XIV. La marche des Scythes","Les Graces, Beauty of Versailles School on Blanchet Harpsichord",,,,Disneyland Hotel,,Halloween,Disneyland Hotel Fantasy Tower Halloween,,,00:06:35.092,Shin-Ichiro Nakano,8,
Otherworldly Concerto,The Haunted Mansion,,,,Disneyland Hotel,,Halloween,Disneyland Hotel Fantasy Tower Halloween,,,00:01:47.531,Gaylord Carter,9,
Define Dancing,Pixar Place Hotel album,,,,Pixar Place Hotel,,,Pixar Place Hotel,,00:33:45.9,00:02:44.972,Brain Tan,1,
Nobody Like U,Pixar Place Hotel album,,,,Pixar Place Hotel,,,Pixar Place Hotel,,,00:03:32.096,Last Trip To The Moon,2,
Married Life,Pixar Place Hotel album,,,,Pixar Place Hotel,,,Pixar Place Hotel,,,00:03:05.580,P.K. and The Heavyweights,3,
Bundle of Joy,Pixar Place Hotel album,,,,Pixar Place Hotel,,,Pixar Place Hotel,,,00:02:37.332,Terry Joiner and Tomas Kovacs,4,
Le Festin,Pixar Place Hotel album,,,,Pixar Place Hotel,,,Pixar Place Hotel,,,00:02:59.951,ASHER YELO,5,
You've Got a Friend in Me,Pixar Place Hotel album,,,,Pixar Place Hotel,,,Pixar Place Hotel,,,00:03:02.433,John Wilhelm and Keigan Jones,6,
Touch the Sky,Pixar Place Hotel album,,,,Pixar Place Hotel,,,Pixar Place Hotel,,,00:03:02.027,Simon Oscroft,7,
If I Didn't Have You,Unreleased,,,,Pixar Place Hotel,,,Pixar Place Hotel,,,00:04:03.208,Disney Springs Marketplace BGM,8,
Born to Play,Pixar Place Hotel album,,,,Pixar Place Hotel,,,Pixar Place Hotel,,,00:02:30.936,Jintae Ko,9,
The Incredits,Pixar Place Hotel album,,,,Pixar Place Hotel,,,Pixar Place Hotel,,,00:03:00.189,Cartographerr,10,
Remember Me,Pixar Place Hotel album,,,,Pixar Place Hotel,,,Pixar Place Hotel,,,00:03:07.444,Chantry Johnson,11,
Define Dancing,Pixar Place Hotel album,,,,Pixar Place Hotel,,,Pixar Place Hotel,,,00:02:44.752,Brain Tan,12,
Rey’s Theme,The Force Awakens OST,,,,Downtown Disney District,,,Star Wars Trading Post,"This loop plays inside the Star Wars Trading Post in Downtown Disney District, which replaced the Rainforest Cafe. Preliminary tracklist compiled by pixelated and starwarsgalaxysedge based on a 2023 reference recording by pixelated. See MouseBits, https://forums.mousebits.com/threads/star-wars-trading-post.11161/ (2025).",~00:53:46,,"John Williams, London Symphony Orchestra",1,
March of the Resistance,The Force Awakens OST,,,,Downtown Disney District,,,Star Wars Trading Post,,,,"John Williams, London Symphony Orchestra",2,
The Throne Room and End Title,A New Hope OST  ,,,,Downtown Disney District,,,Star Wars Trading Post,,,,"John Williams, London Symphony Orchestra",3,
Across the Stars (Love Theme),Attack of the Clones OST  ,,,,Downtown Disney District,,,Star Wars Trading Post,,,,"John Williams, London Symphony Orchestra",4,
Princess Leia’s Theme,A New Hope OST  ,,,,Downtown Disney District,,,Star Wars Trading Post,,,,"John Williams, London Symphony Orchestra",5,
Love Pledge and the Arena,Attack of the Clones OST  ,,,,Downtown Disney District,,,Star Wars Trading Post,,,,"John Williams, London Symphony Orchestra",6,
Panaka and the Queen’s Protectors,The Phantom Menace OST  ,,,,Downtown Disney District,,,Star Wars Trading Post,,,,"John Williams, London Symphony Orchestra",7,
The Asteroid Field,The Empire Strikes Back OST,,,,Downtown Disney District,,,Star Wars Trading Post,,,,"John Williams, London Symphony Orchestra",8,
The Throne Room and End Title,A New Hope OST  ,,,,Downtown Disney District,,,Star Wars Trading Post,,,,"John Williams, London Symphony Orchestra",9,
The Desert and the Robot Auction,A New Hope OST  ,,,,Downtown Disney District,,,Star Wars Trading Post,,,,"John Williams, London Symphony Orchestra",10,
Across the Stars (Love Theme),Attack of the Clones OST,,,,Downtown Disney District,,,Star Wars Trading Post,,,,"John Williams, London Symphony Orchestra",11,
Parade of the Ewoks,Return of the Jedi OST  ,,,,Downtown Disney District,,,Star Wars Trading Post,,,,"John Williams, London Symphony Orchestra",12,
Augie’s Great Municipal Band and End Credits,The Phantom Menace OST,,,,Downtown Disney District,,,Star Wars Trading Post,,,,"John Williams, London Symphony Orchestra",13,
Lando’s Palace,The Empire Strikes Back OST,,,,Downtown Disney District,,,Star Wars Trading Post,,,,"John Williams, London Symphony Orchestra",14,
Han Solo and the Princess,The Empire Strikes Back OST,,,,Downtown Disney District,,,Star Wars Trading Post,,,,"John Williams, London Symphony Orchestra",15,
The Arrival at Tatooine and the Flag Parade,The Phantom Menace OST  ,,,,Downtown Disney District,,,Star Wars Trading Post,,,,"John Williams, London Symphony Orchestra",16,
Rescue of the Princess,Return of the Jedi OST  ,,,,Downtown Disney District,,,Star Wars Trading Post,,,,"John Williams, London Symphony Orchestra",17,
The Rebel Fleet/End Title (Medley),The Empire Strikes Back OST  ,,,,Downtown Disney District,,,Star Wars Trading Post,,,,"John Williams, London Symphony Orchestra",18,
The Land of the Sand People,A New Hope OST  ,,,,Downtown Disney District,,,Star Wars Trading Post,,,,"John Williams, London Symphony Orchestra",19,
Emperor’s Throne Room,Return of the Jedi OST  ,,,,Downtown Disney District,,,Star Wars Trading Post,,,,"John Williams, London Symphony Orchestra",20,
The Emperor Arrives/The Death of Yoda/Obi-Wan’s Revelation,Return of the Jedi OST  ,,,,Downtown Disney District,,,Star Wars Trading Post,,,,"John Williams, London Symphony Orchestra",21,
Luke and Leia,Return of the Jedi OST  ,,,,Downtown Disney District,,,Star Wars Trading Post,,,,"John Williams, London Symphony Orchestra",22,
The Rebel Fleet/End Title (Medley),The Empire Strikes Back OST  ,,,,Downtown Disney District,,,Star Wars Trading Post,,,,"John Williams, London Symphony Orchestra",23,
Across the Stars (Love Theme),Attack of the Clones OST,,,,Downtown Disney District,,,Star Wars Trading Post,,,,"John Williams, London Symphony Orchestra",24,
Star Wars Main Title & A Galaxy Divided,The Clone Wars OST  ,,,,Downtown Disney District,,,Star Wars Trading Post,,,,"John Williams, London Symphony Orchestra",25,
Confrontation With Count Dooku & Finale,Attack of the Clones OST,,,,Downtown Disney District,,,Star Wars Trading Post,,,,"John Williams, London Symphony Orchestra",26,
Across the Stars (Love Theme),Attack of the Clones OST  ,,,,Downtown Disney District,,,Star Wars Trading Post,,,,"John Williams, London Symphony Orchestra",27,
Grievous Speaks to Lord Sidious,Revenge of the Sith OST  ,,,,Downtown Disney District,,,Star Wars Trading Post,,,,"John Williams, London Symphony Orchestra",28,
Duel Of The Fates,The Phantom Menace OST  ,,,,Downtown Disney District,,,Star Wars Trading Post,,,,"John Williams, London Symphony Orchestra",29,
The Battle of Yavin,A New Hope OST  ,,,,Downtown Disney District,,,Star Wars Trading Post,,,,"John Williams, London Symphony Orchestra",30,
Panaka and the Queen’s Protectors,The Phantom Menace OST  ,,,,Downtown Disney District,,,Star Wars Trading Post,,,,"John Williams, London Symphony Orchestra",31,
Confrontation With Count Dooku & Finale,Attack of the Clones OST,,,,Downtown Disney District,,,Star Wars Trading Post,,,,"John Williams, London Symphony Orchestra",32,
Leia’s News/Light of the Force,Return of the Jedi OST  ,,,,Downtown Disney District,,,Star Wars Trading Post,,,,"John Williams, London Symphony Orchestra",33,
Yoda and the Force,The Empire Strikes Back OST  ,,,,Downtown Disney District,,,Star Wars Trading Post,,,,"John Williams, London Symphony Orchestra",34,
"Run With the Herd (From ""The Good Dinosaur"" Score)",The Good Dinosaur OST,,,,Esplanade-Main Gates,,,Esplanade Pixar Fest v.2,,01:13:48.697,00:01:38.163,Jeff Danna and Mychael Danna,1,
Diggin' the New Digs,Incredibles 2 OST,,,,Esplanade-Main Gates,,,Esplanade Pixar Fest v.2,,,00:01:22.387,Michael Giacchino,2,
Gnarly Chop,Finding Dory OST,,,,Esplanade-Main Gates,,,Esplanade Pixar Fest v.2,,,00:01:30.806,Thomas Newman,3,
Turtle Lope,Finding Nemo OST,,,,Esplanade-Main Gates,,,Esplanade Pixar Fest v.2,,,00:00:45.899,Thomas Newman,4,
Wall-E,WALL-E OST,,,,Esplanade-Main Gates,,,Esplanade Pixar Fest v.2,,,00:01:21.328,Thomas Newman,5,
Up with End Credits,Up OST,,,,Esplanade-Main Gates,,,Esplanade Pixar Fest v.2,,,00:01:29.110,Michael Giacchino,6,
Plaza de la Cruz,Coco OST,,,,Esplanade-Main Gates,,,Esplanade Pixar Fest v.2,,,00:00:19.104,Michael Giacchino,7,
Fiesta Espectacular,Coco OST,,,,Esplanade-Main Gates,,,Esplanade Pixar Fest v.2,,,00:00:54.358,Michael Giacchino,8,
The Joy of Credits,Inside Out OST,,,,Esplanade-Main Gates,,,Esplanade Pixar Fest v.2,,,00:02:38.075,Michael Giacchino,9,
The Cleaner,Toy Story 2 OST,,,,Esplanade-Main Gates,,,Esplanade Pixar Fest v.2,,,00:01:46.184,Randy Newman,10,
The Scare Floor,"Monsters, Inc. OST",,,,Esplanade-Main Gates,,,Esplanade Pixar Fest v.2,,,00:02:36.690,Randy Newman,11,
Colette Shows Him Le Ropes,Ratatouille OST,,,,Esplanade-Main Gates,,,Esplanade Pixar Fest v.2,,,00:02:38.939,Michael Giacchino,12,
The Glory Days,The Incredibles OST,,,,Esplanade-Main Gates,,,Esplanade Pixar Fest v.2,,,00:01:29.868,Michael Giacchino,13,
It's Finn McMissile!,Cars 2 OST,,,,Esplanade-Main Gates,,,Esplanade Pixar Fest v.2,,,00:01:23.481,Michael Giacchino,14,
McQueen and Sally,Cars OST,,,,Esplanade-Main Gates,,,Esplanade Pixar Fest v.2,,,00:01:22.368,Rand Newman,15,
Across the Ocean,Elemental OST,,,,Esplanade-Main Gates,,,Esplanade Pixar Fest v.2,,,00:03:34.243,Thomas Newman,16,
Home on the Space Range,Lightyear OST,,,,Esplanade-Main Gates,,,Esplanade Pixar Fest v.2,,,00:02:34.267,Michael Giacchino,17,
Meilin Lee,Turning Red OST,,,,Esplanade-Main Gates,,,Esplanade Pixar Fest v.2,,,00:00:53.082,Ludwig Göransson,18,
Let Your Inner Panda Out,Turning Red OST,,,,Esplanade-Main Gates,,,Esplanade Pixar Fest v.2,,,00:01:16.698,Ludwig Göransson,19,
"Andy's Birthday (From ""Toy Story""/Score)",Toy Story OST,,,,Esplanade-Main Gates,,,Esplanade Pixar Fest v.2,,,00:00:14.686,Randy Newman,20,
End Creditouilles,Ratatouille OST,,,,Esplanade-Main Gates,,,Esplanade Pixar Fest v.2,,,00:02:24.029,Michael Giacchino,21,
Field Trip,Finding Nemo OST,,,,Esplanade-Main Gates,,,Esplanade Pixar Fest v.2,,,00:00:42.115,Thomas Newman,22,
First Day of School,Inside Out OST,,,,Esplanade-Main Gates,,,Esplanade Pixar Fest v.2,,,00:00:54.308,Michael Giacchino,23,
Opening Race,Cars OST,,,,Esplanade-Main Gates,,,Esplanade Pixar Fest v.2,,,00:00:19.121,Randy Newman,24,
Woody's a Star,Toy Story 2 OST,,,,Esplanade-Main Gates,,,Esplanade Pixar Fest v.2,,,00:00:41.377,Randy Newman,25,
The World Was Full of Wonder,Onward OST,,,,Esplanade-Main Gates,,,Esplanade Pixar Fest v.2,,,00:01:01.331,Jeff Danna and Mychael Danna,26,
"Monsters, Inc.","Monsters, Inc. OST",,,,Esplanade-Main Gates,,,Esplanade Pixar Fest v.2,,,00:02:02.971,Randy Newman,27,
Elastigirl Is Back,Incredibles 2 OST,,,,Esplanade-Main Gates,,,Esplanade Pixar Fest v.2,,,00:00:57.146,Michael Giacchino,28,
"A Bug's Life Suite (From ""A Bug's Life""/Score)",A Bug's Life OST,,,,Esplanade-Main Gates,,,Esplanade Pixar Fest v.2,,,00:01:23.155,Randy Newman,29,
Up with Titles,Up OST,,,,Esplanade-Main Gates,,,Esplanade Pixar Fest v.2,,,00:00:51.353,Michael Giacchino,30,
Migration Song,Finding Dory OST,,,,Esplanade-Main Gates,,,Esplanade Pixar Fest v.2,,,00:00:33.114,Thomas Newman,31,
Define Dancing,WALL-E OST,,,,Esplanade-Main Gates,,,Esplanade Pixar Fest v.2,,,00:02:17.987,Thomas Newman,32,
Ride Like the Wind,Toy Story 2 OST,,,,Esplanade-Main Gates,,,Esplanade Pixar Fest v.2,,,00:00:24.126,Randy Newman,33,
Jessie and the Round Up Gang,Toy Story 2 OST,,,,Esplanade-Main Gates,,,Esplanade Pixar Fest v.2,,,00:00:47.080,Randy Newman,34,
Jump to Earth,Soul OST,,,,Esplanade-Main Gates,,,Esplanade Pixar Fest v.2,,,00:00:41.777,Trent Reznor,35,
Collard Greens and Cornbread Strut,Soul OST,,,,Esplanade-Main Gates,,,Esplanade Pixar Fest v.2,,,00:00:35.531,Jon Batiste,36,
Spiritual Connection,Soul OST,,,,Esplanade-Main Gates,,,Esplanade Pixar Fest v.2,,,00:01:08.447,Jon Batiste,37,
Fiesta con de la Cruz,Coco OST,,,,Esplanade-Main Gates,,,Esplanade Pixar Fest v.2,,,00:02:31.398,Michael Giacchino,38,
Fish Who Wander,Finding Dory OST,,,,Esplanade-Main Gates,,,Esplanade Pixar Fest v.2,,,00:01:17.445,Thomas Newman,39,
You've Got a Friend in Me (Instrumental Version),Toy Story 2 OST,,,,Esplanade-Main Gates,,,Esplanade Pixar Fest v.2,,,00:02:53.135,"Tom Scott (saxophone), Randy Newman",40,
The Axiom,WALL-E OST,,,,Esplanade-Main Gates,,,Esplanade Pixar Fest v.2,,,00:01:21.836,Thomas Newman,41,
Make Connection,Elemental OST,,,,Esplanade-Main Gates,,,Esplanade Pixar Fest v.2,,,00:01:28.570,Thomas Newman,42,
72 Degrees and Sunny,WALL-E OST,,,,Esplanade-Main Gates,,,Esplanade Pixar Fest v.2,,,00:02:16.348,Thomas Newman,43,
The Incredits,The Incredibles OST,,,,Esplanade-Main Gates,,,Esplanade Pixar Fest v.2,,,00:04:37.508,Michael Giacchino,44,
"Take Me, Gravity",Luca OST,,,,Esplanade-Main Gates,,,Esplanade Pixar Fest v.2,,,00:01:15.314,Dan Romer,45,
How to Find the Good Ones,Luca OST,,,,Esplanade-Main Gates,,,Esplanade Pixar Fest v.2,,,00:01:46.743,Dan Romer,46,
Merida's Home,Brave OST,,,,Esplanade-Main Gates,,,Esplanade Pixar Fest v.2,,,00:01:25.361,Patrick Doyle,47,
"Andy's Birthday (From ""Toy Story""/Score)",Toy Story OST,,,,Esplanade-Main Gates,,,Esplanade Pixar Fest v.2,,,00:00:14.195,Randy Newman,48,
"The Flik Machine (From ""A Bug's Life""/Score)",A Bug's Life,,,,Esplanade-Main Gates,,,Esplanade Pixar Fest v.2,,,00:02:47.775,Randy Newman,49,
Dance to the Music,Dance to the Music,,,,Downtown Disney District,,,DTDD Celebrate Soulfully,,,00:02:45.348503,Sly and the Family Stone,16,
Spanish Castle Magic,Axis: Bold as Love,,,,Downtown Disney District,,,DTDD Celebrate Soulfully,,,00:02:58.053628,Jimi Hendrix,17,
It's Your Thing,It's Our Thing,,,,Downtown Disney District,,,DTDD Celebrate Soulfully,,,00:02:39.689002,The Isley Brothers,18,
Move On Up,Curtis,,,,Downtown Disney District,,,DTDD Celebrate Soulfully,,,00:02:37.078844,Curtis Mayfield,19,
Hey Pocky A-Way,Rejuvenation,,,,Downtown Disney District,,,DTDD Celebrate Soulfully,,,00:03:57.526712,The Meters,20,
Master Blaster,Hotter than July,,,,Downtown Disney District,,,DTDD Celebrate Soulfully,,,00:04:34.901406,Stevie Wonder,21,
One Nation Under a Groove,One Nation Under a Groove,,,,Downtown Disney District,,,DTDD Celebrate Soulfully,,,00:02:44.904286,Funkadelic,22,
September,"The Best of Earth, Wind & Fire, Vol. 1",,,,Downtown Disney District,,,DTDD Celebrate Soulfully,,,00:03:29.272426,"Earth, Wind & Fire",23,
When Doves Cry,Purple Rain,,,,Downtown Disney District,,,DTDD Celebrate Soulfully,,,00:03:33.259388,Prince,24,
Golden,Beautifully Human: Words and Sounds Vol. 2,,,,Downtown Disney District,,,DTDD Celebrate Soulfully,,,00:03:40.791746,Jill Scott,25,
Now or Never,"good kid, m.A.A.d city",,,,Downtown Disney District,,,DTDD Celebrate Soulfully,,,00:04:03.893107,Kendrick Lamar feat. Mary J. Blige,26,
Keep Reachin',QUINCY: A Life Beyond Measure (Music From The Netflix Original Documentary),,,,Downtown Disney District,,,DTDD Celebrate Soulfully,,,00:04:47.289592,"Mark Ronson, Quincy Jones feat. Chaka Khan",27,
Mood 4 Eva,The Lion King: The Gift,,,,Downtown Disney District,,,DTDD Celebrate Soulfully,,,00:04:28.134603,Beyoncé feat. Oumou Sangaré,28,
Out of My Hands,Black Radio III,,,,Downtown Disney District,,,DTDD Celebrate Soulfully,,,00:04:32.422698,Robert Glasper feat. Jennifer Hudson,29,
Swing That Music!,,,,,Downtown Disney District,,,DTDD Celebrate Soulfully,"This loop played in the Downtown Disney District as part of Celebrate Soulfully, a Black history month celebration. Tracklist compiled by pixelated based on his 2022 reference recording. See MouseBits, https://forums.mousebits.com/threads/downtown-disney-seasonal-celebrations.11168/post-100448 (2025).",01:30:46.809,00:02:27.093175,Louis Armstrong,1,"Preceded by ~2.61 sec. silent gap "
It Don't Mean a Thing,,,,,Downtown Disney District,,,DTDD Celebrate Soulfully,,,00:04:10.840907,Ella Fitzgerald,2,
Bessie's Blues,Crescent,,,,Downtown Disney District,,,DTDD Celebrate Soulfully,,,00:03:29.208503,John Coltrane,3,
Walk to Jerusalem,,,,,Downtown Disney District,,,DTDD Celebrate Soulfully,,,00:02:36.033492,Mahalia Jackson,4,
Oh Happy Day,Let Us Go into the House of the Lord,,,,Downtown Disney District,,,DTDD Celebrate Soulfully,,,00:01:52.160000,The Edwin Hawkins Singers,5,
Dance with Me,,,,,Downtown Disney District,,,DTDD Celebrate Soulfully,,,00:03:07.940408,B.B. King,6,
Hit the Road Jack,Hit the Road Jack (single),,,,Downtown Disney District,,,DTDD Celebrate Soulfully,,,00:01:50.627211,Ray Charles,7,
Tutti Frutti,,,,,Downtown Disney District,,,DTDD Celebrate Soulfully,,,00:02:22.371655,Little Richard,8,
Rock and Roll Music,,,,,Downtown Disney District,,,DTDD Celebrate Soulfully,,,00:02:29.873447,Chuck Berry,9,
Twistin' the Night Away,,,,,Downtown Disney District,,,DTDD Celebrate Soulfully,,,00:02:33.013878,Sam Cooke,10,
I Was Made to Love Her,I Was Made to Love Her,,,,Downtown Disney District,,,DTDD Celebrate Soulfully,,,00:02:30.694150,Stevie Wonder,11,
Respect,I Never Loved a Man the Way I Love You,,,,Downtown Disney District,,,DTDD Celebrate Soulfully,,,00:02:21.422018,Aretha Franklin,12,
I Got You (I Feel Good),Out of Sight,,,,Downtown Disney District,,,DTDD Celebrate Soulfully,,,00:02:44.600340,James Brown,13,
Ain't Too Proud to Beg,Gettin' Ready,,,,Downtown Disney District,,,DTDD Celebrate Soulfully,,,00:02:27.781565,The Temptations,14,
I Want You Back,Diana Ross Presents The Jackson 5,,,,Downtown Disney District,,,DTDD Celebrate Soulfully,,,00:02:47.974694,The Jackson 5,15,
La Tortura,"Fijación Oral, Vol. 1 (partial)",,,,Downtown Disney District,,,DTDD Hispanic and Latin American Heritage Month,"This is a preliminary track list for the loop that played in Downtown Disney District during Hispanic and Latin American Heritage Month celebrations in 2023. Tracklist compiled by pixelated based on his 2023 reference recording. See MouseBits, https://forums.mousebits.com/threads/downtown-disney-seasonal-celebrations.11168/post-100449 (2025).",01:00:49.205,00:03:26.347143,Shakira,1,
Oye Como Va,Abraxas,,,,Downtown Disney District,,,DTDD Hispanic and Latin American Heritage Month,,,00:04:14.315170,Santana,2,
Si Una Vez,Amor Prohibido,,,,Downtown Disney District,,,DTDD Hispanic and Latin American Heritage Month,,,00:02:42.724399,Selena,3,
un x100to,El Comienzo,,,,Downtown Disney District,,,DTDD Hispanic and Latin American Heritage Month,,,00:03:07.307007,Bad Bunny and Grupo Frontera,4,
Mi Gente,4,,,,Downtown Disney District,,,DTDD Hispanic and Latin American Heritage Month,,,00:04:07.844059,A.B. Quintanilla III,5,
Bésame Mucho,Coco,,,,Downtown Disney District,,,DTDD Hispanic and Latin American Heritage Month,,,00:02:47.628390,Jorge Blanco,6,
"Colombia, Mi Encanto",Encanto OST,,,,Downtown Disney District,,,DTDD Hispanic and Latin American Heritage Month,,,00:02:46.220317,Carlos Vives,7,
Reggaeton,Carnevale,,,,Downtown Disney District,,,DTDD Hispanic and Latin American Heritage Month,,,00:02:37.139569,J Balvin,8,
Que Nadie Sepa Mi Sufrir,La Pistola y El Corazón,,,,Downtown Disney District,,,DTDD Hispanic and Latin American Heritage Month,,,00:02:26.727982,Los Lobos,9,
Nunca Contigo,Evolucion,,,,Downtown Disney District,,,DTDD Hispanic and Latin American Heritage Month,,,00:03:45.353719,Lalo Rodríguez,10,
El Mariachi Loco,Sabes una Cosa... Gracias Mamá,,,,Downtown Disney District,,,DTDD Hispanic and Latin American Heritage Month,,,00:02:50.015238,Mariachi de la Ciudad de Mexico,11,
El Baile Madrigal,Encanto OST,,,,Downtown Disney District,,,DTDD Hispanic and Latin American Heritage Month,,,00:02:36.638390,Germaine Franco,12,
Cancion del Mariachi,Desperado: The Soundtrack,,,,Downtown Disney District,,,DTDD Hispanic and Latin American Heritage Month,,,00:02:01.825193,Antonio Banderas and Los Lobos,13,
Mi Gente,El Cantante,,,,Downtown Disney District,,,DTDD Hispanic and Latin American Heritage Month,,,00:03:49.684853,Marc Anthony,14,
"The Three Caballeros (From ""Grand Fiesta Tour"")",WDW OA,,,,Downtown Disney District,,,DTDD Hispanic and Latin American Heritage Month,,,00:00:40.758549,Gonzalez Esperon and Ray Gilbert,15,
Remember Me (Ernesto de la Cruz),Coco OST,,,,Downtown Disney District,,,DTDD Hispanic and Latin American Heritage Month,,,00:01:42.408231,Benjamin Bratt,16,
Despacito,Despacito & Mis Grandes Éxitos,,,,Downtown Disney District,,,DTDD Hispanic and Latin American Heritage Month,,,00:03:43.278617,Luis Fonsi,17,
Los Laureles (The Laurels),Canciones de Mi Padre,,,,Downtown Disney District,,,DTDD Hispanic and Latin American Heritage Month,,,00:02:23.693878,Linda Ronstadt,18,
La Bamba (Single Version),Presenting Ritchie Valens,,,,Downtown Disney District,,,DTDD Hispanic and Latin American Heritage Month,,,00:02:01.702358,Ritchie Valens,19,
Quiero Bailar,Diva,,,,Downtown Disney District,,,DTDD Hispanic and Latin American Heritage Month,,,00:03:02.846871,Ivy Queen,20,
Bajo El Mar,Tardes de Galletas y Chocolates,,,,Downtown Disney District,,,DTDD Hispanic and Latin American Heritage Month,,,00:03:54.745918,Alejandro Sanz,21,
El Parian 3439/3,Destinos por Descubrir ANW 3439,,,,Downtown Disney District,,,DTDD Colombian Silletas [REF],,,00:02:49.576,"Juan Andres Matos, Lorena Perez-Batista",10,playback rate: 0.999967
Spanish Cumbia 3270/6,Latin Grooves ANW 3270,,,,Downtown Disney District,,,DTDD Colombian Silletas [REF],,,NA,"Juan Carlos Rodriguez, Orlando Felice Rodriguez Di Pietro",11,playback rate: 1.000022
High Maintenance,XXL,,,,Disneyland Hotel,,,Discovery Tower daytime exterior,"This jazzy loop plays outside of the Discovery Tower of the Disneyland Hotel during the daytime hours, prior to 7 PM. It plays at the Palette Pool, Palm Breeze Bar and Steamboat Willie Splash Pad. The Discovery Tower opened on September 28, 2023. Preliminary tracklist compiled by pixelated based on his 2024 reference recording. See MouseBits, https://forums.mousebits.com/threads/discovery-tower-loops.11167/post-100446 (2025).",02:01:54.853,?,Gordon Goodwin's Big Phat Band,1,
Sunset and Vine,The Gordian Knot,,,,Disneyland Hotel,,,Discovery Tower nighttime exterior [INC],"This jazzy loop plays outside of the Discovery Tower of the Disneyland Hotel after 7 PM. The Discovery Tower opened on September 28, 2023. A few tracks were identified by pixelated and Park Sensory based on their reference recordings. See MouseBits, https://forums.mousebits.com/threads/discovery-tower-nighttime-exterior.11173/ (2025).",Unknown,,Gordon Goodwin's Big Phat Band,1,
Alice in Wonderland,Disney Meets Jazz - Tribute to Walt Disney,,,,Disneyland Hotel,,,Discovery Tower interior,"This loop plays inside the Discovery Tower lobby of the Disneyland Hotel. The Discovery Tower opened on September 28, 2023. Preliminary tracklist compiled by pixelated based on his 2023 reference recording. See MouseBits, https://forums.mousebits.com/threads/discovery-tower-loops.11167/ (2025).",~01:36:23.722,00:05:21.451,"Billy Kilson, Gil Goldstein, and John Patitucci",1,
Almost There (Jazz Version),BGM Disney Jazz Radio,,,,Disneyland Hotel,,,Discovery Tower nighttime exterior [INC],,,,Massimo Roberti,2,
Bags' Groove,Wizard of the Vibes,,,,Disneyland Hotel,,,Discovery Tower nighttime exterior [INC],,,,Milt Jackson,3,
A Spoonful of Sugar,Plays With The Original Motion Picture Score Mary Poppins,,,,Disneyland Hotel,,,Discovery Tower nighttime exterior [INC],,,,Duke Ellington,4,
Slush Puppy,"The Swingin' Sound of the Dr. Drew Podcast, Vol. 2",,,,Disneyland Hotel,,,Discovery Tower nighttime exterior [INC],,,,Werner Tautz,5,
Who's Afraid of the Big Bad Wolf,The Circle Sessions: The Music of Carthay Circle - Vol. 2,,,,Disneyland Hotel,,,Discovery Tower daytime exterior,,,00:02:27.422,The Circle Session Players,2,
Spiritual Connection,Soul OST,,,,Disneyland Hotel,,,Discovery Tower daytime exterior,,,00:01:09.497,Jon Batiste,3,
Remy's Rat Pack,Music from Remy's Ratatouille Adventure,,,,Disneyland Hotel,,,Discovery Tower daytime exterior,,,00:04:04.008,Michael Giacchino,4,
True Love's Kiss,The Circle Sessions: The Music of Carthay Circle - Vol. 2,,,,Disneyland Hotel,,,Discovery Tower daytime exterior,,,00:02:13.655,The Circle Session Players,5,
Sing Sang Sung,Swingin' for the Fences,,,,Disneyland Hotel,,,Discovery Tower daytime exterior,,,00:05:33.582,Gordon Goodwin's Big Phat Band,6,
Hay Burner,Basie Straight Ahead,,,,Disneyland Hotel,,,Discovery Tower daytime exterior,,,00:04:13.933,Count Basie,7,
Collard Greens and Cornbread Strut,Soul OST,,,,Disneyland Hotel,,,Discovery Tower daytime exterior,,,00:00:35.304,Jon Batiste,8,
"Monsters, Inc.","Monsters, Inc. OST",,,,Disneyland Hotel,,,Discovery Tower daytime exterior,,,00:02:04.945,Randy Newman,9,
Ain't That Right,On My Way and Shoutin' Again,,,,Disneyland Hotel,,,Discovery Tower daytime exterior,,,00:02:48.101,Count Basie,10,
Someday My Prince Will Come,Beauty and the Beast,,,,Disneyland Hotel,,,Discovery Tower daytime exterior,,,00:05:23.477,The Jazz Networks,11,
Swingin' for the Fences,Swingin' for the Fences,,,,Disneyland Hotel,,,Discovery Tower daytime exterior,,,00:05:06.008,Gordon Goodwin's Big Phat Band,12,
When I See an Elephant Fly,Let's Dance the Jive,,,,Disneyland Hotel,,,Discovery Tower daytime exterior,,,00:02:41.595,London Swing Orchestra,13,
Don't Blink,The Gordian Knot,,,,Disneyland Hotel,,,Discovery Tower daytime exterior,,,00:06:12.475,Gordon Goodwin's Big Phat Band,14,
A Spoonful of Sugar,Plays With The Original Motion Picture Score Mary Poppins,,,,Disneyland Hotel,,,Discovery Tower daytime exterior,,,00:03:08.347,Duke Ellington,15,
RataTango,Music from Remy's Ratatouille Adventure,,,,Disneyland Hotel,,,Discovery Tower daytime exterior,,,00:05:04.839,Michael Giacchino,16,
High Clouds and a Good Chance of Wayne,Plays Well With Others,,,,Disneyland Hotel,,,Discovery Tower daytime exterior,,,00:05:56.741,Wayne Bergeron,17,
Kiss the Girl,Disney Jazz Vol. II: Everybody Wants to Be a Cat,,,,Disneyland Hotel,,,Discovery Tower daytime exterior,,,00:04:06.617,Roy Hargrove,18,
One Mint Julep,Genius + Soul = Jazz,,,,Disneyland Hotel,,,Discovery Tower daytime exterior,,,00:01:29.971,Ray Charles,19,
Alice in Wonderland,Manhattan Jazz Orchestra Plays Disney,,,,Disneyland Hotel,,,Discovery Tower daytime exterior,,,00:06:44.702,Manhattan Jazz Quintet,20,
Diggin' the New Digs,Incredibles 2 OST,,,,Disneyland Hotel,,,Discovery Tower daytime exterior,,,00:01:40.801,Michael Giacchino,21,
Peps,In Search Of,,,,Disneyland Hotel,,,Discovery Tower daytime exterior,,,00:05:26.790,Ken Peplowski,22,
You've Got A Friend In Me (Wheezy's version),Toy Story 2 OST,,,,Disneyland Hotel,,,Discovery Tower daytime exterior,,,00:02:53.961,Robert Goulet,23,no vocals - may be Cast and Crew album
Space Maker,Soul OST,,,,Disneyland Hotel,,,Discovery Tower daytime exterior,,,00:01:13.484,Jon Batiste,24,
I Just Can't Wait to Be King,Live from Sandnes Brygge,,,,Disneyland Hotel,,,Discovery Tower daytime exterior,,,00:03:41.667,"Sandnes Storband, Elisabeth R. Fjermestad",25,
Count Bubba,Swingin' for the Fences,,,,Disneyland Hotel,,,Discovery Tower daytime exterior,,,00:07:30.055,Gordon Goodwin's Big Phat Band,26,
Under the Sea,Beauty and the Beast,,,,Disneyland Hotel,,,Discovery Tower daytime exterior,,,00:03:44.421,The Jazz Networks,27,
O Samba Alegre,Gordon Goodwin & Dan Savant Present: Jazz Anthology,,,,Disneyland Hotel,,,Discovery Tower daytime exterior,,,00:04:17.126,5 Alarm,28,
Life's Incredible Again,The Incredibles OST,,,,Disneyland Hotel,,,Discovery Tower daytime exterior,,,00:01:20.717,Michael Giacchino,29,
I Wan'na Be Like You (The Monkey Song),The Circle Sessions: The Music of Carthay Circle - Vol. 2,,,,Disneyland Hotel,,,Discovery Tower daytime exterior,,,00:02:41.151,The Circle Session Players,30,
Fancy Pants,Fancy Pants,,,,Disneyland Hotel,,,Discovery Tower daytime exterior,,,00:04:22.314,Count Basie,31,
Circle of Life,Manhattan Jazz Orchestra Plays Disney,,,,Disneyland Hotel,,,Discovery Tower daytime exterior,,,00:05:44.405,Manhattan Jazz Quintet,32,
Best Of Friends,Wish Upon A Star Vol. 2,,,,Disneyland Hotel,,,Discovery Tower interior,,,00:04:20.022,David Huntsinger,2,
I Just Can't Wait to Be King,Lofi Minnie: Focus,,,,Disneyland Hotel,,,Discovery Tower interior,,,00:02:17.956,"Abel Balder, Disney Lofi, and Walt Disney",3,
Some Day My Prince Will Come,The Circle Sessions (The Music of Carthay Circle),,,,Disneyland Hotel,,,Discovery Tower interior,,,00:03:06.848,The Circle Session Players,4,
The Second Star To The Right (Alternate Version),Wish Upon A Star Vol. 2,,,,Disneyland Hotel,,,Discovery Tower interior,,,00:04:57.672,David Huntsinger,5,
Cruella de Vil,Swings The Songs Of Disney,,,,Disneyland Hotel,,,Discovery Tower interior,,,00:04:03.848,Adrian Cunningham,6,
Some Day My Prince Will Come (Disney Jazz),Disney Jazz Volume I: Everybody Wants To Be A Cat,,,,Disneyland Hotel,,,Discovery Tower interior,,,00:03:59.638,Dave Brubeck,7,
Belle,Disney Jazz Volume I: Everybody Wants To Be A Cat,,,,Disneyland Hotel,,,Discovery Tower interior,,,00:06:19.027,Gilad Hekselman,8,
When You Wish Upon a Star,Lofi Minnie: Chill,,,,Disneyland Hotel,,,Discovery Tower interior,,,00:02:57.195,Disney Lofi and Jazzinuf,9,
Be Our Guest,The Circle Sessions (The Music of Carthay Circle),,,,Disneyland Hotel,,,Discovery Tower interior,,,00:03:29.564,The Circle Session Players,10,
Whistling Medley: Give A Little Whistle; Whistle While You Work,Disney Meets Jazz - Tribute to Walt Disney,,,,Disneyland Hotel,,,Discovery Tower interior,,,00:04:19.007,"Billy Kilson, Gil Goldstein, and John Patitucci",11,
Beyond the Sea (Instrumental),Jeff Krolick,,,,Disneyland Hotel,,,Discovery Tower interior,,,00:04:14.473,Jeff Krolick,12,
You'll Be In My Heart,Lofi Minnie: Chill,,,,Disneyland Hotel,,,Discovery Tower interior,,,00:04:40.521,Disney Lofi and Jeff Kaale,13,
He's a Tramp,Beauty and the Beast,,,,Disneyland Hotel,,,Discovery Tower interior,,,00:05:32.269,The Jazz Networks,14,
Winnie The Pooh,The Circle Sessions (The Music of Carthay Circle),,,,Disneyland Hotel,,,Discovery Tower interior,,,00:03:12.521,The Circle Session Players,15,
When You Wish Upon a Star (Mono Version),Dave Digs Disney,,,,Disneyland Hotel,,,Discovery Tower interior,,,00:04:47.767,Dave Brubeck,16,
Into the Unknown,Lofi Minnie: Focus,,,,Disneyland Hotel,,,Discovery Tower interior,,,00:02:14.486,"Disney Lofi, Hippo Dreams, and Walt Disney",17,
A Dream Is A Wish Your Heart Makes (Instrumental),Jazz Loves Disney,,,,Disneyland Hotel,,,Discovery Tower interior,,,00:04:12.141,The Rob Mounsey Orchestra,18,
Very Good Advice (Mono Version),Dave Dig Disney (Legacy Edition),,,,Disneyland Hotel,,,Discovery Tower interior,,,00:05:29.274,Dave Brubeck,19,
Almost There,Lofi Minnie: Focus,,,,Disneyland Hotel,,,Discovery Tower interior,,,00:02:07.346,"Disney Lofi, OTESLA, and Walt Disney",20,
The Bare Necessities,Lofi Minnie: Chill,,,,Disneyland Hotel,,,Discovery Tower interior,,,00:01:57.450,Disney Lofi and Pastels,21,
So This Is Love (Mono Version),Dave Digs Disney,,,,Disneyland Hotel,,,Discovery Tower interior,,,00:05:52.843,Dave Brubeck,22,
Bippity Boppity Boo,Swings The Songs Of Disney,,,,Disneyland Hotel,,,Discovery Tower interior,,,00:03:41.401,Adrian Cunningham,23,
Beauty and the Beast,Lofi Minnie: Chill,,,,Disneyland Hotel,,,Discovery Tower interior,,,00:03:09.131,Disney Lofi and Hippo Dreams,24,
Call Me,Sayin’ Somethin’,,,,Disneyland Hotel,,,Discovery Tower nighttime exterior [INC],,,,Nat Adderley,,
Part of Your World (Jazz Version),BGM Disney Jazz Radio (Jazz Version),,,,Disneyland Hotel,,,Discovery Tower nighttime exterior [INC],,,,Massimo Roberti,,
Circle of Life,Disney Jazz Volume I: Everybody Wants To Be A Cat,,,,Disneyland Hotel,,,Discovery Tower nighttime exterior [INC],,,,Mark Rapp,,
Perdido,Date Nite At Disneyland With The Elliott Brothers Date Niters Orchestra,,,,Disneyland Hotel,,,High Key Club​,"This loop plays inside the High Key Club, the new concierge lounge at the Disneyland Hotel Adventureland Tower (11th floor) which opened on July 10, 2025. Inspired by the music and sounds of Disneyland Park circa 1955, Disneyland Hotel club-level guests can enjoy food and beverage in this mid-century modern lounge that pays homage to the history of audible magic at the park. Tracklist compiled by elecTRON rabbit based on his August 2025 reference recording. elecTRONrabbit notes that the loop is inspired by the ""Walt Disney Takes You to Disneyland"" album from 1956, and features partial clips of Walt from that album alongside park SFX. These ""Added Clips"" that play between tracks are markedly louder than the music, sometimes overpowering conversations in the room. See MouseBits, https://forums.mousebits.com/threads/high-key-club-disneyland-hotel.11181/ (2025).",01:40:09,,The Elliott Brothers Orchestra,1,
"Have You Got Any Castles, Baby",Hey...Let Yourself Go!,,,,Disneyland Hotel,,,High Key Club​,,,,Nelson Riddle,2,
A Sleeping Bee,Oscar Peterson & Nelson Riddle,,,,Disneyland Hotel,,,High Key Club​,,,,Oscar Peterson,3,
High Hopes,Essential Jazz Masters,,,,Disneyland Hotel,,,High Key Club​,,,,Jonah Jones,4,
Gay Spirits,"Ultra-Lounge: Space-Capades, Vol. 3",,,,Disneyland Hotel,,,High Key Club​,,,,David Rose,5,Starts at 0:06.953
Get Happy,C'mon...Get Happy,,,,Disneyland Hotel,,,High Key Club​,,,,Nelson Riddle,6,
Fantail,The Atomic Mr Basie,,,,Disneyland Hotel,,,High Key Club​,,,,Count Basie and His Orchestra,7,
Perfidia,"Ultra-Lounge, Vol. Eleven: Organs In Orbit",,,,Disneyland Hotel,,,High Key Club​,,,,Jackie Davis,8,
Samba de Orfeu,"Ultra-Lounge / Saxophobia, Vol. 12",,,,Disneyland Hotel,,,High Key Club​,,,,Bill Perkins,9,
An Occasional Man,Rhythm in Motion,,,,Disneyland Hotel,,,High Key Club​,,,,Johnny Williams Orchestra,10,
Flight of the Foo Birds,The Atomic Mr Basie,,,,Disneyland Hotel,,,High Key Club​,,,,Count Basie and His Orchestra,11,
Life is a Bowl of Cherries,Rhythm in Motion,,,,Disneyland Hotel,,,High Key Club​,,,,Johnny Williams Orchestra,12,
Sassy,Basie Land,,,,Disneyland Hotel,,,High Key Club​,,,,Count Basie,13,
Song of the Islands,String Along with Basie,,,,Disneyland Hotel,,,High Key Club​,,,,Count Basie,14,
Sunny Disposish,Rhythm in Motion,,,,Disneyland Hotel,,,High Key Club​,,,,Johnny Williams Orchestra,15,
The Rainbow Carverns (From Mine Train Through Nature’s Wonderland),Disneyland (Walt Disney Records: The Legacy Collection),,,,Disneyland Hotel,,,High Key Club​,,,,George Bruns,16,
Pirate Overture,Disney's Pirates of the Caribbean,,,,Disneyland Hotel,,,High Key Club​,,,,George Bruns,17,Ends at 0:36.258
Way Down Yonder in New Orleans,The Home of Happy Feet / Swing! Staged for Sound,,,,Disneyland Hotel,,,High Key Club​,,,,Van Alexander,18,
Otherworldly Concerto,The Haunted Mansion,,,,Disneyland Hotel,,,High Key Club​,,,,Gaylord Carter,19,Ends at 00:56.152
Someday My Prince Will Come,Oscar Peterson & Nelson Riddle,,,,Disneyland Hotel,,,High Key Club​,,,,Oscar Peterson,20,
Surrey With The Fringe On Top,Rhythm in Motion,,,,Disneyland Hotel,,,High Key Club​,,,,Johnny Williams Orchestra,21,
This Could Be the Start of Something,"Ultra-Lounge, Vol. 8: Cocktail Capers",,,,Disneyland Hotel,,,High Key Club​,,,,Dave Pell,22,
Extended Blues,The Swinging Count!,,,,Disneyland Hotel,,,High Key Club​,,,,Count Basie and His Orchestra,23,
You Are My Lucky Star,Hey...Let Yourself Go!,,,,Disneyland Hotel,,,High Key Club​,,,,Nelson Riddle,24,
Let's Do It (Let's Fall in Love),"I Love You, Cole Porter: The Pop Side of the Master Songwriter",,,,Disneyland Hotel,,,High Key Club​,,,,Johnny Williams and His Orchestra,25,
Put on a Happy Face,Rhythm in Motion,,,,Disneyland Hotel,,,High Key Club​,,,,Johnny Williams Orchestra,26,
Nation on Wheels (From Peoplemover),Disneyland (Walt Disney Records: The Legacy Collection),,,,Disneyland Hotel,,,High Key Club​,,,,George Bruns,27,
You Make Me Feel So Young,The Joy of Living,,,,Disneyland Hotel,,,High Key Club​,,,,Nelson Riddle,28,
The Varsity Drag,Rhythm in Motion,,,,Disneyland Hotel,,,High Key Club​,,,,Johnny Williams Orchestra,29,
Johnny One Note,Rhythm in Motion,,,,Disneyland Hotel,,,High Key Club​,,,,Johnny Williams Orchestra,30,
Binga Banga Bongo / Percolator,"Ultra-Lounge, Vol. 8: Cocktail Capers",,,,Disneyland Hotel,,,High Key Club​,,,,Terry Snyder & The All Stars,31,Ends at 02:34.498
Roller Coaster,"Ultra-Lounge, Vol. 8: Cocktail Capers",,,,Disneyland Hotel,,,High Key Club​,,,,Les Baxter,32,Starts at 00:13.949
Medley: One Mint Julep,"Ultra-Lounge / Saxophobia, Vol. 12",,,,Disneyland Hotel,,,High Key Club​,,,,Earl Palmer / King Curtis,33,
Rock-Cha-Rhumba (Medley),Ultra-Lounge: Cha-Cha De Amor,,,,Disneyland Hotel,,,High Key Club​,,,,"Ray Anthony and His Orchestra, Dickie Harrell & Rolley Polley",34,
"Walt ""Hello. Welcome to Disneyland..."" & Main Street SFX",,,,,Disneyland Hotel,,,High Key Club​,,,,,1.5,
"Walt ""Disneyland is your land with the hope that it will be a source of joy & inspiration to all the world""",,,,,Disneyland Hotel,,,High Key Club​,,,,,4.5,
"""All Aboard"" & SFX of the train",,,,,Disneyland Hotel,,,High Key Club​,,,,,5.5,
"Walt ""This is Adventureland..."" & Jungle Cruise SFX",,,,,Disneyland Hotel,,,High Key Club​,,,,,9.5,
"Walt ""Frontierland is a roaring river town..."" & Mark Twain SFX",,,,,Disneyland Hotel,,,High Key Club​,,,,,13.5,
"Walt ""We have a special attraction, Blue Bayou Lagoon""",,,,,Disneyland Hotel,,,High Key Club​,,,,,16.5,
Main Street Vehicles,,,,,Disneyland Hotel,,,High Key Club​,,,,,20.5,
Main Street Vehicles,,,,,Disneyland Hotel,,,High Key Club​,,,,,23.5,
"Walt ""Now it is time for a preview of tomorrow..."" & SFX of Monorail",,,,,Disneyland Hotel,,,High Key Club​,,,,,26.5,
"Walt ""Fantasyland is the world of imagination..."" & SFX of the Small World clock",,,,,Disneyland Hotel,,,High Key Club​,,,,,29.5,
SFX of the Matterhorn,,,,,Disneyland Hotel,,,High Key Club​,,,,,31.5,
Christmas Time Is Here Again,I Wanna Be Santa Claus,,,,Downtown Disney District,,,DTDD Nighttime Holiday v.4 [REF],"This loop plays in the evening in the Downtown Disney District. This is the same loop as in previous years with the addition of three tracks, with the Jonas Brothers track repeated twice (noted). Tracklist compiled by pixelated based on his 2025 reference recording. See MouseBits, https://forums.mousebits.com/threads/dtd-nighttime-holiday-v-3-preliminary-tracklist.10875/post-100611 (2026).",01:43:30.397,00:01:19.238,Ringo Starr,1,
Winter Wonderland,Ho! Ho! Hoey II,,,,Downtown Disney District,,,DTDD Nighttime Holiday v.4 [REF],,,00:02:55.199,Gary Hoey,2,
I'm Gonna E-Mail Santa,Another Rosie Christmas,,,,Downtown Disney District,,,DTDD Nighttime Holiday v.4 [REF],,,00:03:14.320,"Rosie O'Donnell, Billy Gilman",3,
Spread a Little Love on Christmas Day,8 Days of Christmas,,,,Downtown Disney District,,,DTDD Nighttime Holiday v.4 [REF],,,00:03:30.751,Destiny's Child,4,
Winter Dream,Disney Christmas,,,,Downtown Disney District,,,DTDD Nighttime Holiday v.4 [REF],,,00:02:57.961,Freya Skye,5,Added in 2025 or prior
Rudolph the Red-Nosed Reindeer,I Wanna Be Santa Claus,,,,Downtown Disney District,,,DTDD Nighttime Holiday v.4 [REF],,,00:02:18.877,Ringo Starr,6,
Soulful Christmas,A Soulful Christmas,,,,Downtown Disney District,,,DTDD Nighttime Holiday v.4 [REF],,,00:03:06.315,James Brown,7,
Frosty the Snowman,The Best of Ho! Ho! Hoey,,,,Downtown Disney District,,,DTDD Nighttime Holiday v.4 [REF],,,00:02:29.353,Gary Hoey,8,
Coming Home This Christmas,A Very Jonas Christmas Movie OST,,,,Downtown Disney District,,,DTDD Nighttime Holiday v.4 [REF],,,00:03:19.774,Jonas Brothers,9,Added in 2025; repeated
Deck The Halls (Original Version),Brand New Day,,,,Downtown Disney District,,,DTDD Nighttime Holiday v.4 [REF],,,00:03:05.914,SHeDAISY,10,
Christmas (Baby Please Come Home),A Very Special Christmas,,,,Downtown Disney District,,,DTDD Nighttime Holiday v.4 [REF],,,00:02:14.915,U2,11,
Jingle Bells,Merry Axemas [A Guitar Christmas],,,,Downtown Disney District,,,DTDD Nighttime Holiday v.4 [REF],,,00:02:16.791,The Brian Setzer Orchestra,12,
Sleigh Ride,Sleigh Ride [Remixes],,,,Downtown Disney District,,,DTDD Nighttime Holiday v.4 [REF],,,00:03:43.216,TLC,13,
It's a Good Thing Santa Ain't Single,A December to Remember,,,,Downtown Disney District,,,DTDD Nighttime Holiday v.4 [REF],,,00:03:03.300,Aaron Tippin,14,
The First Noel,Ho! Ho! Hoey 3,,,,Downtown Disney District,,,DTDD Nighttime Holiday v.4 [REF],,,00:03:52.379,Gary Hoey,15,
Santa Claus Is Comin' to Town,My Hometown,,,,Downtown Disney District,,,DTDD Nighttime Holiday v.4 [REF],,,00:03:30.880,Bruce Springsteen,16,
Xtina's Xmas (Interlude),My Kind of Christmas,,,,Downtown Disney District,,,DTDD Nighttime Holiday v.4 [REF],,,00:01:31.640,Christina Aguilera,17,
"Snow Angels (From ""ZOMBIES 4: Dawn of the Vampires"")",Disney Channel Holiday: Falalalidays,,,,Downtown Disney District,,,DTDD Nighttime Holiday v.4 [REF],,,00:03:22.881,Freya Skye and Malachi Barton,18,Added in 2025 or prior
Have Yourself a Merry Little Christmas,Ho! Ho! Hoey 3,,,,Downtown Disney District,,,DTDD Nighttime Holiday v.4 [REF],,,00:04:03.518,Gary Hoey,19,
Winter Wonderland,I Wanna Be Santa Claus,,,,Downtown Disney District,,,DTDD Nighttime Holiday v.4 [REF],,,00:02:51.427,Ringo Starr,20,
Run Rudolph Run,From Small Things: The Best of Dave Edmunds,,,,Downtown Disney District,,,DTDD Nighttime Holiday v.4 [REF],,,00:03:43.212,The Dave Edmunds Band,21,
Santa's Got a Brand New Bag,Brand New Year,,,,Downtown Disney District,,,DTDD Nighttime Holiday v.4 [REF],,,00:02:46.760,SHeDAISY,22,
What Christmas Means to Me,A Very Special Christmas 2,,,,Downtown Disney District,,,DTDD Nighttime Holiday v.4 [REF],,,00:02:35.804,Paul Young,23,
Let It Snow! Let It Snow! Let It Snow!,Ho! Ho! Hoey 3,,,,Downtown Disney District,,,DTDD Nighttime Holiday v.4 [REF],,,00:02:33.274,Gary Hoey,24,
Mama's Gettin' Ready for Christmas,A December to Remember,,,,Downtown Disney District,,,DTDD Nighttime Holiday v.4 [REF],,,00:03:16.203,Aaron Tippin,25,
A Present Just For Me,A Vibraphonic Christmas,,,,Downtown Disney District,,,DTDD Nighttime Holiday v.4 [REF],,,00:04:50.580,Vibraphonic,26,
Rock and Roll Christmas,The EMI Years,,,,Downtown Disney District,,,DTDD Nighttime Holiday v.4 [REF],,,00:03:21.246,George Thorogood & The Destroyers,27,
Coming Home This Christmas,A Very Jonas Christmas Movie OST,,,,Downtown Disney District,,,DTDD Nighttime Holiday v.4 [REF],,,00:03:20.435,Jonas Brothers,28,Added in 2025; repeated
"The Christmas Song (Holiday
  Remix)",My Kind of Christmas,,,,Downtown Disney District,,,DTDD Nighttime Holiday v.4 [REF],,,00:03:59.999,Christina Aguilera,29,
I Saw Mommy Kissing Santa Claus,Ho! Ho! Hoey: The Complete Collection,,,,Downtown Disney District,,,DTDD Nighttime Holiday v.4 [REF],,,00:03:39.733,Gary Hoey,30,
Merry Christmas Baby,A Christmas Celebration of Hope,,,,Downtown Disney District,,,DTDD Nighttime Holiday v.4 [REF],,,00:03:53.345,B.B. King,31,
"Ay, Ay, Ay It's Christmas",Another Rosie Christmas,,,,Downtown Disney District,,,DTDD Nighttime Holiday v.4 [REF],,,00:02:28.258,"Rosie O'Donnell, Ricky Martin",32,
Christmas All Over Again,A Very Special Christmas 2,,,,Downtown Disney District,,,DTDD Nighttime Holiday v.4 [REF],,,00:04:12.897,Tom Petty & The Heartbreakers,33,
Let It Snow,Christmas Carols,,,,"Disneyland Hotel, Pixar Place Hotel",,,"Disneyland Hotel Holiday v.3, Disneyland Hotel Porte-Cochère Holiday, Pixar Place Hotel Holiday","This loop plays at the Pixar Place Hotel (except the Great Maple Modern American Eatery) and plays throughout the Disneyland Hotel, but not outside Trader Sam's, the Sleeping Beauty Pavilion/speakers above Goofy’s, and within Goofy’s Kitchen. The loop also plays inside the individual tower lobbies, including the Discovery Tower and porte-cochère, Loop was introduced in the 2025 holiday season. Preliminary tracklist compiled by Park Sensory and SSrustworthy based on a live reference recording by Park Sensory, https://www.youtube.com/watch?v=Odg6l4MGjc4. See MouseBits, https://forums.mousebits.com/threads/disneyland-resort-christmas-loops-3-0.8247/post-100613.",02:31:19,00:03:31.603,The Eddie Higgins Trio,1,
Blue Christmas,Bossa Nova Christmas,,,,"Disneyland Hotel, Pixar Place Hotel",,,"Disneyland Hotel Holiday v.3, Disneyland Hotel Porte-Cochère Holiday, Pixar Place Hotel Holiday",,,00:03:50.218,Jack Jezzro,2,
Brazillian Sleigh Bells,Snowbound,,,,"Disneyland Hotel, Pixar Place Hotel",,,"Disneyland Hotel Holiday v.3, Disneyland Hotel Porte-Cochère Holiday, Pixar Place Hotel Holiday",,,00:03:01.020,Ferrante & Teicher,3,
Deck The Halls,Let It Snow!: Instrumental Christmas Music,,,,"Disneyland Hotel, Pixar Place Hotel",,,"Disneyland Hotel Holiday v.3, Disneyland Hotel Porte-Cochère Holiday, Pixar Place Hotel Holiday",,,00:02:56.522,Jack Jezzro,4,
Jingle Bells,Christmas Jazz: Instrumental Jazz For The Holidays,,,,"Disneyland Hotel, Pixar Place Hotel",,,"Disneyland Hotel Holiday v.3, Disneyland Hotel Porte-Cochère Holiday, Pixar Place Hotel Holiday",,,00:02:30.197,Beegie Adair,5,
We Wish You a Merry Christmas,Christmas Kitsch,,,,"Disneyland Hotel, Pixar Place Hotel",,,"Disneyland Hotel Holiday v.3, Disneyland Hotel Porte-Cochère Holiday, Pixar Place Hotel Holiday",,,00:03:22.182,Tony Kinsey,6,
Show Me The Magic,Taller (Expanded Edition),,,,"Disneyland Hotel, Pixar Place Hotel",,,"Disneyland Hotel Holiday v.3, Disneyland Hotel Porte-Cochère Holiday, Pixar Place Hotel Holiday",,,00:02:27.968,Jamie Cullum,7,
Ding Dong Merrily on High,Christmas Cocktails: A Jazz Lounge Holiday Collection,,,,"Disneyland Hotel, Pixar Place Hotel",,,"Disneyland Hotel Holiday v.3, Disneyland Hotel Porte-Cochère Holiday, Pixar Place Hotel Holiday",,,00:02:49.005,Candy Cane Trio,8,
Frosty The Snowman,Jazz For Joy: A Verve Christmas Album,,,,"Disneyland Hotel, Pixar Place Hotel",,,"Disneyland Hotel Holiday v.3, Disneyland Hotel Porte-Cochère Holiday, Pixar Place Hotel Holiday",,,00:03:51.479,Roy Hargrove & Christian McBride,9,
God Rest Ye Merry Gentlemen,Christmas Kitsch,,,,"Disneyland Hotel, Pixar Place Hotel",,,"Disneyland Hotel Holiday v.3, Disneyland Hotel Porte-Cochère Holiday, Pixar Place Hotel Holiday",,,00:02:40.607,Jean-Paul Renus & Pierre Le Blanc,10,
Have Yourself a Merry Little Christmas,Jazz At the North Pole,,,,"Disneyland Hotel, Pixar Place Hotel",,,"Disneyland Hotel Holiday v.3, Disneyland Hotel Porte-Cochère Holiday, Pixar Place Hotel Holiday",,,00:04:43.821,Poncho Sanchez,11,
Good King Wenceslas,Jazz At the North Pole,,,,"Disneyland Hotel, Pixar Place Hotel",,,"Disneyland Hotel Holiday v.3, Disneyland Hotel Porte-Cochère Holiday, Pixar Place Hotel Holiday",,,00:01:51.817,Candy Cane Trio,12,
Hark the Herald Angels Sing,Christmas Cocktails: A Jazz Lounge Holiday Collection,,,,"Disneyland Hotel, Pixar Place Hotel",,,"Disneyland Hotel Holiday v.3, Disneyland Hotel Porte-Cochère Holiday, Pixar Place Hotel Holiday",,,00:02:01.800,Candy Cane Trio,13,
Jingle Bells,Bossa Nova Christmas,,,,"Disneyland Hotel, Pixar Place Hotel",,,"Disneyland Hotel Holiday v.3, Disneyland Hotel Porte-Cochère Holiday, Pixar Place Hotel Holiday",,,00:03:01.695,Jack Jezzro,14,
Here Comes Santa Claus,Joy and Peace to You,,,,"Disneyland Hotel, Pixar Place Hotel",,,"Disneyland Hotel Holiday v.3, Disneyland Hotel Porte-Cochère Holiday, Pixar Place Hotel Holiday",,,00:01:34.867,Muzak Orchestra,15,
Le bonhomme de neige,Fantaisie de noël avec Herman Apple,,,,"Disneyland Hotel, Pixar Place Hotel",,,"Disneyland Hotel Holiday v.3, Disneyland Hotel Porte-Cochère Holiday, Pixar Place Hotel Holiday",,,00:02:08.439,Herman Apple,16,
Let It Snow! Let It Snow! Let It Snow!,Christmas Jazz: Instrumental Jazz For The Holidays,,,,"Disneyland Hotel, Pixar Place Hotel",,,"Disneyland Hotel Holiday v.3, Disneyland Hotel Porte-Cochère Holiday, Pixar Place Hotel Holiday",,,00:02:43.142,Denis Solee,17,
O Christmas Tree,Christmas Jazz: Instrumental Jazz For The Holidays,,,,"Disneyland Hotel, Pixar Place Hotel",,,"Disneyland Hotel Holiday v.3, Disneyland Hotel Porte-Cochère Holiday, Pixar Place Hotel Holiday",,,00:03:02.529,George Tidwell,18,
We Wish You a Merry Christmas,A Very Keyboards Christmas,,,,"Disneyland Hotel, Pixar Place Hotel",,,"Disneyland Hotel Holiday v.3, Disneyland Hotel Porte-Cochère Holiday, Pixar Place Hotel Holiday",,,00:03:06.199,Kait Dunton,19,
Mistletoe And Holly,Best Of Beegie Adair: Jazz Piano Christmas Performances,,,,"Disneyland Hotel, Pixar Place Hotel",,,"Disneyland Hotel Holiday v.3, Disneyland Hotel Porte-Cochère Holiday, Pixar Place Hotel Holiday",,,00:03:30.327,Beegie Adair,20,
O Little Town Of Bethlehem,Christmas Jazz: Instrumental Jazz For The Holidays,,,,"Disneyland Hotel, Pixar Place Hotel",,,"Disneyland Hotel Holiday v.3, Disneyland Hotel Porte-Cochère Holiday, Pixar Place Hotel Holiday",,,00:02:42.729,Jack Jezzro,21,
O Swing All Ye Faithful,Only Gift,,,,"Disneyland Hotel, Pixar Place Hotel",,,"Disneyland Hotel Holiday v.3, Disneyland Hotel Porte-Cochère Holiday, Pixar Place Hotel Holiday",,,00:02:57.532,Andrew Morgan Smith and the Lifetimers,22,
Silent Night,Latin Jazz Christmas,,,,"Disneyland Hotel, Pixar Place Hotel",,,"Disneyland Hotel Holiday v.3, Disneyland Hotel Porte-Cochère Holiday, Pixar Place Hotel Holiday",,,00:05:55.823,The Caribbean Jazz Project,23,
Silver Bells,Christmas Jazz: Instrumental Jazz For The Holidays,,,,"Disneyland Hotel, Pixar Place Hotel",,,"Disneyland Hotel Holiday v.3, Disneyland Hotel Porte-Cochère Holiday, Pixar Place Hotel Holiday",,,00:03:22.100,Sam Levine,24,
Home For The Holidays,Jack Jezzro: The Christmas Collection,,,,"Disneyland Hotel, Pixar Place Hotel",,,"Disneyland Hotel Holiday v.3, Disneyland Hotel Porte-Cochère Holiday, Pixar Place Hotel Holiday",,,00:03:44.242,Jack Jezzro,25,
I'll Be Home for Christmas,Jazz for Joy,,,,"Disneyland Hotel, Pixar Place Hotel",,,"Disneyland Hotel Holiday v.3, Disneyland Hotel Porte-Cochère Holiday, Pixar Place Hotel Holiday",,,00:04:28.064,Stephen Scott,26,
My Favorite Things,Cool Jazz Christmas,,,,"Disneyland Hotel, Pixar Place Hotel",,,"Disneyland Hotel Holiday v.3, Disneyland Hotel Porte-Cochère Holiday, Pixar Place Hotel Holiday",,,00:03:27.007,Leif Shires,27,
Rocking Around the Christmas Tree,A Bossa Nova Christmas (The Definitive Edition),,,,"Disneyland Hotel, Pixar Place Hotel",,,"Disneyland Hotel Holiday v.3, Disneyland Hotel Porte-Cochère Holiday, Pixar Place Hotel Holiday",,,00:02:23.429,Nova,28,
Santa Baby,Cozy Christmas,,,,"Disneyland Hotel, Pixar Place Hotel",,,"Disneyland Hotel Holiday v.3, Disneyland Hotel Porte-Cochère Holiday, Pixar Place Hotel Holiday",,,00:04:10.900,Denis Solee,29,
Winter Wonderland,A Very Swingin’ Basie Christmas!,,,,"Disneyland Hotel, Pixar Place Hotel",,,"Disneyland Hotel Holiday v.3, Disneyland Hotel Porte-Cochère Holiday, Pixar Place Hotel Holiday",,,00:03:07.486,The Count Basie Orchestra,30,
Jingle Bells,A Jolly Christmas from Frank Sinatra (50th Anniversary Edition),,,,"Disneyland Hotel, Pixar Place Hotel",,,"Disneyland Hotel Holiday v.3, Disneyland Hotel Porte-Cochère Holiday, Pixar Place Hotel Holiday",,,00:01:58.432,Frank Sinatra,31,
Let It Snow! Let It Snow! Let It Snow!,Crescent City Christmas Card,,,,"Disneyland Hotel, Pixar Place Hotel",,,"Disneyland Hotel Holiday v.3, Disneyland Hotel Porte-Cochère Holiday, Pixar Place Hotel Holiday",,,00:04:16.829,Wynton Marsalis,32,
God Rest Ye Merry Gentlemen,Christmas Cocktails: A Jazz Lounge Holiday Collection,,,,"Disneyland Hotel, Pixar Place Hotel",,,"Disneyland Hotel Holiday v.3, Disneyland Hotel Porte-Cochère Holiday, Pixar Place Hotel Holiday",,,00:01:59.962,Candy Cane Trio,33,
Santa Claus Is Coming to Town,Latin Jazz Christmas,,,,"Disneyland Hotel, Pixar Place Hotel",,,"Disneyland Hotel Holiday v.3, Disneyland Hotel Porte-Cochère Holiday, Pixar Place Hotel Holiday",,,00:05:46.940,Ed Calle & Arturo Sandoval,34,
Sleigh Ride,A Very Swingin’ Basie Christmas!,,,,"Disneyland Hotel, Pixar Place Hotel",,,"Disneyland Hotel Holiday v.3, Disneyland Hotel Porte-Cochère Holiday, Pixar Place Hotel Holiday",,,00:03:47.449,The Count Basie Orchestra,35,
The Christmas Song,"The Legendary Nat King Cole, Vol. 1",,,,"Disneyland Hotel, Pixar Place Hotel",,,"Disneyland Hotel Holiday v.3, Disneyland Hotel Porte-Cochère Holiday, Pixar Place Hotel Holiday",,,00:03:08.677,Nat King Cole,36,
Up On The Housetop,Christmas Jazz: Instrumental Jazz For The Holidays,,,,"Disneyland Hotel, Pixar Place Hotel",,,"Disneyland Hotel Holiday v.3, Disneyland Hotel Porte-Cochère Holiday, Pixar Place Hotel Holiday",,,00:03:06.517,Denis Solee,37,
We Three Kings,Christmas Cocktails: A Jazz Lounge Holiday Collection,,,,"Disneyland Hotel, Pixar Place Hotel",,,"Disneyland Hotel Holiday v.3, Disneyland Hotel Porte-Cochère Holiday, Pixar Place Hotel Holiday",,,00:02:34.787,Candy Cane Trio,38,
The Christmas Waltz,Jazz Piano Christmas,,,,"Disneyland Hotel, Pixar Place Hotel",,,"Disneyland Hotel Holiday v.3, Disneyland Hotel Porte-Cochère Holiday, Pixar Place Hotel Holiday",,,00:02:40.708,Beegie Adair,39,
Christmas Trumpets / We Wish You a Very Merry Christmas,Ultra-Lounge,,,,"Disneyland Hotel, Pixar Place Hotel",,,"Disneyland Hotel Holiday v.3, Disneyland Hotel Porte-Cochère Holiday, Pixar Place Hotel Holiday",,,00:04:24.891,Ray Anthony,40,
While Shepherds Watched Their Flocks,Christmas Cocktails: A Jazz Lounge Holiday Collection,,,,"Disneyland Hotel, Pixar Place Hotel",,,"Disneyland Hotel Holiday v.3, Disneyland Hotel Porte-Cochère Holiday, Pixar Place Hotel Holiday",,,00:02:19.937,Candy Cane Trio,41,
Jingle Bells,Latin Jazz Christmas,,,,"Disneyland Hotel, Pixar Place Hotel",,,"Disneyland Hotel Holiday v.3, Disneyland Hotel Porte-Cochère Holiday, Pixar Place Hotel Holiday",,,00:06:54.035,"Ed Calle, Arturo Sandoval & Jim Gasior",42,
Santa Claus Is Coming To Town,The Best of Bill Evans On Verve,,,,"Disneyland Hotel, Pixar Place Hotel",,,"Disneyland Hotel Holiday v.3, Disneyland Hotel Porte-Cochère Holiday, Pixar Place Hotel Holiday",,,00:04:22.081,Bill Evans,43,
O Christmas Tree,Christmas Cocktails: A Jazz Lounge Holiday Collection,,,,"Disneyland Hotel, Pixar Place Hotel",,,"Disneyland Hotel Holiday v.3, Disneyland Hotel Porte-Cochère Holiday, Pixar Place Hotel Holiday",,,00:02:10.226,Candy Cane Trio,44,
White Christmas,Cheek to Cheek,,,,"Disneyland Hotel, Pixar Place Hotel",,,"Disneyland Hotel Holiday v.3, Disneyland Hotel Porte-Cochère Holiday, Pixar Place Hotel Holiday",,,00:02:22.574,Beegie Adair,45,
Winter Wonderland,Christmas Jazz: Instrumental Jazz For The Holidays,,,,"Disneyland Hotel, Pixar Place Hotel",,,"Disneyland Hotel Holiday v.3, Disneyland Hotel Porte-Cochère Holiday, Pixar Place Hotel Holiday",,,00:02:43.551,Jack Jezzro,46,
Away in a Manger,Christmas Cocktails: A Jazz Lounge Holiday Collection,,,,"Disneyland Hotel, Pixar Place Hotel",,,"Disneyland Hotel Holiday v.3, Disneyland Hotel Porte-Cochère Holiday, Pixar Place Hotel Holiday",,,00:01:37.025,Candy Cane Trio,47,
Love & Life,Love & Life,,,,Disney's Grand Californian Hotel & Spa,,,Napa Rose v.2 [INC],"This loop plays in the Napa Rose entrance and dining area. It replaced the first version of the loop with the opening of the refurbished restaurant on February 6, 2026. This is an incomplete playlist based on a shazam by pixelated.",Unknown,,Chip Wickham,1,